name,size_category,family,qubits,gates,mode,anomaly,severity,SIS,IGSL,IGSL_edge_diff,IGSL_node_diff,IGSL_order_diff,IGSL_interaction_diff,IGSL_usage_diff,IGSL_time_sec,SIS_depth_only,SIS_gate_only,SIS_cnot_only,SIS_no_topo,SIS_no_cnot,JSD_dist,OIS_sim,OIS_time_sec,TVD,Fidelity,primary_sis_component
adder_n10.qasm,small,Arithmetic,10,19,fixed,none,fixed,1.0,1.0,0.0,0.0,0.0,0.0,0.0,0.0084494,1.0,1.0,1.0,1.0,1.0,0.0,1.0,0.3369332,0.0,,all
adder_n10.qasm,small,Arithmetic,10,19,fixed,gate_deletion_1q,fixed,0.97805,0.603669,1.0,0.539369,0.263158,0.0,0.049206,0.0061786,1.0,0.947368,1.0,0.982456,0.970734,1.0,0.0,0.2707615,1.0,,"gate_count, depth"
adder_n10.qasm,small,Arithmetic,10,19,fixed,gate_deletion_2q,fixed,0.696726,0.594113,0.681818,0.17687,0.157895,1.0,0.101307,0.0060647,0.909091,0.947368,0.0,0.61882,0.928968,1.0,0.0,0.2630125,1.0,,"gate_count, CNOT_count, depth"
adder_n10.qasm,small,Arithmetic,10,19,fixed,gate_insertion,fixed,0.978095,0.592024,1.0,0.551061,0.3,0.0,0.051051,0.0159644,1.0,0.947368,1.0,0.982456,0.970794,0.562084,0.437916,0.2619899,0.505859,,"gate_count, depth increase"
adder_n10.qasm,small,Arithmetic,10,19,fixed,gate_substitution,fixed,1.0,0.98747,0.0,0.005725,0.052632,0.0,0.0,0.0062318,1.0,1.0,1.0,1.0,1.0,0.569016,0.430984,0.2603152,0.515625,,DAG_topology only
adder_n10.qasm,small,Arithmetic,10,19,fixed,gate_reorder,fixed,1.0,0.54217,1.0,0.578763,0.526316,0.0,0.0,0.0056567,1.0,1.0,1.0,1.0,1.0,1.0,0.0,0.6220232,1.0,,DAG_topology only
adder_n10.qasm,small,Arithmetic,10,19,fixed,trojan_NOT,fixed,0.978095,0.604027,1.0,0.545336,0.25,0.0,0.051051,0.0065488,1.0,0.947368,1.0,0.982456,0.970794,1.0,0.0,0.5331194,1.0,,gate_count only
adder_n10.qasm,small,Arithmetic,10,19,fixed,trojan_H,fixed,0.978095,0.592024,1.0,0.551061,0.3,0.0,0.051051,0.0058123,1.0,0.947368,1.0,0.982456,0.970794,0.555842,0.444158,0.4464167,0.49707,,gate_count only
adder_n10.qasm,small,Arithmetic,10,19,fixed,qubit_swap,fixed,0.978095,0.674909,0.409091,0.129279,0.05,1.0,0.084795,0.0056285,1.0,0.947368,1.0,0.982456,0.970794,1.0,0.0,0.4472281,1.0,,"CNOT_count, DAG_topology"
adder_n10_transpiled.qasm,small,Arithmetic,10,171,fixed,none,fixed,1.0,1.0,0.0,0.0,0.0,0.0,0.0,0.0374952,1.0,1.0,1.0,1.0,1.0,0.0,1.0,0.3787568,0.0,,all
adder_n10_transpiled.qasm,small,Arithmetic,10,171,fixed,gate_deletion_1q,fixed,0.997599,0.491998,0.827434,0.63702,0.80117,0.0,0.00696,0.0343106,1.0,0.994152,1.0,0.998051,0.996798,1.0,0.0,0.3353791,1.0,,"gate_count, depth"
adder_n10_transpiled.qasm,small,Arithmetic,10,171,fixed,gate_deletion_2q,fixed,0.990732,0.487575,0.831858,0.640638,0.795322,0.015385,0.012821,0.0357909,0.991667,0.994152,0.984615,0.990145,0.99277,1.0,0.0,0.3169201,1.0,,"gate_count, CNOT_count, depth"
adder_n10_transpiled.qasm,small,Arithmetic,10,171,fixed,gate_insertion,fixed,0.997599,0.688438,0.544248,0.395544,0.453488,0.0,0.007867,0.0381158,1.0,0.994152,1.0,0.998051,0.996798,0.529427,0.470573,0.351049,0.459961,,"gate_count, depth increase"
adder_n10_transpiled.qasm,small,Arithmetic,10,171,fixed,gate_substitution,fixed,1.0,0.998518,0.0,0.000892,0.005848,0.0,0.0,0.0369034,1.0,1.0,1.0,1.0,1.0,0.539175,0.460825,0.3530944,0.473633,,DAG_topology only
adder_n10_transpiled.qasm,small,Arithmetic,10,171,fixed,gate_reorder,fixed,1.0,0.543108,0.884956,0.55187,0.654971,0.0,0.0,0.0399076,1.0,1.0,1.0,1.0,1.0,1.0,0.0,0.6325381,1.0,,DAG_topology only
adder_n10_transpiled.qasm,small,Arithmetic,10,171,fixed,trojan_NOT,fixed,0.997599,0.661048,0.438053,0.323157,0.796512,0.0,0.008367,0.0356048,1.0,0.994152,1.0,0.998051,0.996798,1.0,0.0,0.3142614,1.0,,gate_count only
adder_n10_transpiled.qasm,small,Arithmetic,10,171,fixed,trojan_H,fixed,0.997599,0.65979,0.438053,0.323429,0.802326,0.0,0.008367,0.0331829,1.0,0.994152,1.0,0.998051,0.996798,0.552373,0.447627,0.2894681,0.492188,,gate_count only
adder_n10_transpiled.qasm,small,Arithmetic,10,171,fixed,qubit_swap,fixed,0.997598,0.980794,0.044248,0.020136,0.005814,0.015385,0.012819,0.032638,1.0,0.994152,1.0,0.998051,0.996797,1.0,0.0,0.2958054,1.0,,"CNOT_count, DAG_topology"
adder_n4.qasm,small,Arithmetic,4,27,fixed,none,fixed,1.0,1.0,0.0,0.0,0.0,0.0,0.0,0.0054526,1.0,1.0,1.0,1.0,1.0,0.0,1.0,0.4106931,0.0,,all
adder_n4.qasm,small,Arithmetic,4,27,fixed,gate_deletion_1q,fixed,0.984584,0.519548,1.0,0.657003,0.481481,0.0,0.042042,0.0050333,1.0,0.962963,1.0,0.987654,0.979445,1.0,0.0,0.3966614,1.0,,"gate_count, depth"
adder_n4.qasm,small,Arithmetic,4,27,fixed,gate_deletion_2q,fixed,0.932734,0.566238,1.0,0.505798,0.407407,0.1,0.05251,0.0051682,0.916667,0.962963,0.9,0.926543,0.943646,0.0,1.0,0.3648344,0.0,,"gate_count, CNOT_count, depth"
adder_n4.qasm,small,Arithmetic,4,27,fixed,gate_insertion,fixed,0.960765,0.745498,0.515152,0.312535,0.321429,0.0,0.035562,0.0054063,0.916667,0.962963,1.0,0.959877,0.947686,1.0,0.0,0.3459703,1.0,,"gate_count, depth increase"
adder_n4.qasm,small,Arithmetic,4,27,fixed,gate_substitution,fixed,1.0,0.989592,0.0,0.008574,0.037037,0.0,0.0,0.005257,1.0,1.0,1.0,1.0,1.0,0.570403,0.429597,0.3385031,0.517578,,DAG_topology only
adder_n4.qasm,small,Arithmetic,4,27,fixed,gate_reorder,fixed,1.0,0.401545,1.0,0.773363,0.888889,0.0,0.0,0.0053747,1.0,1.0,1.0,1.0,1.0,1.0,0.0,0.3482719,1.0,,DAG_topology only
adder_n4.qasm,small,Arithmetic,4,27,fixed,trojan_NOT,fixed,0.984595,0.543615,1.0,0.598293,0.464286,0.0,0.041252,0.0054283,1.0,0.962963,1.0,0.987654,0.979461,1.0,0.0,0.3489785,1.0,,gate_count only
adder_n4.qasm,small,Arithmetic,4,27,fixed,trojan_H,fixed,0.984595,0.533471,1.0,0.606867,0.5,0.0,0.041252,0.0057514,1.0,0.962963,1.0,0.987654,0.979461,0.564857,0.435143,0.3544458,0.509766,,gate_count only
adder_n4.qasm,small,Arithmetic,4,27,fixed,qubit_swap,fixed,0.984603,0.90981,0.181818,0.086374,0.035714,0.1,0.05544,0.005813,1.0,0.962963,1.0,0.987654,0.979471,1.0,0.0,0.351344,1.0,,"CNOT_count, DAG_topology"
adder_n4_transpiled.qasm,small,Arithmetic,4,31,fixed,none,fixed,1.0,1.0,0.0,0.0,0.0,0.0,0.0,0.0060894,1.0,1.0,1.0,1.0,1.0,0.0,1.0,0.2901567,0.0,,all
adder_n4_transpiled.qasm,small,Arithmetic,4,31,fixed,gate_deletion_1q,fixed,0.986578,0.496355,1.0,0.612169,0.677419,0.0,0.039024,0.0058963,1.0,0.967742,1.0,0.989247,0.982103,1.0,0.0,0.2766605,1.0,,"gate_count, depth"
adder_n4_transpiled.qasm,small,Arithmetic,4,31,fixed,gate_deletion_2q,fixed,0.958904,0.533461,1.0,0.516737,0.548387,0.1,0.060038,0.005863,1.0,0.967742,0.9,0.955914,0.978539,1.0,0.0,0.2634342,1.0,,"gate_count, CNOT_count, depth"
adder_n4_transpiled.qasm,small,Arithmetic,4,31,fixed,gate_insertion,fixed,0.986584,0.855679,0.351351,0.215102,0.0625,0.0,0.038328,0.0061048,1.0,0.967742,1.0,0.989247,0.982112,0.543346,0.456654,0.2648732,0.479492,,"gate_count, depth increase"
adder_n4_transpiled.qasm,small,Arithmetic,4,31,fixed,gate_substitution,fixed,1.0,0.991043,0.0,0.007157,0.032258,0.0,0.0,0.006087,1.0,1.0,1.0,1.0,1.0,0.554455,0.445545,0.2638082,0.495117,,DAG_topology only
adder_n4_transpiled.qasm,small,Arithmetic,4,31,fixed,gate_reorder,fixed,1.0,0.443304,1.0,0.719591,0.774194,0.0,0.0,0.0059069,1.0,1.0,1.0,1.0,1.0,1.0,0.0,0.2707953,1.0,,DAG_topology only
adder_n4_transpiled.qasm,small,Arithmetic,4,31,fixed,trojan_NOT,fixed,0.986584,0.518096,1.0,0.562345,0.65625,0.0,0.038328,0.0061867,1.0,0.967742,1.0,0.989247,0.982112,1.0,0.0,0.2780658,1.0,,gate_count only
adder_n4_transpiled.qasm,small,Arithmetic,4,31,fixed,trojan_H,fixed,0.986584,0.509341,1.0,0.569502,0.6875,0.0,0.038328,0.0062125,1.0,0.967742,1.0,0.989247,0.982112,0.546819,0.453181,0.2699573,0.484375,,gate_count only
adder_n4_transpiled.qasm,small,Arithmetic,4,31,fixed,qubit_swap,fixed,0.986568,0.918746,0.162162,0.072099,0.03125,0.1,0.054453,0.0063011,1.0,0.967742,1.0,0.989247,0.982091,1.0,0.0,0.2783068,1.0,,"CNOT_count, DAG_topology"
basis_change_n3.qasm,small,Other,3,36,fixed,none,fixed,1.0,1.0,0.0,0.0,0.0,0.0,0.0,0.0074334,1.0,1.0,1.0,1.0,1.0,0.0,1.0,0.2876424,0.0,,all
basis_change_n3.qasm,small,Other,3,36,fixed,gate_deletion_1q,fixed,0.98804,0.483649,1.0,0.688677,0.611111,0.0,0.030918,0.0068494,1.0,0.972222,1.0,0.990741,0.984054,0.557229,0.442771,0.285392,0.499023,,"gate_count, depth"
basis_change_n3.qasm,small,Other,3,36,fixed,gate_deletion_2q,fixed,0.974155,0.471372,1.0,0.685671,0.583333,0.1,0.019763,0.0070463,0.954545,0.972222,1.0,0.975589,0.96554,0.738514,0.261486,0.2957655,0.74707,,"gate_count, CNOT_count, depth"
basis_change_n3.qasm,small,Other,3,36,fixed,gate_insertion,fixed,0.974197,0.51002,1.0,0.638589,0.567568,0.0,0.029602,0.0071592,0.954545,0.972222,1.0,0.975589,0.965596,1.0,0.0,0.2757387,1.0,,"gate_count, depth increase"
basis_change_n3.qasm,small,Other,3,36,fixed,gate_substitution,fixed,1.0,1.0,0.0,0.0,0.0,0.0,0.0,0.0085135,1.0,1.0,1.0,1.0,1.0,0.0,1.0,0.285523,0.0,,DAG_topology only
basis_change_n3.qasm,small,Other,3,36,fixed,gate_reorder,fixed,1.0,0.487788,1.0,0.622193,0.722222,0.0,0.0,0.0076013,1.0,1.0,1.0,1.0,1.0,0.754698,0.245302,0.2933714,0.767578,,DAG_topology only
basis_change_n3.qasm,small,Other,3,36,fixed,trojan_NOT,fixed,0.988043,0.463709,1.0,0.738961,0.621622,0.0,0.033302,0.0076506,1.0,0.972222,1.0,0.990741,0.984057,1.0,0.0,0.297157,1.0,,gate_count only
basis_change_n3.qasm,small,Other,3,36,fixed,trojan_H,fixed,0.988043,0.464548,1.0,0.736565,0.621622,0.0,0.033302,0.0072191,1.0,0.972222,1.0,0.990741,0.984057,0.569016,0.430984,0.2838657,0.515625,,gate_count only
basis_change_n3.qasm,small,Other,3,36,fixed,qubit_swap,fixed,0.97416,0.936155,0.093023,0.062713,0.027027,0.1,0.025362,0.007387,0.954545,0.972222,1.0,0.975589,0.965547,0.0,1.0,0.3029852,0.0,,"CNOT_count, DAG_topology"
basis_change_n3_transpiled.qasm,small,Other,3,88,fixed,none,fixed,1.0,1.0,0.0,0.0,0.0,0.0,0.0,0.0157098,1.0,1.0,1.0,1.0,1.0,0.0,1.0,0.2839891,0.0,,all
basis_change_n3_transpiled.qasm,small,Other,3,88,fixed,gate_deletion_1q,fixed,0.9951,0.444167,0.747368,0.711396,0.965909,0.0,0.015569,0.0154763,1.0,0.988636,1.0,0.996212,0.993467,0.0,1.0,0.2749498,0.0,,"gate_count, depth"
basis_change_n3_transpiled.qasm,small,Other,3,88,fixed,gate_deletion_2q,fixed,0.963118,0.461679,0.694737,0.660776,0.909091,0.1,0.010204,0.0157062,0.980392,0.988636,0.9,0.956343,0.984158,0.753143,0.246857,0.2604825,0.765625,,"gate_count, CNOT_count, depth"
basis_change_n3_transpiled.qasm,small,Other,3,88,fixed,gate_insertion,fixed,0.9951,0.456963,0.747368,0.706812,0.910112,0.0,0.015255,0.0154545,1.0,0.988636,1.0,0.996212,0.993467,1.0,0.0,0.2581467,1.0,,"gate_count, depth increase"
basis_change_n3_transpiled.qasm,small,Other,3,88,fixed,gate_substitution,fixed,1.0,0.995686,0.0,0.005832,0.011364,0.0,0.0,0.0152471,1.0,1.0,1.0,1.0,1.0,0.0,1.0,0.2561856,0.0,,DAG_topology only
basis_change_n3_transpiled.qasm,small,Other,3,88,fixed,gate_reorder,fixed,1.0,0.505907,0.631579,0.725434,0.727273,0.0,0.0,0.0158439,1.0,1.0,1.0,1.0,1.0,0.0,1.0,0.2637606,0.0,,DAG_topology only
basis_change_n3_transpiled.qasm,small,Other,3,88,fixed,trojan_NOT,fixed,0.9951,0.450076,0.747368,0.707226,0.94382,0.0,0.015255,0.0157263,1.0,0.988636,1.0,0.996212,0.993467,1.0,0.0,0.2669589,1.0,,gate_count only
basis_change_n3_transpiled.qasm,small,Other,3,88,fixed,trojan_H,fixed,0.9951,0.450221,0.747368,0.706812,0.94382,0.0,0.015255,0.015788,1.0,0.988636,1.0,0.996212,0.993467,1.0,0.0,0.2607921,1.0,,gate_count only
basis_change_n3_transpiled.qasm,small,Other,3,88,fixed,qubit_swap,fixed,0.989155,0.962011,0.042105,0.024015,0.011236,0.1,0.010204,0.0158959,0.980392,0.988636,1.0,0.989676,0.98554,0.0,1.0,0.2603059,0.0,,"CNOT_count, DAG_topology"
basis_test_n4.qasm,small,Other,4,102,fixed,none,fixed,1.0,1.0,0.0,0.0,0.0,0.0,0.0,0.0199347,1.0,1.0,1.0,1.0,1.0,0.0,1.0,0.2781353,0.0,,all
basis_test_n4.qasm,small,Other,4,102,fixed,gate_deletion_1q,fixed,0.995851,0.526252,0.825758,0.620865,0.656863,0.0,0.012092,0.0203848,1.0,0.990196,1.0,0.996732,0.994469,0.0,1.0,0.2903038,0.0,,"gate_count, depth"
basis_test_n4.qasm,small,Other,4,102,fixed,gate_deletion_2q,fixed,0.98084,0.537877,0.80303,0.59261,0.637255,0.029412,0.009219,0.0193438,0.982456,0.990196,0.964286,0.978979,0.986358,0.0,1.0,0.2820159,0.0,,"gate_count, CNOT_count, depth"
basis_test_n4.qasm,small,Other,4,102,fixed,gate_insertion,fixed,0.995852,0.693718,0.674242,0.455127,0.223301,0.0,0.011915,0.0207617,1.0,0.990196,1.0,0.996732,0.994469,0.544736,0.455264,0.2898784,0.481445,,"gate_count, depth increase"
basis_test_n4.qasm,small,Other,4,102,fixed,gate_substitution,fixed,1.0,0.99685,0.0,0.003399,0.009804,0.0,0.0,0.0188786,1.0,1.0,1.0,1.0,1.0,1.0,0.0,0.2642794,1.0,,DAG_topology only
basis_test_n4.qasm,small,Other,4,102,fixed,gate_reorder,fixed,1.0,0.516984,0.727273,0.653792,0.72549,0.0,0.0,0.0195516,1.0,1.0,1.0,1.0,1.0,0.0,1.0,0.275187,0.0,,DAG_topology only
basis_test_n4.qasm,small,Other,4,102,fixed,trojan_NOT,fixed,0.995852,0.623444,0.598485,0.438476,0.660194,0.0,0.012774,0.0190063,1.0,0.990196,1.0,0.996732,0.994469,1.0,0.0,0.2727707,1.0,,gate_count only
basis_test_n4.qasm,small,Other,4,102,fixed,trojan_H,fixed,0.995852,0.623531,0.598485,0.438228,0.660194,0.0,0.012774,0.0188965,1.0,0.990196,1.0,0.996732,0.994469,0.555148,0.444852,0.2590664,0.496094,,gate_count only
basis_test_n4.qasm,small,Other,4,102,fixed,qubit_swap,fixed,0.990617,0.975412,0.045455,0.024642,0.009709,0.029412,0.013214,0.0187578,0.982456,0.990196,1.0,0.990884,0.987489,0.0,1.0,0.2782411,0.0,,"CNOT_count, DAG_topology"
basis_test_n4_transpiled.qasm,small,Other,4,117,fixed,none,fixed,1.0,1.0,0.0,0.0,0.0,0.0,0.0,0.0218813,1.0,1.0,1.0,1.0,1.0,0.0,1.0,0.2659751,0.0,,all
basis_test_n4_transpiled.qasm,small,Other,4,117,fixed,gate_deletion_1q,fixed,0.996472,0.537486,0.673469,0.595329,0.760684,0.0,0.009922,0.0222833,1.0,0.991453,1.0,0.997151,0.995296,0.0,1.0,0.2705657,0.0,,"gate_count, depth"
basis_test_n4_transpiled.qasm,small,Other,4,117,fixed,gate_deletion_2q,fixed,0.986269,0.537892,0.680272,0.584371,0.752137,0.021739,0.007621,0.0211176,0.986486,0.991453,0.978261,0.9854,0.988938,0.0,1.0,0.2555124,0.0,,"gate_count, CNOT_count, depth"
basis_test_n4_transpiled.qasm,small,Other,4,117,fixed,gate_insertion,fixed,0.992401,0.636643,0.537415,0.442294,0.635593,0.0,0.00823,0.021552,0.986486,0.991453,1.0,0.992646,0.989869,0.56139,0.43861,0.2574164,0.504883,,"gate_count, depth increase"
basis_test_n4_transpiled.qasm,small,Other,4,117,fixed,gate_substitution,fixed,1.0,0.997329,0.0,0.002749,0.008547,0.0,0.0,0.0214251,1.0,1.0,1.0,1.0,1.0,0.0,1.0,0.2584354,0.0,,DAG_topology only
basis_test_n4_transpiled.qasm,small,Other,4,117,fixed,gate_reorder,fixed,1.0,0.542508,0.639456,0.652116,0.666667,0.0,0.0,0.0214995,1.0,1.0,1.0,1.0,1.0,0.0,1.0,0.2633894,0.0,,DAG_topology only
basis_test_n4_transpiled.qasm,small,Other,4,117,fixed,trojan_NOT,fixed,0.996472,0.614074,0.52381,0.439221,0.762712,0.0,0.010848,0.0225779,1.0,0.991453,1.0,0.997151,0.995296,1.0,0.0,0.2607952,1.0,,gate_count only
basis_test_n4_transpiled.qasm,small,Other,4,117,fixed,trojan_H,fixed,0.996472,0.614289,0.52381,0.438607,0.762712,0.0,0.010848,0.0216359,1.0,0.991453,1.0,0.997151,0.995296,0.566937,0.433063,0.2646927,0.512695,,gate_count only
basis_test_n4_transpiled.qasm,small,Other,4,117,fixed,qubit_swap,fixed,0.992397,0.979685,0.040816,0.020268,0.008475,0.021739,0.01056,0.0213399,0.986486,0.991453,1.0,0.992646,0.989863,0.0,1.0,0.2565505,0.0,,"CNOT_count, DAG_topology"
basis_trotter_n4.qasm,small,Simulation,4,1510,fixed,none,fixed,1.0,1.0,0.0,0.0,0.0,0.0,0.0,0.139583,1.0,1.0,1.0,1.0,1.0,0.0,1.0,0.3395148,0.0,,all
basis_trotter_n4.qasm,small,Simulation,4,1510,fixed,gate_deletion_1q,fixed,0.999717,0.506185,0.806402,0.626831,0.766887,0.0,0.000861,0.1385973,1.0,0.999338,1.0,0.999779,0.999622,0.0,1.0,0.2539776,0.0,,"gate_count, depth"
basis_trotter_n4.qasm,small,Simulation,4,1510,fixed,gate_deletion_2q,fixed,0.99867,0.506895,0.804878,0.625049,0.765563,0.002165,0.000612,0.1400555,0.998773,0.999338,0.997512,0.998541,0.999056,0.0,1.0,0.2502333,0.0,,"gate_count, CNOT_count, depth"
basis_trotter_n4.qasm,small,Simulation,4,1510,fixed,gate_insertion,fixed,0.999351,0.882749,0.196646,0.148051,0.179351,0.0,0.000661,0.1390986,0.998773,0.999338,1.0,0.99937,0.999135,0.56347,0.43653,0.2542644,0.507812,,"gate_count, depth increase"
basis_trotter_n4.qasm,small,Simulation,4,1510,fixed,gate_substitution,fixed,1.0,0.999792,0.0,0.000214,0.000662,0.0,0.0,0.1357312,1.0,1.0,1.0,1.0,1.0,1.0,0.0,0.2515488,1.0,,DAG_topology only
basis_trotter_n4.qasm,small,Simulation,4,1510,fixed,gate_reorder,fixed,1.0,0.494763,0.845528,0.658837,0.739073,0.0,0.0,0.1328659,1.0,1.0,1.0,1.0,1.0,0.985123,0.014877,0.3846763,0.993164,,DAG_topology only
basis_trotter_n4.qasm,small,Simulation,4,1510,fixed,trojan_NOT,fixed,0.999717,0.512469,0.791159,0.615323,0.767042,0.0,0.000862,0.1384247,1.0,0.999338,1.0,0.999779,0.999622,1.0,0.0,0.250731,1.0,,gate_count only
basis_trotter_n4.qasm,small,Simulation,4,1510,fixed,trojan_H,fixed,0.999717,0.512474,0.791159,0.615308,0.767042,0.0,0.000862,0.1419018,1.0,0.999338,1.0,0.999779,0.999622,0.56971,0.43029,0.2500213,0.516602,,gate_count only
basis_trotter_n4.qasm,small,Simulation,4,1510,fixed,qubit_swap,fixed,0.999351,0.998332,0.003049,0.001555,0.000662,0.002165,0.00101,0.1411394,0.998773,0.999338,1.0,0.99937,0.999135,0.0,1.0,0.380557,0.0,,"CNOT_count, DAG_topology"
bb84_n8.qasm,small,Communication,8,43,fixed,none,fixed,1.0,1.0,0.0,0.0,0.0,0.0,0.0,0.0079543,1.0,1.0,1.0,1.0,1.0,0.10667,0.89333,0.233863,0.102539,,all
bb84_n8.qasm,small,Communication,8,43,fixed,gate_deletion_1q,fixed,0.989129,0.653736,1.0,0.362367,0.325581,0.0,0.043189,0.0075712,1.0,0.976744,1.0,0.992248,0.985505,1.0,0.0,0.2800645,1.0,,"gate_count, depth"
bb84_n8.qasm,small,Communication,8,43,fixed,gate_deletion_2q,fixed,1.0,1.0,0.0,0.0,0.0,0.0,0.0,0.0078573,1.0,1.0,1.0,1.0,1.0,0.100166,0.899834,0.2758797,0.091797,,"gate_count, CNOT_count, depth"
bb84_n8.qasm,small,Communication,8,43,fixed,gate_insertion,fixed,0.95091,0.901024,0.348837,0.096439,0.045455,0.0,0.038055,0.0084029,0.857143,0.976744,1.0,0.944629,0.934547,0.086875,0.913125,0.2817248,0.084961,,"gate_count, depth increase"
bb84_n8.qasm,small,Communication,8,43,fixed,gate_substitution,fixed,1.0,0.993797,0.0,0.004434,0.023256,0.0,0.0,0.0075576,1.0,1.0,1.0,1.0,1.0,0.560251,0.439749,0.2771366,0.495117,,DAG_topology only
bb84_n8.qasm,small,Communication,8,43,fixed,gate_reorder,fixed,1.0,0.49892,0.883721,0.654249,0.697674,0.0,0.0,0.0076467,1.0,1.0,1.0,1.0,1.0,1.0,0.0,0.2691095,1.0,,DAG_topology only
bb84_n8.qasm,small,Communication,8,43,fixed,trojan_NOT,fixed,0.989131,0.674323,1.0,0.308034,0.318182,0.0,0.042283,0.0073348,1.0,0.976744,1.0,0.992248,0.985508,0.101945,0.898055,0.280555,0.092773,,gate_count only
bb84_n8.qasm,small,Communication,8,43,fixed,trojan_H,fixed,0.989131,0.67133,1.0,0.3036,0.340909,0.0,0.042283,0.0078009,1.0,0.976744,1.0,0.992248,0.985508,0.100762,0.899238,0.279506,0.103516,,gate_count only
bb84_n8.qasm,small,Communication,8,43,fixed,qubit_swap,fixed,0.989102,0.638907,0.604651,0.168651,0.022727,1.0,0.068217,0.0076952,1.0,0.976744,1.0,0.992248,0.985469,0.11473,0.88527,0.2753519,0.110352,,"CNOT_count, DAG_topology"
bb84_n8_transpiled.qasm,small,Communication,8,39,fixed,none,fixed,1.0,1.0,0.0,0.0,0.0,0.0,0.0,0.0071458,1.0,1.0,1.0,1.0,1.0,0.126107,0.873893,0.2832741,0.125977,,all
bb84_n8_transpiled.qasm,small,Communication,8,39,fixed,gate_deletion_1q,fixed,0.988146,0.546311,1.0,0.42928,0.74359,0.0,0.047233,0.0069456,1.0,0.974359,1.0,0.991453,0.984195,1.0,0.0,0.2913966,1.0,,"gate_count, depth"
bb84_n8_transpiled.qasm,small,Communication,8,39,fixed,gate_deletion_2q,fixed,1.0,1.0,0.0,0.0,0.0,0.0,0.0,0.0071497,1.0,1.0,1.0,1.0,1.0,0.107282,0.892718,0.2835469,0.104492,,"gate_count, CNOT_count, depth"
bb84_n8_transpiled.qasm,small,Communication,8,39,fixed,gate_insertion,fixed,0.988149,0.580756,1.0,0.427875,0.575,0.0,0.044872,0.0072855,1.0,0.974359,1.0,0.991453,0.984198,0.568657,0.431343,0.2765699,0.495117,,"gate_count, depth increase"
bb84_n8_transpiled.qasm,small,Communication,8,39,fixed,gate_substitution,fixed,1.0,0.993261,0.0,0.004603,0.025641,0.0,0.0,0.0071723,1.0,1.0,1.0,1.0,1.0,0.569215,0.430785,0.2824286,0.503906,,DAG_topology only
bb84_n8_transpiled.qasm,small,Communication,8,39,fixed,gate_reorder,fixed,1.0,0.477635,0.810811,0.676117,0.820513,0.0,0.0,0.00702,1.0,1.0,1.0,1.0,1.0,1.0,0.0,0.2758935,1.0,,DAG_topology only
bb84_n8_transpiled.qasm,small,Communication,8,39,fixed,trojan_NOT,fixed,0.988149,0.551687,1.0,0.424483,0.725,0.0,0.047436,0.0074912,1.0,0.974359,1.0,0.991453,0.984198,1.0,0.0,0.2795787,1.0,,gate_count only
bb84_n8_transpiled.qasm,small,Communication,8,39,fixed,trojan_H,fixed,0.988149,0.547179,1.0,0.423078,0.75,0.0,0.047436,0.0076719,1.0,0.974359,1.0,0.991453,0.984198,0.570028,0.429972,0.2801035,0.50293,,gate_count only
bb84_n8_transpiled.qasm,small,Communication,8,39,fixed,qubit_swap,fixed,0.988111,0.638712,0.594595,0.168124,0.025,1.0,0.082552,0.0073681,1.0,0.974359,1.0,0.991453,0.984147,0.092645,0.907355,0.282103,0.088867,,"CNOT_count, DAG_topology"
bell_n4.qasm,small,State Prep,4,37,fixed,none,fixed,1.0,1.0,0.0,0.0,0.0,0.0,0.0,0.0073065,1.0,1.0,1.0,1.0,1.0,0.067748,0.932252,0.2779017,0.05957,,all
bell_n4.qasm,small,State Prep,4,37,fixed,gate_deletion_1q,fixed,0.967964,0.494754,0.875,0.642511,0.72973,0.0,0.031712,0.0070724,0.928571,0.972973,1.0,0.967181,0.957285,0.520941,0.479059,0.2793748,0.460938,,"gate_count, depth"
bell_n4.qasm,small,State Prep,4,37,fixed,gate_deletion_2q,fixed,0.929696,0.475555,0.8,0.661248,0.702703,0.142857,0.038961,0.0069892,0.928571,0.972973,0.857143,0.919562,0.95388,0.524253,0.475747,0.2740949,0.472656,,"gate_count, CNOT_count, depth"
bell_n4.qasm,small,State Prep,4,37,fixed,gate_insertion,fixed,0.967967,0.720091,0.625,0.432998,0.157895,0.0,0.030303,0.0073257,0.928571,0.972973,1.0,0.967181,0.957289,0.436717,0.563283,0.2811959,0.363281,,"gate_count, depth increase"
bell_n4.qasm,small,State Prep,4,37,fixed,gate_substitution,fixed,1.0,0.992156,0.0,0.006967,0.027027,0.0,0.0,0.0070386,1.0,1.0,1.0,1.0,1.0,0.489961,0.510039,0.2755301,0.417969,,DAG_topology only
bell_n4.qasm,small,State Prep,4,37,fixed,gate_reorder,fixed,1.0,0.368699,0.8,0.997538,0.810811,0.0,0.0,0.0069896,1.0,1.0,1.0,1.0,1.0,0.960587,0.039413,0.2843959,0.9375,,DAG_topology only
bell_n4.qasm,small,State Prep,4,37,fixed,trojan_NOT,fixed,0.98828,0.49307,0.875,0.642218,0.736842,0.0,0.035354,0.0073938,1.0,0.972973,1.0,0.990991,0.984374,0.056538,0.943462,0.2718385,0.045898,,gate_count only
bell_n4.qasm,small,State Prep,4,37,fixed,trojan_H,fixed,0.98828,0.500772,0.875,0.63525,0.710526,0.0,0.035354,0.0073232,1.0,0.972973,1.0,0.990991,0.984374,0.562696,0.437304,0.2773984,0.501953,,gate_count only
bell_n4.qasm,small,State Prep,4,37,fixed,qubit_swap,fixed,0.967914,0.94435,0.05,0.029044,0.026316,0.142857,0.041502,0.0073686,0.928571,0.972973,1.0,0.967181,0.957219,0.718013,0.281987,0.27511,0.539062,,"CNOT_count, DAG_topology"
bell_n4_transpiled.qasm,small,State Prep,4,57,fixed,none,fixed,1.0,1.0,0.0,0.0,0.0,0.0,0.0,0.0102929,1.0,1.0,1.0,1.0,1.0,0.077744,0.922256,0.2809455,0.061523,,all
bell_n4_transpiled.qasm,small,State Prep,4,57,fixed,gate_deletion_1q,fixed,0.980232,0.546962,0.683333,0.513247,0.842105,0.0,0.024802,0.0107729,0.958333,0.982456,1.0,0.980263,0.973643,0.082024,0.917976,0.2786849,0.079102,,"gate_count, depth"
bell_n4_transpiled.qasm,small,State Prep,4,57,fixed,gate_deletion_2q,fixed,0.906609,0.580198,0.566667,0.454125,0.719298,0.142857,0.034274,0.0103135,0.833333,0.982456,0.857143,0.890977,0.923098,0.523992,0.476008,0.2739769,0.459961,,"gate_count, CNOT_count, depth"
bell_n4_transpiled.qasm,small,State Prep,4,57,fixed,gate_insertion,fixed,0.980233,0.548978,0.683333,0.516002,0.827586,0.0,0.024038,0.0104437,0.958333,0.982456,1.0,0.980263,0.973644,0.231633,0.768367,0.2715773,0.195312,,"gate_count, depth increase"
bell_n4_transpiled.qasm,small,State Prep,4,57,fixed,gate_substitution,fixed,1.0,0.994649,0.0,0.005264,0.017544,0.0,0.0,0.0101179,1.0,1.0,1.0,1.0,1.0,0.08287,0.91713,0.2679577,0.074219,,DAG_topology only
bell_n4_transpiled.qasm,small,State Prep,4,57,fixed,gate_reorder,fixed,1.0,0.503205,0.6,0.801368,0.631579,0.0,0.0,0.0105975,1.0,1.0,1.0,1.0,1.0,0.948149,0.051851,0.2771901,0.907227,,DAG_topology only
bell_n4_transpiled.qasm,small,State Prep,4,57,fixed,trojan_NOT,fixed,0.980233,0.553758,0.683333,0.512198,0.810345,0.0,0.024038,0.0109015,0.958333,0.982456,1.0,0.980263,0.973644,0.054696,0.945304,0.276199,0.051758,,gate_count only
bell_n4_transpiled.qasm,small,State Prep,4,57,fixed,trojan_H,fixed,0.980233,0.55419,0.683333,0.510963,0.810345,0.0,0.024038,0.010733,0.958333,0.982456,1.0,0.980263,0.973644,0.528479,0.471521,0.2687358,0.463867,,gate_count only
bell_n4_transpiled.qasm,small,State Prep,4,57,fixed,qubit_swap,fixed,0.992264,0.953953,0.033333,0.016863,0.017241,0.142857,0.03125,0.0107729,1.0,0.982456,1.0,0.994152,0.989686,0.709009,0.290991,0.2710944,0.520508,,"CNOT_count, DAG_topology"
cat_state_n4.qasm,small,State Prep,4,8,fixed,none,fixed,1.0,1.0,0.0,0.0,0.0,0.0,0.0,0.0021807,1.0,1.0,1.0,1.0,1.0,0.003318,0.996682,0.2794902,0.003906,,all
cat_state_n4.qasm,small,State Prep,4,8,fixed,gate_deletion_1q,fixed,0.893041,0.56787,0.714286,0.672689,0.375,0.0,0.145455,0.0018436,0.8,0.875,1.0,0.891667,0.857388,0.552373,0.447627,0.291444,0.492188,,"gate_count, depth"
cat_state_n4.qasm,small,State Prep,4,8,fixed,gate_deletion_2q,fixed,0.745533,0.534875,0.857143,0.57053,0.25,0.333333,0.20202,0.0018663,0.6,0.875,0.666667,0.713889,0.771822,0.714297,0.285703,0.2771552,0.527344,,"gate_count, CNOT_count, depth"
cat_state_n4.qasm,small,State Prep,4,8,fixed,gate_insertion,fixed,0.951348,0.561486,1.0,0.59489,0.333333,0.0,0.136364,0.002139,1.0,0.875,1.0,0.958333,0.935131,0.555934,0.444066,0.2730975,0.49707,,"gate_count, depth increase"
cat_state_n4.qasm,small,State Prep,4,8,fixed,gate_substitution,fixed,1.0,0.961936,0.0,0.037327,0.125,0.0,0.0,0.0019478,1.0,1.0,1.0,1.0,1.0,0.56347,0.43653,0.2794936,0.507812,,DAG_topology only
cat_state_n4.qasm,small,State Prep,4,8,fixed,gate_reorder,fixed,1.0,0.3,1.0,1.0,1.0,0.0,0.0,0.0019834,1.0,1.0,1.0,1.0,1.0,0.693978,0.306022,0.2734871,0.492188,,DAG_topology only
cat_state_n4.qasm,small,State Prep,4,8,fixed,trojan_NOT,fixed,0.951348,0.543251,1.0,0.583496,0.444444,0.0,0.136364,0.0022122,1.0,0.875,1.0,0.958333,0.935131,1.0,0.0,0.2865994,1.0,,gate_count only
cat_state_n4.qasm,small,State Prep,4,8,fixed,trojan_H,fixed,0.951348,0.561486,1.0,0.59489,0.333333,0.0,0.136364,0.0024146,1.0,0.875,1.0,0.958333,0.935131,0.567909,0.432091,0.2783381,0.513672,,gate_count only
cat_state_n4.qasm,small,State Prep,4,8,fixed,qubit_swap,fixed,0.952645,0.6798,0.571429,0.376031,0.111111,0.333333,0.13986,0.0021956,1.0,0.875,1.0,0.958333,0.93686,0.012447,0.987553,0.2909276,0.014648,,"CNOT_count, DAG_topology"
cat_state_n4_transpiled.qasm,small,State Prep,4,10,fixed,none,fixed,1.0,1.0,0.0,0.0,0.0,0.0,0.0,0.0024603,1.0,1.0,1.0,1.0,1.0,0.004978,0.995022,0.2937235,0.005859,,all
cat_state_n4_transpiled.qasm,small,State Prep,4,10,fixed,gate_deletion_1q,fixed,0.918139,0.566751,0.555556,0.684741,0.5,0.0,0.102564,0.0021935,0.857143,0.9,1.0,0.919048,0.890852,0.007467,0.992533,0.2828118,0.008789,,"gate_count, depth"
cat_state_n4_transpiled.qasm,small,State Prep,4,10,fixed,gate_deletion_2q,fixed,0.743778,0.615629,0.666667,0.467765,0.2,0.333333,0.13986,0.0022158,0.571429,0.9,0.666667,0.712698,0.769482,0.710029,0.289971,0.2796918,0.516602,,"gate_count, CNOT_count, depth"
cat_state_n4_transpiled.qasm,small,State Prep,4,10,fixed,gate_insertion,fixed,0.960713,0.548049,1.0,0.519631,0.545455,0.0,0.10989,0.0024727,1.0,0.9,1.0,0.966667,0.947617,0.554669,0.445331,0.2704688,0.494141,,"gate_count, depth increase"
cat_state_n4_transpiled.qasm,small,State Prep,4,10,fixed,gate_substitution,fixed,1.0,0.966062,0.0,0.039824,0.1,0.0,0.0,0.0023745,1.0,1.0,1.0,1.0,1.0,0.00249,0.99751,0.2798915,0.00293,,DAG_topology only
cat_state_n4_transpiled.qasm,small,State Prep,4,10,fixed,gate_reorder,fixed,1.0,0.34,1.0,1.0,0.8,0.0,0.0,0.0023234,1.0,1.0,1.0,1.0,1.0,0.724228,0.275772,0.2848071,0.532227,,DAG_topology only
cat_state_n4_transpiled.qasm,small,State Prep,4,10,fixed,trojan_NOT,fixed,0.960713,0.561382,1.0,0.478396,0.545455,0.0,0.120879,0.0025343,1.0,0.9,1.0,0.966667,0.947617,1.0,0.0,0.2883799,1.0,,gate_count only
cat_state_n4_transpiled.qasm,small,State Prep,4,10,fixed,trojan_H,fixed,0.960713,0.558113,1.0,0.487738,0.545455,0.0,0.120879,0.0024948,1.0,0.9,1.0,0.966667,0.947617,0.553882,0.446118,0.2886641,0.494141,,gate_count only
cat_state_n4_transpiled.qasm,small,State Prep,4,10,fixed,qubit_swap,fixed,0.961195,0.730324,0.444444,0.3083,0.090909,0.333333,0.102564,0.0025078,1.0,0.9,1.0,0.966667,0.94826,0.030692,0.969308,0.2894192,0.036133,,"CNOT_count, DAG_topology"
deutsch_n2.qasm,small,Oracle,2,7,fixed,none,fixed,1.0,1.0,0.0,0.0,0.0,0.0,0.0,0.0018555,1.0,1.0,1.0,1.0,1.0,0.002489,0.997511,0.2843965,0.00293,,all
deutsch_n2.qasm,small,Oracle,2,7,fixed,gate_deletion_1q,fixed,0.884965,0.490213,0.833333,0.650413,0.714286,0.0,0.142857,0.0015976,0.8,0.857143,1.0,0.885714,0.84662,1.0,0.0,0.2827413,1.0,,"gate_count, depth"
deutsch_n2.qasm,small,Oracle,2,7,fixed,gate_deletion_2q,fixed,0.564903,0.35054,1.0,0.610702,0.428571,1.0,0.0,0.0015768,0.6,0.857143,0.0,0.485714,0.753204,1.0,0.0,0.2826751,1.0,,"gate_count, CNOT_count, depth"
deutsch_n2.qasm,small,Oracle,2,7,fixed,gate_insertion,fixed,0.885351,0.466239,0.833333,0.70757,0.75,0.0,0.111111,0.0019299,0.8,0.857143,1.0,0.885714,0.847134,0.551721,0.448279,0.2848496,0.491211,,"gate_count, depth increase"
deutsch_n2.qasm,small,Oracle,2,7,fixed,gate_substitution,fixed,1.0,0.951423,0.0,0.057158,0.142857,0.0,0.0,0.0017614,1.0,1.0,1.0,1.0,1.0,0.557289,0.442711,0.2823631,0.499023,,DAG_topology only
deutsch_n2.qasm,small,Oracle,2,7,fixed,gate_reorder,fixed,1.0,0.497748,1.0,0.679904,0.571429,0.0,0.0,0.00177,1.0,1.0,1.0,1.0,1.0,1.0,0.0,0.2932475,1.0,,DAG_topology only
deutsch_n2.qasm,small,Oracle,2,7,fixed,trojan_NOT,fixed,0.94461,0.425386,1.0,0.824294,0.625,0.0,0.111111,0.0019052,1.0,0.857143,1.0,0.952381,0.926146,1.0,0.0,0.2797924,1.0,,gate_count only
deutsch_n2.qasm,small,Oracle,2,7,fixed,trojan_H,fixed,0.94461,0.420391,1.0,0.767137,0.75,0.0,0.111111,0.0019027,1.0,0.857143,1.0,0.952381,0.926146,0.562049,0.437951,0.2849434,0.504883,,gate_count only
deutsch_n2.qasm,small,Oracle,2,7,fixed,qubit_swap,fixed,0.88502,0.641607,0.333333,0.238266,0.125,1.0,0.0,0.0019895,0.8,0.857143,1.0,0.885714,0.846693,0.701921,0.298079,0.2896643,0.496094,,"CNOT_count, DAG_topology"
deutsch_n2_transpiled.qasm,small,Oracle,2,12,fixed,none,fixed,1.0,1.0,0.0,0.0,0.0,0.0,0.0,0.0027271,1.0,1.0,1.0,1.0,1.0,0.014102,0.985898,0.2844659,0.016602,,all
deutsch_n2_transpiled.qasm,small,Oracle,2,12,fixed,gate_deletion_1q,fixed,0.9662,0.484303,0.636364,0.706188,0.833333,0.0,0.064103,0.0025186,1.0,0.916667,1.0,0.972222,0.954934,0.007465,0.992535,0.2835756,0.008789,,"gate_count, depth"
deutsch_n2_transpiled.qasm,small,Oracle,2,12,fixed,gate_deletion_2q,fixed,0.671266,0.42068,0.727273,0.522001,0.416667,1.0,0.041958,0.0025738,0.875,0.916667,0.0,0.597222,0.895021,1.0,0.0,0.2765113,1.0,,"gate_count, CNOT_count, depth"
deutsch_n2_transpiled.qasm,small,Oracle,2,12,fixed,gate_insertion,fixed,0.928686,0.871975,0.272727,0.145292,0.153846,0.0,0.054945,0.0028231,0.875,0.916667,1.0,0.930556,0.904915,0.535048,0.464952,0.2867834,0.467773,,"gate_count, depth increase"
deutsch_n2_transpiled.qasm,small,Oracle,2,12,fixed,gate_substitution,fixed,1.0,0.969844,0.0,0.038542,0.083333,0.0,0.0,0.0026376,1.0,1.0,1.0,1.0,1.0,0.008295,0.991705,0.2860216,0.009766,,DAG_topology only
deutsch_n2_transpiled.qasm,small,Oracle,2,12,fixed,gate_reorder,fixed,1.0,0.431482,0.727273,0.836459,0.833333,0.0,0.0,0.0026307,1.0,1.0,1.0,1.0,1.0,1.0,0.0,0.281139,1.0,,DAG_topology only
deutsch_n2_transpiled.qasm,small,Oracle,2,12,fixed,trojan_NOT,fixed,0.928686,0.52012,0.454545,0.667646,0.846154,0.0,0.087912,0.0031634,0.875,0.916667,1.0,0.930556,0.904915,1.0,0.0,0.2813465,1.0,,gate_count only
deutsch_n2_transpiled.qasm,small,Oracle,2,12,fixed,trojan_H,fixed,0.928686,0.523284,0.454545,0.658606,0.846154,0.0,0.087912,0.0027914,0.875,0.916667,1.0,0.930556,0.904915,0.560897,0.439103,0.2811654,0.503906,,gate_count only
deutsch_n2_transpiled.qasm,small,Oracle,2,12,fixed,qubit_swap,fixed,0.9282,0.711053,0.181818,0.123466,0.076923,1.0,0.030769,0.0028345,0.875,0.916667,1.0,0.930556,0.904267,0.707107,0.292893,0.2825008,0.5,,"CNOT_count, DAG_topology"
dnn_n2.qasm,small,Other,2,228,fixed,none,fixed,1.0,1.0,0.0,0.0,0.0,0.0,0.0,0.0426997,1.0,1.0,1.0,1.0,1.0,0.036015,0.963985,0.2820516,0.036133,,all
dnn_n2.qasm,small,Other,2,228,fixed,gate_deletion_1q,fixed,0.996153,0.484903,0.652985,0.732132,0.802632,0.0,0.003773,0.0420182,0.993548,0.995614,1.0,0.996387,0.99487,0.293604,0.706396,0.25009,0.201172,,"gate_count, depth"
dnn_n2.qasm,small,Other,2,228,fixed,gate_deletion_2q,fixed,0.989818,0.494373,0.649254,0.714164,0.767544,0.02381,0.000111,0.0440855,0.993548,0.995614,0.97619,0.988451,0.994361,0.590869,0.409131,0.2316579,0.637695,,"gate_count, CNOT_count, depth"
dnn_n2.qasm,small,Other,2,228,fixed,gate_insertion,fixed,0.996153,0.649725,0.451493,0.494335,0.545852,0.0,0.003635,0.0436317,0.993548,0.995614,1.0,0.996387,0.99487,0.398887,0.601113,0.2263236,0.451172,,"gate_count, depth increase"
dnn_n2.qasm,small,Other,2,228,fixed,gate_substitution,fixed,1.0,0.997785,0.0,0.003823,0.004386,0.0,0.0,0.0446771,1.0,1.0,1.0,1.0,1.0,0.148698,0.851302,0.226434,0.131836,,DAG_topology only
dnn_n2.qasm,small,Other,2,228,fixed,gate_reorder,fixed,1.0,0.558487,0.686567,0.64642,0.561404,0.0,0.0,0.0433329,1.0,1.0,1.0,1.0,1.0,0.762713,0.237287,0.2554918,0.69043,,DAG_topology only
dnn_n2.qasm,small,Other,2,228,fixed,trojan_NOT,fixed,0.996153,0.488423,0.652985,0.729074,0.790393,0.0,0.003745,0.0424299,0.993548,0.995614,1.0,0.996387,0.99487,0.082548,0.917452,0.2303019,0.067383,,gate_count only
dnn_n2.qasm,small,Other,2,228,fixed,trojan_H,fixed,0.996153,0.488569,0.652985,0.728658,0.790393,0.0,0.003745,0.0431939,0.993548,0.995614,1.0,0.996387,0.99487,0.230244,0.769756,0.2277952,0.253906,,gate_count only
dnn_n2.qasm,small,Other,2,228,fixed,qubit_swap,fixed,0.996151,0.991243,0.007463,0.005689,0.004367,0.02381,0.000109,0.043965,0.993548,0.995614,1.0,0.996387,0.994867,0.488984,0.511016,0.2417899,0.253906,,"CNOT_count, DAG_topology"
dnn_n2_transpiled.qasm,small,Other,2,308,fixed,none,fixed,1.0,1.0,0.0,0.0,0.0,0.0,0.0,0.0581964,1.0,1.0,1.0,1.0,1.0,0.018004,0.981996,0.2564982,0.014648,,all
dnn_n2_transpiled.qasm,small,Other,2,308,fixed,gate_deletion_1q,fixed,0.998619,0.46899,0.583333,0.743158,0.915584,0.0,0.002882,0.058341,1.0,0.996753,1.0,0.998918,0.998158,0.021273,0.978727,0.233803,0.014648,,"gate_count, depth"
dnn_n2_transpiled.qasm,small,Other,2,308,fixed,gate_deletion_2q,fixed,0.990927,0.475019,0.574713,0.733532,0.886364,0.02381,3.3e-05,0.0575271,0.995327,0.996753,0.97619,0.989424,0.995839,0.581594,0.418406,0.2248074,0.629883,,"gate_count, CNOT_count, depth"
dnn_n2_transpiled.qasm,small,Other,2,308,fixed,gate_insertion,fixed,0.997166,0.835663,0.192529,0.227173,0.278317,0.0,0.002833,0.0534202,0.995327,0.996753,1.0,0.99736,0.996221,0.608935,0.391065,0.234189,0.663086,,"gate_count, depth increase"
dnn_n2_transpiled.qasm,small,Other,2,308,fixed,gate_substitution,fixed,1.0,0.998807,0.0,0.001553,0.003247,0.0,0.0,0.054067,1.0,1.0,1.0,1.0,1.0,0.027981,0.972019,0.2253826,0.023438,,DAG_topology only
dnn_n2_transpiled.qasm,small,Other,2,308,fixed,gate_reorder,fixed,1.0,0.589025,0.522989,0.65694,0.512987,0.0,0.0,0.0467258,1.0,1.0,1.0,1.0,1.0,0.628132,0.371868,0.2782433,0.398438,,DAG_topology only
dnn_n2_transpiled.qasm,small,Other,2,308,fixed,trojan_NOT,fixed,0.997166,0.473793,0.583333,0.73668,0.902913,0.0,0.002865,0.0565249,0.995327,0.996753,1.0,0.99736,0.996221,0.515404,0.484596,0.2276901,0.53418,,gate_count only
dnn_n2_transpiled.qasm,small,Other,2,308,fixed,trojan_H,fixed,0.997166,0.473846,0.583333,0.736529,0.902913,0.0,0.002865,0.0548806,0.995327,0.996753,1.0,0.99736,0.996221,0.290638,0.709362,0.2293085,0.280273,,gate_count only
dnn_n2_transpiled.qasm,small,Other,2,308,fixed,qubit_swap,fixed,0.997165,0.992311,0.005747,0.004041,0.003236,0.02381,3.2e-05,0.0429654,0.995327,0.996753,1.0,0.99736,0.996219,0.486246,0.513754,0.2835928,0.242188,,"CNOT_count, DAG_topology"
dnn_n8.qasm,small,Other,8,1016,fixed,none,fixed,1.0,1.0,0.0,0.0,0.0,0.0,0.0,0.0946062,1.0,1.0,1.0,1.0,1.0,0.284338,0.715662,0.3086031,0.169922,,all
dnn_n8.qasm,small,Other,8,1016,fixed,gate_deletion_1q,fixed,0.999546,0.595556,0.665833,0.417027,0.792323,0.0,0.00145,0.0906235,1.0,0.999016,1.0,0.999672,0.999394,0.424352,0.575648,0.2501721,0.34668,,"gate_count, depth"
dnn_n8.qasm,small,Other,8,1016,fixed,gate_deletion_2q,fixed,0.99814,0.596823,0.665,0.41499,0.784449,0.005208,0.002488,0.0876964,1.0,0.999016,0.994792,0.997936,0.999256,0.689748,0.310252,0.2425646,0.666016,,"gate_count, CNOT_count, depth"
dnn_n8.qasm,small,Other,8,1016,fixed,gate_insertion,fixed,0.997997,0.834829,0.2575,0.167861,0.33825,0.0,0.001447,0.0888356,0.99422,0.999016,1.0,0.997745,0.997329,0.422456,0.577544,0.2424737,0.360352,,"gate_count, depth increase"
dnn_n8.qasm,small,Other,8,1016,fixed,gate_substitution,fixed,1.0,0.999651,0.0,0.000433,0.000984,0.0,0.0,0.0868572,1.0,1.0,1.0,1.0,1.0,0.430256,0.569744,0.2445504,0.374023,,DAG_topology only
dnn_n8.qasm,small,Other,8,1016,fixed,gate_reorder,fixed,1.0,0.457901,0.7,0.739292,0.891732,0.0,0.0,0.0956182,1.0,1.0,1.0,1.0,1.0,0.964901,0.035099,0.5021189,0.972656,,DAG_topology only
dnn_n8.qasm,small,Other,8,1016,fixed,trojan_NOT,fixed,0.997997,0.596227,0.665833,0.41668,0.789577,0.0,0.001447,0.0871223,0.99422,0.999016,1.0,0.997745,0.997329,0.307782,0.692218,0.2463809,0.196289,,gate_count only
dnn_n8.qasm,small,Other,8,1016,fixed,trojan_H,fixed,0.997997,0.596243,0.665833,0.416633,0.789577,0.0,0.001447,0.1945235,0.99422,0.999016,1.0,0.997745,0.997329,0.477842,0.522158,0.2429896,0.448242,,gate_count only
dnn_n8.qasm,small,Other,8,1016,fixed,qubit_swap,fixed,0.997997,0.995767,0.011667,0.002848,0.000983,0.005208,0.002479,0.0898615,0.99422,0.999016,1.0,0.997745,0.997329,0.565146,0.434854,0.4887468,0.400391,,"CNOT_count, DAG_topology"
dnn_n8_transpiled.qasm,small,Other,8,1424,fixed,none,fixed,1.0,1.0,0.0,0.0,0.0,0.0,0.0,0.1291439,1.0,1.0,1.0,1.0,1.0,0.270977,0.729023,0.3307352,0.166016,,all
dnn_n8_transpiled.qasm,small,Other,8,1424,fixed,gate_deletion_1q,fixed,0.999673,0.586275,0.576493,0.413825,0.911517,0.0,0.001084,0.1296045,1.0,0.999298,1.0,0.999766,0.999563,0.290938,0.709062,0.2487828,0.193359,,"gate_count, depth"
dnn_n8_transpiled.qasm,small,Other,8,1424,fixed,gate_deletion_2q,fixed,0.998294,0.587077,0.574627,0.41275,0.905197,0.005208,0.001859,0.1276275,1.0,0.999298,0.994792,0.99803,0.999462,0.705828,0.294172,0.2478954,0.673828,,"gate_count, CNOT_count, depth"
dnn_n8_transpiled.qasm,small,Other,8,1424,fixed,gate_insertion,fixed,0.99858,0.830874,0.23694,0.173644,0.363509,0.0,0.001082,0.1264959,0.995935,0.999298,1.0,0.998411,0.998107,0.629434,0.370566,0.250889,0.616211,,"gate_count, depth increase"
dnn_n8_transpiled.qasm,small,Other,8,1424,fixed,gate_substitution,fixed,1.0,0.999799,0.0,0.000173,0.000702,0.0,0.0,0.1212034,1.0,1.0,1.0,1.0,1.0,0.26536,0.73464,0.2501592,0.15332,,DAG_topology only
dnn_n8_transpiled.qasm,small,Other,8,1424,fixed,gate_reorder,fixed,1.0,0.53661,0.554726,0.72909,0.625,0.0,0.0,0.1266854,1.0,1.0,1.0,1.0,1.0,0.844626,0.155374,0.6241199,0.71582,,DAG_topology only
dnn_n8_transpiled.qasm,small,Other,8,1424,fixed,trojan_NOT,fixed,0.99858,0.587078,0.576493,0.413102,0.908772,0.0,0.001082,0.1255695,0.995935,0.999298,1.0,0.998411,0.998107,0.739338,0.260662,0.2535082,0.708008,,gate_count only
dnn_n8_transpiled.qasm,small,Other,8,1424,fixed,trojan_H,fixed,0.99858,0.587084,0.576493,0.413085,0.908772,0.0,0.001082,0.1273696,0.995935,0.999298,1.0,0.998411,0.998107,0.540742,0.459258,0.2494397,0.505859,,gate_count only
dnn_n8_transpiled.qasm,small,Other,8,1424,fixed,qubit_swap,fixed,0.99858,0.996629,0.008706,0.001994,0.000702,0.005208,0.001854,0.1290181,0.995935,0.999298,1.0,0.998411,0.998107,0.575733,0.424267,0.6327394,0.391602,,"CNOT_count, DAG_topology"
error_correctiond3_n5.qasm,small,Other,5,119,fixed,none,fixed,1.0,1.0,0.0,0.0,0.0,0.0,0.0,0.0211852,1.0,1.0,1.0,1.0,1.0,0.068134,0.931866,0.2387447,0.061523,,all
error_correctiond3_n5.qasm,small,Other,5,119,fixed,gate_deletion_1q,fixed,0.996549,0.550568,1.0,0.530696,0.563025,0.0,0.010835,0.0211455,1.0,0.991597,1.0,0.997199,0.995398,0.561411,0.438589,0.2592625,0.50293,,"gate_count, depth"
error_correctiond3_n5.qasm,small,Other,5,119,fixed,gate_deletion_2q,fixed,0.986897,0.554001,1.0,0.524226,0.537815,0.020408,0.008749,0.021387,0.987179,0.991597,0.979592,0.986123,0.989331,0.709393,0.290607,0.2486811,0.519531,,"gate_count, CNOT_count, depth"
error_correctiond3_n5.qasm,small,Other,5,119,fixed,gate_insertion,fixed,0.996549,0.712241,0.693252,0.326785,0.341667,0.0,0.010637,0.0214823,1.0,0.991597,1.0,0.997199,0.995398,0.553015,0.446985,0.2470983,0.492188,,"gate_count, depth increase"
error_correctiond3_n5.qasm,small,Other,5,119,fixed,gate_substitution,fixed,1.0,0.99772,0.0,0.001712,0.008403,0.0,0.0,0.021706,1.0,1.0,1.0,1.0,1.0,0.556723,0.443277,0.2627463,0.49707,,DAG_topology only
error_correctiond3_n5.qasm,small,Other,5,119,fixed,gate_reorder,fixed,1.0,0.551801,0.920245,0.530835,0.621849,0.0,0.0,0.021112,1.0,1.0,1.0,1.0,1.0,0.971292,0.028708,0.2511822,0.945312,,DAG_topology only
error_correctiond3_n5.qasm,small,Other,5,119,fixed,trojan_NOT,fixed,0.996549,0.549253,1.0,0.532408,0.566667,0.0,0.010707,0.0219953,1.0,0.991597,1.0,0.997199,0.995398,0.068077,0.931923,0.2552368,0.061523,,gate_count only
error_correctiond3_n5.qasm,small,Other,5,119,fixed,trojan_H,fixed,0.996549,0.551519,1.0,0.530696,0.558333,0.0,0.010707,0.0214007,1.0,0.991597,1.0,0.997199,0.995398,0.561577,0.438423,0.2573977,0.50293,,gate_count only
error_correctiond3_n5.qasm,small,Other,5,119,fixed,qubit_swap,fixed,0.996548,0.977881,0.04908,0.020817,0.008333,0.020408,0.017227,0.0215737,1.0,0.991597,1.0,0.997199,0.995397,0.703882,0.296118,0.2411128,0.515625,,"CNOT_count, DAG_topology"
error_correctiond3_n5_transpiled.qasm,small,Other,5,242,fixed,none,fixed,1.0,1.0,0.0,0.0,0.0,0.0,0.0,0.0459163,1.0,1.0,1.0,1.0,1.0,0.073807,0.926193,0.2678854,0.066406,,all
error_correctiond3_n5_transpiled.qasm,small,Other,5,242,fixed,gate_deletion_1q,fixed,0.998228,0.548581,0.814685,0.476015,0.809917,0.0,0.00628,0.0438914,1.0,0.995868,1.0,0.998623,0.997637,0.058079,0.941921,0.2463093,0.056641,,"gate_count, depth"
error_correctiond3_n5_transpiled.qasm,small,Other,5,242,fixed,gate_deletion_2q,fixed,0.990574,0.553602,0.804196,0.466648,0.789256,0.020408,0.005089,0.0423816,0.992754,0.995868,0.979592,0.989404,0.994235,0.697525,0.302475,0.2283374,0.511719,,"gate_count, CNOT_count, depth"
error_correctiond3_n5_transpiled.qasm,small,Other,5,242,fixed,gate_insertion,fixed,0.998228,0.76275,0.311189,0.190135,0.617284,0.0,0.005672,0.0433227,1.0,0.995868,1.0,0.998623,0.997637,0.564934,0.435066,0.2258318,0.499023,,"gate_count, depth increase"
error_correctiond3_n5_transpiled.qasm,small,Other,5,242,fixed,gate_substitution,fixed,1.0,0.9988,0.0,0.001066,0.004132,0.0,0.0,0.0429019,1.0,1.0,1.0,1.0,1.0,0.065701,0.934299,0.2290674,0.067383,,DAG_topology only
error_correctiond3_n5_transpiled.qasm,small,Other,5,242,fixed,gate_reorder,fixed,1.0,0.59688,0.671329,0.594873,0.471074,0.0,0.0,0.0458539,1.0,1.0,1.0,1.0,1.0,0.970315,0.029685,0.2308494,0.944336,,DAG_topology only
error_correctiond3_n5_transpiled.qasm,small,Other,5,242,fixed,trojan_NOT,fixed,0.998228,0.550149,0.814685,0.475802,0.802469,0.0,0.006237,0.0438012,1.0,0.995868,1.0,0.998623,0.997637,0.056706,0.943294,0.2269399,0.055664,,gate_count only
error_correctiond3_n5_transpiled.qasm,small,Other,5,242,fixed,trojan_H,fixed,0.998228,0.550236,0.814685,0.475552,0.802469,0.0,0.006237,0.0425365,1.0,0.995868,1.0,0.998623,0.997637,0.562924,0.437076,0.2287262,0.503906,,gate_count only
error_correctiond3_n5_transpiled.qasm,small,Other,5,242,fixed,qubit_swap,fixed,0.998226,0.986408,0.027972,0.009964,0.004115,0.020408,0.01004,0.045101,1.0,0.995868,1.0,0.998623,0.997635,0.720159,0.279841,0.2274252,0.551758,,"CNOT_count, DAG_topology"
fredkin_n3.qasm,small,Other,3,22,fixed,none,fixed,1.0,1.0,0.0,0.0,0.0,0.0,0.0,0.0044956,1.0,1.0,1.0,1.0,1.0,0.0,1.0,0.23542,0.0,,all
fredkin_n3.qasm,small,Other,3,22,fixed,gate_deletion_1q,fixed,0.981403,0.468669,1.0,0.684801,0.681818,0.0,0.052874,0.0042547,1.0,0.954545,1.0,0.984848,0.975203,1.0,0.0,0.2686844,1.0,,"gate_count, depth"
fredkin_n3.qasm,small,Other,3,22,fixed,gate_deletion_2q,fixed,0.922267,0.46927,1.0,0.643212,0.636364,0.125,0.033333,0.0044478,0.916667,0.954545,0.875,0.915404,0.938023,0.0,1.0,0.2821028,0.0,,"gate_count, CNOT_count, depth"
fredkin_n3.qasm,small,Other,3,22,fixed,gate_insertion,fixed,0.957086,0.912723,0.185185,0.108635,0.086957,0.0,0.04086,0.0045646,0.916667,0.954545,1.0,0.957071,0.942781,0.56347,0.43653,0.2793079,0.507812,,"gate_count, depth increase"
fredkin_n3.qasm,small,Other,3,22,fixed,gate_substitution,fixed,1.0,0.986719,0.0,0.011972,0.045455,0.0,0.0,0.0045106,1.0,1.0,1.0,1.0,1.0,0.560004,0.439996,0.2788216,0.50293,,DAG_topology only
fredkin_n3.qasm,small,Other,3,22,fixed,gate_reorder,fixed,1.0,0.440303,1.0,0.754977,0.727273,0.0,0.0,0.0043815,1.0,1.0,1.0,1.0,1.0,1.0,0.0,0.2830386,1.0,,DAG_topology only
fredkin_n3.qasm,small,Other,3,22,fixed,trojan_NOT,fixed,0.981422,0.474939,1.0,0.684801,0.652174,0.0,0.049462,0.0047665,1.0,0.954545,1.0,0.984848,0.97523,1.0,0.0,0.2761448,1.0,,gate_count only
fredkin_n3.qasm,small,Other,3,22,fixed,trojan_H,fixed,0.981422,0.462053,1.0,0.696773,0.695652,0.0,0.049462,0.0045905,1.0,0.954545,1.0,0.984848,0.97523,0.556536,0.443464,0.2844913,0.498047,,gate_count only
fredkin_n3.qasm,small,Other,3,22,fixed,qubit_swap,fixed,0.957086,0.90602,0.148148,0.095654,0.043478,0.125,0.045833,0.00463,0.916667,0.954545,1.0,0.957071,0.942781,1.0,0.0,0.2902342,1.0,,"CNOT_count, DAG_topology"
fredkin_n3_transpiled.qasm,small,Other,3,25,fixed,none,fixed,1.0,1.0,0.0,0.0,0.0,0.0,0.0,0.0051021,1.0,1.0,1.0,1.0,1.0,0.0,1.0,0.2863026,0.0,,all
fredkin_n3_transpiled.qasm,small,Other,3,25,fixed,gate_deletion_1q,fixed,0.98361,0.520422,1.0,0.584724,0.6,0.0,0.049242,0.0049106,1.0,0.96,1.0,0.986667,0.978146,1.0,0.0,0.2789356,1.0,,"gate_count, depth"
fredkin_n3_transpiled.qasm,small,Other,3,25,fixed,gate_deletion_2q,fixed,0.909597,0.517972,1.0,0.549404,0.56,0.125,0.02737,0.0049777,0.866667,0.96,0.875,0.900556,0.921129,0.0,1.0,0.2739649,0.0,,"gate_count, CNOT_count, depth"
fredkin_n3_transpiled.qasm,small,Other,3,25,fixed,gate_insertion,fixed,0.963838,0.518676,1.0,0.584296,0.615385,0.0,0.037433,0.0050861,0.933333,0.96,1.0,0.964444,0.951784,0.557923,0.442077,0.2828005,0.5,,"gate_count, depth increase"
fredkin_n3_transpiled.qasm,small,Other,3,25,fixed,gate_substitution,fixed,1.0,0.988441,0.0,0.010168,0.04,0.0,0.0,0.0049836,1.0,1.0,1.0,1.0,1.0,0.527334,0.472666,0.2844744,0.457031,,DAG_topology only
fredkin_n3_transpiled.qasm,small,Other,3,25,fixed,gate_reorder,fixed,1.0,0.498981,1.0,0.682911,0.56,0.0,0.0,0.0049165,1.0,1.0,1.0,1.0,1.0,1.0,0.0,0.2821576,1.0,,DAG_topology only
fredkin_n3_transpiled.qasm,small,Other,3,25,fixed,trojan_NOT,fixed,0.983622,0.525327,1.0,0.584724,0.576923,0.0,0.046346,0.0052244,1.0,0.96,1.0,0.986667,0.978162,1.0,0.0,0.2803524,1.0,,gate_count only
fredkin_n3_transpiled.qasm,small,Other,3,25,fixed,trojan_H,fixed,0.983622,0.514076,1.0,0.594892,0.615385,0.0,0.046346,0.00524,1.0,0.96,1.0,0.986667,0.978162,0.564164,0.435836,0.2749342,0.508789,,gate_count only
fredkin_n3_transpiled.qasm,small,Other,3,25,fixed,qubit_swap,fixed,0.963809,0.914026,0.133333,0.081237,0.038462,0.125,0.048485,0.0054301,0.933333,0.96,1.0,0.964444,0.951745,1.0,0.0,0.2764684,1.0,,"CNOT_count, DAG_topology"
grover_n2.qasm,small,Oracle,2,18,fixed,none,fixed,1.0,1.0,0.0,0.0,0.0,0.0,0.0,0.0036199,1.0,1.0,1.0,1.0,1.0,0.0,1.0,0.2976246,0.0,,all
grover_n2.qasm,small,Oracle,2,18,fixed,gate_deletion_1q,fixed,0.977126,0.558057,0.944444,0.522427,0.555556,0.0,0.063158,0.0034095,1.0,0.944444,1.0,0.981481,0.969501,0.551679,0.448321,0.2885753,0.491211,,"gate_count, depth"
grover_n2.qasm,small,Oracle,2,18,fixed,gate_deletion_2q,fixed,0.82196,0.486062,0.888889,0.509665,0.5,0.5,0.022222,0.0033637,0.916667,0.944444,0.5,0.787037,0.929281,0.733948,0.266052,0.2758574,0.741211,,"gate_count, CNOT_count, depth"
grover_n2.qasm,small,Oracle,2,18,fixed,gate_insertion,fixed,0.977141,0.815654,0.5,0.17579,0.210526,0.0,0.057143,0.0037006,1.0,0.944444,1.0,0.981481,0.969521,0.557923,0.442077,0.288279,0.5,,"gate_count, depth increase"
grover_n2.qasm,small,Oracle,2,18,fixed,gate_substitution,fixed,1.0,0.982045,0.0,0.019554,0.055556,0.0,0.0,0.0041505,1.0,1.0,1.0,1.0,1.0,0.564857,0.435143,0.2832822,0.509766,,DAG_topology only
grover_n2.qasm,small,Oracle,2,18,fixed,gate_reorder,fixed,1.0,0.506646,0.888889,0.584187,0.777778,0.0,0.0,0.0035473,1.0,1.0,1.0,1.0,1.0,1.0,0.0,0.2748331,1.0,,DAG_topology only
grover_n2.qasm,small,Oracle,2,18,fixed,trojan_NOT,fixed,0.977141,0.538803,1.0,0.541981,0.578947,0.0,0.057143,0.0036724,1.0,0.944444,1.0,0.981481,0.969521,0.0,1.0,0.2811077,0.0,,gate_count only
grover_n2.qasm,small,Oracle,2,18,fixed,trojan_H,fixed,0.977141,0.556173,1.0,0.522427,0.526316,0.0,0.057143,0.003725,1.0,0.944444,1.0,0.981481,0.969521,0.558617,0.441383,0.2821339,0.500977,,gate_count only
grover_n2.qasm,small,Oracle,2,18,fixed,qubit_swap,fixed,0.951629,0.842459,0.111111,0.081514,0.052632,0.5,0.018182,0.0038976,0.916667,0.944444,1.0,0.953704,0.935505,0.0,1.0,0.2847946,0.0,,"CNOT_count, DAG_topology"
grover_n2_transpiled.qasm,small,Oracle,2,17,fixed,none,fixed,1.0,1.0,0.0,0.0,0.0,0.0,0.0,0.0035585,1.0,1.0,1.0,1.0,1.0,0.0,1.0,0.2878737,0.0,,all
grover_n2_transpiled.qasm,small,Oracle,2,17,fixed,gate_deletion_1q,fixed,0.950553,0.464597,0.647059,0.770129,0.823529,0.0,0.040936,0.0033655,0.916667,0.941176,1.0,0.952614,0.934071,0.0,1.0,0.277438,0.0,,"gate_count, depth"
grover_n2_transpiled.qasm,small,Oracle,2,17,fixed,gate_deletion_2q,fixed,0.820451,0.459926,0.588235,0.626659,0.647059,0.5,0.03096,0.003329,0.916667,0.941176,0.5,0.785948,0.927269,0.733948,0.266052,0.2757935,0.741211,,"gate_count, CNOT_count, depth"
grover_n2_transpiled.qasm,small,Oracle,2,17,fixed,gate_insertion,fixed,0.950572,0.489265,0.647059,0.758708,0.722222,0.0,0.036842,0.0036605,0.916667,0.941176,1.0,0.952614,0.934096,1.0,0.0,0.2717173,1.0,,"gate_count, depth increase"
grover_n2_transpiled.qasm,small,Oracle,2,17,fixed,gate_substitution,fixed,1.0,0.979019,0.0,0.026333,0.058824,0.0,0.0,0.0035086,1.0,1.0,1.0,1.0,1.0,0.0,1.0,0.2845272,0.0,,DAG_topology only
grover_n2_transpiled.qasm,small,Oracle,2,17,fixed,gate_reorder,fixed,1.0,0.434212,0.705882,0.910656,0.705882,0.0,0.0,0.0034745,1.0,1.0,1.0,1.0,1.0,1.0,0.0,0.2900603,1.0,,DAG_topology only
grover_n2_transpiled.qasm,small,Oracle,2,17,fixed,trojan_NOT,fixed,0.975985,0.475759,0.764706,0.675865,0.833333,0.0,0.063158,0.0038047,1.0,0.941176,1.0,0.980392,0.96798,1.0,0.0,0.285877,1.0,,gate_count only
grover_n2_transpiled.qasm,small,Oracle,2,17,fixed,trojan_H,fixed,0.975985,0.473597,0.764706,0.682042,0.833333,0.0,0.063158,0.0036359,1.0,0.941176,1.0,0.980392,0.96798,0.56139,0.43861,0.2852423,0.504883,,gate_count only
grover_n2_transpiled.qasm,small,Oracle,2,17,fixed,qubit_swap,fixed,0.950302,0.839212,0.117647,0.084354,0.055556,0.5,0.025063,0.0037963,0.916667,0.941176,1.0,0.952614,0.933737,0.0,1.0,0.2859996,0.0,,"CNOT_count, DAG_topology"
hhl_n7.qasm,small,Linear Algebra,7,697,fixed,none,fixed,1.0,1.0,0.0,0.0,0.0,0.0,0.0,0.0827343,1.0,1.0,1.0,1.0,1.0,0.041341,0.958659,0.2878875,0.038086,,all
hhl_n7.qasm,small,Linear Algebra,7,697,fixed,gate_deletion_1q,fixed,0.99884,0.376699,0.837444,0.915788,0.885222,0.0,0.00114,0.0615145,0.998185,0.998565,1.0,0.998917,0.998453,0.046795,0.953205,0.235936,0.047852,,"gate_count, depth"
hhl_n7.qasm,small,Linear Algebra,7,697,fixed,gate_deletion_2q,fixed,0.997448,0.378685,0.836323,0.911507,0.878049,0.005102,0.002088,0.121692,0.998185,0.998565,0.994898,0.997216,0.998298,0.550298,0.449702,0.2299518,0.470703,,"gate_count, CNOT_count, depth"
hhl_n7.qasm,small,Linear Algebra,7,697,fixed,gate_insertion,fixed,0.99884,0.391992,0.821749,0.895921,0.855301,0.0,0.001137,0.0577078,0.998185,0.998565,1.0,0.998917,0.998453,0.884095,0.115905,0.2373858,0.913086,,"gate_count, depth increase"
hhl_n7.qasm,small,Linear Algebra,7,697,fixed,gate_substitution,fixed,1.0,0.999543,0.0,0.000487,0.001435,0.0,0.0,0.0566062,1.0,1.0,1.0,1.0,1.0,0.044067,0.955933,0.2290641,0.03125,,DAG_topology only
hhl_n7.qasm,small,Linear Algebra,7,697,fixed,gate_reorder,fixed,1.0,0.457482,0.802691,0.887943,0.556671,0.0,0.0,0.0591889,1.0,1.0,1.0,1.0,1.0,0.995912,0.004088,0.3547272,0.998047,,DAG_topology only
hhl_n7.qasm,small,Linear Algebra,7,697,fixed,trojan_NOT,fixed,0.999409,0.377644,0.835202,0.913675,0.885387,0.0,0.002126,0.0579276,1.0,0.998565,1.0,0.999522,0.999213,1.0,0.0,0.237138,1.0,,gate_count only
hhl_n7.qasm,small,Linear Algebra,7,697,fixed,trojan_H,fixed,0.999409,0.377676,0.835202,0.913583,0.885387,0.0,0.002126,0.0575172,1.0,0.998565,1.0,0.999522,0.999213,0.563713,0.436287,0.2310009,0.506836,,gate_count only
hhl_n7.qasm,small,Linear Algebra,7,697,fixed,qubit_swap,fixed,0.99884,0.996084,0.004484,0.004938,0.001433,0.005102,0.002079,0.0646205,0.998185,0.998565,1.0,0.998917,0.998453,0.756923,0.243077,0.393999,0.589844,,"CNOT_count, DAG_topology"
hhl_n7_transpiled.qasm,small,Linear Algebra,7,998,fixed,none,fixed,1.0,1.0,0.0,0.0,0.0,0.0,0.0,0.0959577,1.0,1.0,1.0,1.0,1.0,0.017437,0.982563,0.2956985,0.017578,,all
hhl_n7_transpiled.qasm,small,Linear Algebra,7,998,fixed,gate_deletion_1q,fixed,0.999585,0.486269,0.626153,0.681615,0.905812,0.0,0.000801,0.0856392,1.0,0.998998,1.0,0.999666,0.999446,0.342211,0.657789,0.2402158,0.389648,,"gate_count, depth"
hhl_n7_transpiled.qasm,small,Linear Algebra,7,998,fixed,gate_deletion_2q,fixed,0.997458,0.486645,0.625314,0.680062,0.901804,0.005102,0.001547,0.0837598,0.997585,0.998998,0.994898,0.99716,0.998312,0.566228,0.433772,0.2420154,0.486328,,"gate_count, CNOT_count, depth"
hhl_n7_transpiled.qasm,small,Linear Algebra,7,998,fixed,gate_insertion,fixed,0.999585,0.697758,0.364627,0.401382,0.534535,0.0,0.001572,0.0836488,1.0,0.998998,1.0,0.999666,0.999446,0.580833,0.419167,0.2420781,0.523438,,"gate_count, depth increase"
hhl_n7_transpiled.qasm,small,Linear Algebra,7,998,fixed,gate_substitution,fixed,1.0,0.999729,0.0,0.000201,0.001002,0.0,0.0,0.0828092,1.0,1.0,1.0,1.0,1.0,0.332373,0.667627,0.2353711,0.266602,,DAG_topology only
hhl_n7_transpiled.qasm,small,Linear Algebra,7,998,fixed,gate_reorder,fixed,1.0,0.573143,0.586756,0.581064,0.677355,0.0,0.0,0.0861832,1.0,1.0,1.0,1.0,1.0,0.893299,0.106701,0.4592322,0.810547,,DAG_topology only
hhl_n7_transpiled.qasm,small,Linear Algebra,7,998,fixed,trojan_NOT,fixed,0.999201,0.486695,0.624476,0.681405,0.904905,0.0,0.001604,0.0846053,0.998792,0.998998,1.0,0.999263,0.998934,1.0,0.0,0.2356861,1.0,,gate_count only
hhl_n7_transpiled.qasm,small,Linear Algebra,7,998,fixed,trojan_H,fixed,0.999201,0.486517,0.624476,0.681344,0.905906,0.0,0.001604,0.0849576,0.998792,0.998998,1.0,0.999263,0.998934,0.562507,0.437493,0.237101,0.503906,,gate_count only
hhl_n7_transpiled.qasm,small,Linear Algebra,7,998,fixed,qubit_swap,fixed,0.9992,0.996971,0.003353,0.00329,0.001001,0.005102,0.001542,0.094684,0.998792,0.998998,1.0,0.999263,0.998934,0.77585,0.22415,0.4506371,0.612305,,"CNOT_count, DAG_topology"
hs4_n4.qasm,small,Other,4,32,fixed,none,fixed,1.0,1.0,0.0,0.0,0.0,0.0,0.0,0.0059903,1.0,1.0,1.0,1.0,1.0,0.0,1.0,0.2295405,0.0,,all
hs4_n4.qasm,small,Other,4,32,fixed,gate_deletion_1q,fixed,0.98622,0.648554,1.0,0.38429,0.3125,0.0,0.044444,0.0059865,1.0,0.96875,1.0,0.989583,0.981626,0.53987,0.46013,0.283114,0.474609,,"gate_count, depth"
hs4_n4.qasm,small,Other,4,32,fixed,gate_deletion_2q,fixed,0.920599,0.61974,1.0,0.373222,0.21875,0.25,0.058824,0.005685,1.0,0.96875,0.75,0.90625,0.977465,0.742339,0.257661,0.2713715,0.751953,,"gate_count, CNOT_count, depth"
hs4_n4.qasm,small,Other,4,32,fixed,gate_insertion,fixed,0.986223,0.949515,0.09375,0.05742,0.060606,0.0,0.042042,0.006011,1.0,0.96875,1.0,0.989583,0.981631,0.562084,0.437916,0.281372,0.505859,,"gate_count, depth increase"
hs4_n4.qasm,small,Other,4,32,fixed,gate_substitution,fixed,1.0,0.990875,0.0,0.008215,0.03125,0.0,0.0,0.0062827,1.0,1.0,1.0,1.0,1.0,0.573869,0.426131,0.2839064,0.522461,,DAG_topology only
hs4_n4.qasm,small,Other,4,32,fixed,gate_reorder,fixed,1.0,0.534316,0.9375,0.500168,0.75,0.0,0.0,0.0058105,1.0,1.0,1.0,1.0,1.0,1.0,0.0,0.2780972,1.0,,DAG_topology only
hs4_n4.qasm,small,Other,4,32,fixed,trojan_NOT,fixed,0.958269,0.647503,1.0,0.376076,0.333333,0.0,0.042042,0.006086,0.9,0.96875,1.0,0.95625,0.944359,0.0,1.0,0.2719529,0.0,,gate_count only
hs4_n4.qasm,small,Other,4,32,fixed,trojan_H,fixed,0.958269,0.650688,1.0,0.38429,0.30303,0.0,0.042042,0.0059471,0.9,0.96875,1.0,0.95625,0.944359,0.560697,0.439303,0.2744156,0.503906,,gate_count only
hs4_n4.qasm,small,Other,4,32,fixed,qubit_swap,fixed,0.958179,0.881587,0.1875,0.082756,0.030303,0.25,0.052632,0.0062516,0.9,0.96875,1.0,0.95625,0.944239,1.0,0.0,0.2790693,1.0,,"CNOT_count, DAG_topology"
hs4_n4_transpiled.qasm,small,Other,4,32,fixed,none,fixed,1.0,1.0,0.0,0.0,0.0,0.0,0.0,0.0062699,1.0,1.0,1.0,1.0,1.0,0.0,1.0,0.2891533,0.0,,all
hs4_n4_transpiled.qasm,small,Other,4,32,fixed,gate_deletion_1q,fixed,0.986357,0.523359,0.71875,0.578625,0.8125,0.0,0.038095,0.0061331,1.0,0.96875,1.0,0.989583,0.98181,0.0,1.0,0.2841134,0.0,,"gate_count, depth"
hs4_n4_transpiled.qasm,small,Other,4,32,fixed,gate_deletion_2q,fixed,0.920808,0.514538,0.6875,0.522012,0.71875,0.25,0.058824,0.0048526,1.0,0.96875,0.75,0.90625,0.977745,0.736228,0.263772,0.2802028,0.744141,,"gate_count, CNOT_count, depth"
hs4_n4_transpiled.qasm,small,Other,4,32,fixed,gate_insertion,fixed,0.986361,0.718007,0.53125,0.357354,0.363636,0.0,0.045045,0.0062027,1.0,0.96875,1.0,0.989583,0.981814,0.56971,0.43029,0.2829251,0.516602,,"gate_count, depth increase"
hs4_n4_transpiled.qasm,small,Other,4,32,fixed,gate_substitution,fixed,1.0,0.990113,0.0,0.010391,0.03125,0.0,0.0,0.0060461,1.0,1.0,1.0,1.0,1.0,0.0,1.0,0.2880722,0.0,,DAG_topology only
hs4_n4_transpiled.qasm,small,Other,4,32,fixed,gate_reorder,fixed,1.0,0.518908,0.8125,0.66919,0.625,0.0,0.0,0.0059337,1.0,1.0,1.0,1.0,1.0,1.0,0.0,0.2751757,1.0,,DAG_topology only
hs4_n4_transpiled.qasm,small,Other,4,32,fixed,trojan_NOT,fixed,0.986361,0.525172,0.78125,0.541429,0.818182,0.0,0.045045,0.0062834,1.0,0.96875,1.0,0.989583,0.981814,1.0,0.0,0.2824248,1.0,,gate_count only
hs4_n4_transpiled.qasm,small,Other,4,32,fixed,trojan_H,fixed,0.986361,0.524319,0.78125,0.543866,0.818182,0.0,0.045045,0.0061124,1.0,0.96875,1.0,0.989583,0.981814,0.554455,0.445545,0.2770813,0.495117,,gate_count only
hs4_n4_transpiled.qasm,small,Other,4,32,fixed,qubit_swap,fixed,0.962554,0.882397,0.1875,0.080441,0.030303,0.25,0.052632,0.0063026,0.916667,0.96875,1.0,0.961806,0.950072,1.0,0.0,0.2822291,1.0,,"CNOT_count, DAG_topology"
inverseqft_n4.qasm,small,Linear Algebra,4,19,fixed,none,fixed,1.0,1.0,0.0,0.0,0.0,0.0,0.0,0.0076214,1.0,1.0,1.0,1.0,1.0,0.0,1.0,0.3043084,0.0,,all
inverseqft_n4.qasm,small,Linear Algebra,4,19,fixed,gate_deletion_1q,fixed,0.978385,0.355366,1.0,1.0,0.684211,0.0,0.077922,0.0085723,1.0,0.947368,1.0,0.982456,0.97118,0.543346,0.456654,0.2951073,0.479492,,"gate_count, depth"
inverseqft_n4.qasm,small,Linear Algebra,4,19,fixed,gate_deletion_2q,fixed,1.0,1.0,0.0,0.0,0.0,0.0,0.0,0.0081989,1.0,1.0,1.0,1.0,1.0,0.0,1.0,0.2849687,0.0,,"gate_count, CNOT_count, depth"
inverseqft_n4.qasm,small,Linear Algebra,4,19,fixed,gate_insertion,fixed,0.953509,0.363676,1.0,1.0,0.65,0.0,0.063241,0.0080786,0.916667,0.947368,1.0,0.954678,0.938012,0.556536,0.443464,0.2912968,0.498047,,"gate_count, depth increase"
inverseqft_n4.qasm,small,Linear Algebra,4,19,fixed,gate_substitution,fixed,1.0,0.986166,0.0,0.009451,0.052632,0.0,0.0,0.0080178,1.0,1.0,1.0,1.0,1.0,0.56555,0.43445,0.2903679,0.510742,,DAG_topology only
inverseqft_n4.qasm,small,Linear Algebra,4,19,fixed,gate_reorder,fixed,1.0,0.373684,1.0,1.0,0.631579,0.0,0.0,0.0066622,1.0,1.0,1.0,1.0,1.0,0.0,1.0,0.2845785,0.0,,DAG_topology only
inverseqft_n4.qasm,small,Linear Algebra,4,19,fixed,trojan_NOT,fixed,0.953509,0.352885,1.0,1.0,0.7,0.0,0.071146,0.0085873,0.916667,0.947368,1.0,0.954678,0.938012,0.0,1.0,0.2941876,0.0,,gate_count only
inverseqft_n4.qasm,small,Linear Algebra,4,19,fixed,trojan_H,fixed,0.953509,0.362885,1.0,1.0,0.65,0.0,0.071146,0.0083525,0.916667,0.947368,1.0,0.954678,0.938012,0.541956,0.458044,0.2842029,0.477539,,gate_count only
inverseqft_n4.qasm,small,Linear Algebra,4,19,fixed,qubit_swap,fixed,0.978566,0.632201,0.5,0.20843,0.05,1.0,0.098485,0.0083815,1.0,0.947368,1.0,0.982456,0.971421,0.0,1.0,0.2858349,0.0,,"CNOT_count, DAG_topology"
inverseqft_n4_transpiled.qasm,small,Linear Algebra,4,35,fixed,none,fixed,1.0,1.0,0.0,0.0,0.0,0.0,0.0,0.0106046,1.0,1.0,1.0,1.0,1.0,0.0,1.0,0.2968099,0.0,,all
inverseqft_n4_transpiled.qasm,small,Linear Algebra,4,35,fixed,gate_deletion_1q,fixed,0.987937,0.369132,0.875,0.909165,0.885714,0.0,0.042674,0.0117387,1.0,0.971429,1.0,0.990476,0.983917,0.0,1.0,0.2956648,0.0,,"gate_count, depth"
inverseqft_n4_transpiled.qasm,small,Linear Algebra,4,35,fixed,gate_deletion_2q,fixed,1.0,1.0,0.0,0.0,0.0,0.0,0.0,0.011296,1.0,1.0,1.0,1.0,1.0,0.0,1.0,0.2780167,0.0,,"gate_count, CNOT_count, depth"
inverseqft_n4_transpiled.qasm,small,Linear Algebra,4,35,fixed,gate_insertion,fixed,0.98794,0.819028,0.575,0.243194,0.027778,0.0,0.040486,0.0111842,1.0,0.971429,1.0,0.990476,0.983921,0.541956,0.458044,0.2859519,0.477539,,"gate_count, depth increase"
inverseqft_n4_transpiled.qasm,small,Linear Algebra,4,35,fixed,gate_substitution,fixed,1.0,0.991726,0.0,0.007315,0.028571,0.0,0.0,0.0106752,1.0,1.0,1.0,1.0,1.0,0.0,1.0,0.2891437,0.0,,DAG_topology only
inverseqft_n4_transpiled.qasm,small,Linear Algebra,4,35,fixed,gate_reorder,fixed,1.0,0.37,0.8,1.0,0.8,0.0,0.0,0.0105032,1.0,1.0,1.0,1.0,1.0,0.0,1.0,0.2776553,0.0,,DAG_topology only
inverseqft_n4_transpiled.qasm,small,Linear Algebra,4,35,fixed,trojan_NOT,fixed,0.974144,0.380337,0.875,0.907708,0.833333,0.0,0.040486,0.009783,0.954545,0.971429,1.0,0.975325,0.965525,0.0,1.0,0.2795772,0.0,,gate_count only
inverseqft_n4_transpiled.qasm,small,Linear Algebra,4,35,fixed,trojan_H,fixed,0.974144,0.380937,0.875,0.905992,0.833333,0.0,0.040486,0.01105,0.954545,0.971429,1.0,0.975325,0.965525,0.550291,0.449709,0.2866255,0.489258,,gate_count only
inverseqft_n4_transpiled.qasm,small,Linear Algebra,4,35,fixed,qubit_swap,fixed,0.987906,0.676767,0.35,0.170433,0.027778,1.0,0.055263,0.0108219,1.0,0.971429,1.0,0.990476,0.983874,0.0,1.0,0.2845296,0.0,,"CNOT_count, DAG_topology"
ipea_n2.qasm,small,Other,2,41,fixed,none,fixed,1.0,1.0,0.0,0.0,0.0,0.0,0.0,0.0235917,1.0,1.0,1.0,1.0,1.0,0.0,1.0,0.3387743,0.0,,all
ipea_n2.qasm,small,Other,2,41,fixed,gate_deletion_1q,fixed,0.982245,0.632494,0.45098,0.589148,0.463415,0.0,0.00974,0.0211975,0.97561,0.97561,1.0,0.98374,0.976327,0.549597,0.450403,0.3239398,0.488281,,"gate_count, depth"
ipea_n2.qasm,small,Other,2,41,fixed,gate_deletion_2q,fixed,0.982245,0.639044,0.45098,0.544145,0.439024,0.066667,0.017196,0.0215122,0.97561,0.97561,1.0,0.98374,0.976327,0.417993,0.582007,0.3050077,0.308594,,"gate_count, CNOT_count, depth"
ipea_n2.qasm,small,Other,2,41,fixed,gate_insertion,fixed,0.982247,0.881541,0.176471,0.178505,0.142857,0.0,0.009398,0.0218682,0.97561,0.97561,1.0,0.98374,0.976329,0.0,1.0,0.2999341,0.0,,"gate_count, depth increase"
ipea_n2.qasm,small,Other,2,41,fixed,gate_substitution,fixed,1.0,0.991544,0.0,0.010223,0.02439,0.0,0.0,0.0223099,1.0,1.0,1.0,1.0,1.0,0.555148,0.444852,0.2947714,0.496094,,DAG_topology only
ipea_n2.qasm,small,Other,2,41,fixed,gate_reorder,fixed,1.0,0.507245,0.431373,1.0,0.390244,0.0,0.0,0.0212198,1.0,1.0,1.0,1.0,1.0,1.0,0.0,0.2921662,1.0,,DAG_topology only
ipea_n2.qasm,small,Other,2,41,fixed,trojan_NOT,fixed,0.990186,0.622098,0.490196,0.590188,0.47619,0.0,0.025689,0.0227795,1.0,0.97561,1.0,0.99187,0.986914,1.0,0.0,0.3005965,1.0,,gate_count only
ipea_n2.qasm,small,Other,2,41,fixed,trojan_H,fixed,0.990186,0.627224,0.490196,0.589148,0.452381,0.0,0.025689,0.0244966,1.0,0.97561,1.0,0.99187,0.986914,0.553761,0.446239,0.3008779,0.494141,,gate_count only
ipea_n2.qasm,small,Other,2,41,fixed,qubit_swap,fixed,0.982228,0.959506,0.039216,0.042614,0.02381,0.066667,0.01601,0.0208993,0.97561,0.97561,1.0,0.98374,0.976304,0.0,1.0,0.2844013,0.0,,"CNOT_count, DAG_topology"
ipea_n2_transpiled.qasm,small,Other,2,102,fixed,none,fixed,1.0,1.0,0.0,0.0,0.0,0.0,0.0,0.026561,1.0,1.0,1.0,1.0,1.0,0.0,1.0,0.3121138,0.0,,all
ipea_n2_transpiled.qasm,small,Other,2,102,fixed,gate_deletion_1q,fixed,0.992817,0.398351,0.673913,0.918391,0.892157,0.0,0.00694,0.0262947,0.989796,0.990196,1.0,0.993331,0.990422,0.0,1.0,0.2981476,0.0,,"gate_count, depth"
ipea_n2_transpiled.qasm,small,Other,2,102,fixed,gate_deletion_2q,fixed,0.980478,0.4109,0.652174,0.891194,0.862745,0.033333,0.001399,0.0254985,0.979592,0.990196,0.966667,0.978818,0.985082,0.728649,0.271351,0.2758051,0.734375,,"gate_count, CNOT_count, depth"
ipea_n2_transpiled.qasm,small,Other,2,102,fixed,gate_insertion,fixed,0.992814,0.970486,0.028986,0.036664,0.058252,0.0,0.006835,0.0259226,0.989796,0.990196,1.0,0.993331,0.990419,0.56139,0.43861,0.2614434,0.504883,,"gate_count, depth increase"
ipea_n2_transpiled.qasm,small,Other,2,102,fixed,gate_substitution,fixed,1.0,0.996549,0.0,0.004257,0.009804,0.0,0.0,0.0254528,1.0,1.0,1.0,1.0,1.0,0.0,1.0,0.2692606,0.0,,DAG_topology only
ipea_n2_transpiled.qasm,small,Other,2,102,fixed,gate_reorder,fixed,1.0,0.46356,0.550725,0.870889,0.745098,0.0,0.0,0.0234829,1.0,1.0,1.0,1.0,1.0,1.0,0.0,0.2705728,1.0,,DAG_topology only
ipea_n2_transpiled.qasm,small,Other,2,102,fixed,trojan_NOT,fixed,0.996092,0.40214,0.65942,0.912818,0.893204,0.0,0.008202,0.0259732,1.0,0.990196,1.0,0.996732,0.99479,1.0,0.0,0.2679897,1.0,,gate_count only
ipea_n2_transpiled.qasm,small,Other,2,102,fixed,trojan_H,fixed,0.996092,0.40239,0.65942,0.912102,0.893204,0.0,0.008202,0.0252799,1.0,0.990196,1.0,0.996732,0.99479,0.560697,0.439303,0.2690452,0.503906,,gate_count only
ipea_n2_transpiled.qasm,small,Other,2,102,fixed,qubit_swap,fixed,0.992814,0.984309,0.014493,0.013637,0.009709,0.033333,0.001357,0.0254305,0.989796,0.990196,1.0,0.993331,0.990419,0.0,1.0,0.2684762,0.0,,"CNOT_count, DAG_topology"
ising_n10.qasm,small,Simulation,10,490,fixed,none,fixed,1.0,1.0,0.0,0.0,0.0,0.0,0.0,0.0702399,1.0,1.0,1.0,1.0,1.0,0.449769,0.550231,0.2806966,0.333984,,all
ising_n10.qasm,small,Simulation,10,490,fixed,gate_deletion_1q,fixed,0.999054,0.621652,0.629825,0.369329,0.771429,0.0,0.003234,0.1092523,1.0,0.997959,1.0,0.99932,0.998738,0.570806,0.429194,0.2483194,0.5,,"gate_count, depth"
ising_n10.qasm,small,Simulation,10,490,fixed,gate_deletion_2q,fixed,0.996057,0.622018,0.624561,0.365807,0.767347,0.011111,0.005739,0.0442296,1.0,0.997959,0.988889,0.995616,0.998447,0.507989,0.492011,0.2329104,0.401367,,"gate_count, CNOT_count, depth"
ising_n10.qasm,small,Simulation,10,490,fixed,gate_insertion,fixed,0.995315,0.823158,0.324561,0.182569,0.319756,0.0,0.003074,0.0535847,0.985915,0.997959,1.0,0.994625,0.993753,0.741035,0.258965,0.2329174,0.701172,,"gate_count, depth increase"
ising_n10.qasm,small,Simulation,10,490,fixed,gate_substitution,fixed,1.0,0.999493,0.0,0.000282,0.002041,0.0,0.0,0.0474989,1.0,1.0,1.0,1.0,1.0,0.651637,0.348363,0.2294204,0.573242,,DAG_topology only
ising_n10.qasm,small,Simulation,10,490,fixed,gate_reorder,fixed,1.0,0.56521,0.652632,0.64769,0.55102,0.0,0.0,0.0532987,1.0,1.0,1.0,1.0,1.0,1.0,0.0,0.7919446,1.0,,DAG_topology only
ising_n10.qasm,small,Simulation,10,490,fixed,trojan_NOT,fixed,0.999054,0.621549,0.629825,0.369359,0.771894,0.0,0.003223,0.0454652,1.0,0.997959,1.0,0.99932,0.998738,0.446366,0.553634,0.2534773,0.324219,,gate_count only
ising_n10.qasm,small,Simulation,10,490,fixed,trojan_H,fixed,0.999054,0.621968,0.629825,0.369329,0.769857,0.0,0.003223,0.0484174,1.0,0.997959,1.0,0.99932,0.998738,0.564936,0.435064,0.2357279,0.498047,,gate_count only
ising_n10.qasm,small,Simulation,10,490,fixed,qubit_swap,fixed,0.995314,0.989838,0.031579,0.006358,0.002037,0.011111,0.0057,0.0485705,0.985915,0.997959,1.0,0.994625,0.993752,0.821534,0.178466,0.823565,0.728516,,"CNOT_count, DAG_topology"
ising_n10_transpiled.qasm,small,Simulation,10,425,fixed,none,fixed,1.0,1.0,0.0,0.0,0.0,0.0,0.0,0.0685111,1.0,1.0,1.0,1.0,1.0,0.451915,0.548085,0.2800512,0.327148,,all
ising_n10_transpiled.qasm,small,Simulation,10,425,fixed,gate_deletion_1q,fixed,0.998915,0.60279,0.69505,0.34925,0.851765,0.0,0.003627,0.0436622,1.0,0.997647,1.0,0.999216,0.998553,0.472917,0.527083,0.2440279,0.34375,,"gate_count, depth"
ising_n10_transpiled.qasm,small,Simulation,10,425,fixed,gate_deletion_2q,fixed,0.995888,0.604836,0.689109,0.345521,0.84,0.011111,0.006435,0.0448087,1.0,0.997647,0.988889,0.995512,0.998221,0.52909,0.47091,0.2335408,0.431641,,"gate_count, CNOT_count, depth"
ising_n10_transpiled.qasm,small,Simulation,10,425,fixed,gate_insertion,fixed,0.9945,0.747887,0.481188,0.234103,0.488263,0.0,0.003462,0.0404166,0.983333,0.997647,1.0,0.99366,0.992666,0.786123,0.213877,0.2315127,0.765625,,"gate_count, depth increase"
ising_n10_transpiled.qasm,small,Simulation,10,425,fixed,gate_substitution,fixed,1.0,0.999387,0.0,0.000408,0.002353,0.0,0.0,0.0500236,1.0,1.0,1.0,1.0,1.0,0.44348,0.55652,0.2311361,0.330078,,DAG_topology only
ising_n10_transpiled.qasm,small,Simulation,10,425,fixed,gate_reorder,fixed,1.0,0.544039,0.736634,0.629398,0.625882,0.0,0.0,0.044758,1.0,1.0,1.0,1.0,1.0,1.0,0.0,0.7497222,1.0,,DAG_topology only
ising_n10_transpiled.qasm,small,Simulation,10,425,fixed,trojan_NOT,fixed,0.9945,0.603744,0.69505,0.349012,0.847418,0.0,0.003613,0.0493404,0.983333,0.997647,1.0,0.99366,0.992666,0.476205,0.523795,0.2516881,0.375,,gate_count only
ising_n10_transpiled.qasm,small,Simulation,10,425,fixed,trojan_H,fixed,0.9945,0.603777,0.69505,0.348916,0.847418,0.0,0.003613,0.0517233,0.983333,0.997647,1.0,0.99366,0.992666,0.594471,0.405529,0.2331057,0.507812,,gate_count only
ising_n10_transpiled.qasm,small,Simulation,10,425,fixed,qubit_swap,fixed,0.994499,0.988845,0.035644,0.007081,0.002347,0.011111,0.006385,0.0463516,0.983333,0.997647,1.0,0.99366,0.992665,0.832154,0.167846,0.7646539,0.745117,,"CNOT_count, DAG_topology"
iswap_n2.qasm,small,Other,2,11,fixed,none,fixed,1.0,1.0,0.0,0.0,0.0,0.0,0.0,0.0024889,1.0,1.0,1.0,1.0,1.0,0.0,1.0,0.2435894,0.0,,all
iswap_n2.qasm,small,Other,2,11,fixed,gate_deletion_1q,fixed,0.926163,0.376698,1.0,0.918393,0.727273,0.0,0.064103,0.0023456,0.875,0.909091,1.0,0.92803,0.901551,1.0,0.0,0.2799954,1.0,,"gate_count, depth"
iswap_n2.qasm,small,Other,2,11,fixed,gate_deletion_2q,fixed,0.793978,0.442697,0.909091,0.64524,0.454545,0.5,0.041958,0.0022688,0.875,0.909091,0.5,0.761364,0.891971,0.728649,0.271351,0.2848959,0.734375,,"gate_count, CNOT_count, depth"
iswap_n2.qasm,small,Other,2,11,fixed,gate_insertion,fixed,0.92626,0.86094,0.272727,0.169496,0.166667,0.0,0.054945,0.0025808,0.875,0.909091,1.0,0.92803,0.90168,0.56555,0.43445,0.2762732,0.510742,,"gate_count, depth increase"
iswap_n2.qasm,small,Other,2,11,fixed,gate_substitution,fixed,1.0,0.969725,0.0,0.034552,0.090909,0.0,0.0,0.0024842,1.0,1.0,1.0,1.0,1.0,0.556536,0.443464,0.2793258,0.498047,,DAG_topology only
iswap_n2.qasm,small,Other,2,11,fixed,gate_reorder,fixed,1.0,0.335896,0.909091,0.988351,0.909091,0.0,0.0,0.0024651,1.0,1.0,1.0,1.0,1.0,1.0,0.0,0.2874276,1.0,,DAG_topology only
iswap_n2.qasm,small,Other,2,11,fixed,trojan_NOT,fixed,0.963935,0.487588,0.818182,0.707314,0.666667,0.0,0.087912,0.0025731,1.0,0.909091,1.0,0.969697,0.951914,1.0,0.0,0.2881134,1.0,,gate_count only
iswap_n2.qasm,small,Other,2,11,fixed,trojan_H,fixed,0.963935,0.472152,0.818182,0.703798,0.75,0.0,0.087912,0.0026251,1.0,0.909091,1.0,0.969697,0.951914,0.541261,0.458739,0.2748919,0.476562,,gate_count only
iswap_n2.qasm,small,Other,2,11,fixed,qubit_swap,fixed,0.925968,0.802572,0.181818,0.144034,0.083333,0.5,0.030769,0.0026129,0.875,0.909091,1.0,0.92803,0.901291,1.0,0.0,0.2661317,1.0,,"CNOT_count, DAG_topology"
iswap_n2_transpiled.qasm,small,Other,2,16,fixed,none,fixed,1.0,1.0,0.0,0.0,0.0,0.0,0.0,0.0033895,1.0,1.0,1.0,1.0,1.0,0.0,1.0,0.2834464,0.0,,all
iswap_n2_transpiled.qasm,small,Other,2,16,fixed,gate_deletion_1q,fixed,0.946918,0.456895,0.8125,0.726156,0.8125,0.0,0.045752,0.0032587,0.909091,0.9375,1.0,0.948864,0.929224,0.560004,0.439996,0.2729993,0.50293,,"gate_count, depth"
iswap_n2_transpiled.qasm,small,Other,2,16,fixed,gate_deletion_2q,fixed,0.816511,0.457727,0.625,0.594987,0.6875,0.5,0.027778,0.0032049,0.909091,0.9375,0.5,0.782197,0.922014,0.750041,0.249959,0.2778737,0.761719,,"gate_count, CNOT_count, depth"
iswap_n2_transpiled.qasm,small,Other,2,16,fixed,gate_insertion,fixed,0.974512,0.843564,0.3125,0.126584,0.294118,0.0,0.064327,0.0033726,1.0,0.9375,1.0,0.979167,0.966016,0.56971,0.43029,0.2724706,0.516602,,"gate_count, depth increase"
iswap_n2_transpiled.qasm,small,Other,2,16,fixed,gate_substitution,fixed,1.0,0.970144,0.0,0.049588,0.0625,0.0,0.0,0.0033574,1.0,1.0,1.0,1.0,1.0,0.566244,0.433756,0.2742514,0.511719,,DAG_topology only
iswap_n2_transpiled.qasm,small,Other,2,16,fixed,gate_reorder,fixed,1.0,0.494957,0.75,0.764408,0.625,0.0,0.0,0.003315,1.0,1.0,1.0,1.0,1.0,1.0,0.0,0.2694146,1.0,,DAG_topology only
iswap_n2_transpiled.qasm,small,Other,2,16,fixed,trojan_NOT,fixed,0.974512,0.468994,0.6875,0.733549,0.823529,0.0,0.064327,0.0034927,1.0,0.9375,1.0,0.979167,0.966016,1.0,0.0,0.2739002,1.0,,gate_count only
iswap_n2_transpiled.qasm,small,Other,2,16,fixed,trojan_H,fixed,0.974512,0.471268,0.6875,0.727053,0.823529,0.0,0.064327,0.003504,1.0,0.9375,1.0,0.979167,0.966016,0.554455,0.445545,0.2707142,0.495117,,gate_count only
iswap_n2_transpiled.qasm,small,Other,2,16,fixed,qubit_swap,fixed,0.946657,0.836211,0.125,0.08872,0.058824,0.5,0.022222,0.0035299,0.909091,0.9375,1.0,0.948864,0.928876,1.0,0.0,0.2716709,1.0,,"CNOT_count, DAG_topology"
linearsolver_n3.qasm,small,Other,3,22,fixed,none,fixed,1.0,1.0,0.0,0.0,0.0,0.0,0.0,0.0044223,1.0,1.0,1.0,1.0,1.0,0.027528,0.972472,0.2739424,0.015625,,all
linearsolver_n3.qasm,small,Other,3,22,fixed,gate_deletion_1q,fixed,0.956433,0.506318,1.0,0.601608,0.636364,0.0,0.058462,0.0040973,0.916667,0.954545,1.0,0.957071,0.94191,0.597306,0.402694,0.2836856,0.521484,,"gate_count, depth"
linearsolver_n3.qasm,small,Other,3,22,fixed,gate_deletion_2q,fixed,0.889948,0.486752,1.0,0.564991,0.545455,0.25,0.064103,0.0041556,0.916667,0.954545,0.75,0.873737,0.936598,0.775593,0.224407,0.2738316,0.785156,,"gate_count, CNOT_count, depth"
linearsolver_n3.qasm,small,Other,3,22,fixed,gate_insertion,fixed,0.98102,0.853516,0.304348,0.150844,0.217391,0.0,0.045584,0.0043829,1.0,0.954545,1.0,0.984848,0.974694,0.644299,0.355701,0.2822032,0.707031,,"gate_count, depth increase"
linearsolver_n3.qasm,small,Other,3,22,fixed,gate_substitution,fixed,1.0,0.986226,0.0,0.013379,0.045455,0.0,0.0,0.0043564,1.0,1.0,1.0,1.0,1.0,0.498373,0.501627,0.2710514,0.488281,,DAG_topology only
linearsolver_n3.qasm,small,Other,3,22,fixed,gate_reorder,fixed,1.0,0.451753,1.0,0.774212,0.636364,0.0,0.0,0.0042446,1.0,1.0,1.0,1.0,1.0,0.967657,0.032343,0.2752697,0.941406,,DAG_topology only
linearsolver_n3.qasm,small,Other,3,22,fixed,trojan_NOT,fixed,0.956445,0.52241,1.0,0.597524,0.565217,0.0,0.054131,0.0046462,0.916667,0.954545,1.0,0.957071,0.941927,0.016903,0.983097,0.2792206,0.007812,,gate_count only
linearsolver_n3.qasm,small,Other,3,22,fixed,trojan_H,fixed,0.956445,0.512285,1.0,0.601608,0.608696,0.0,0.054131,0.0045124,0.916667,0.954545,1.0,0.957071,0.941927,0.580055,0.419945,0.276195,0.493164,,gate_count only
linearsolver_n3.qasm,small,Other,3,22,fixed,qubit_swap,fixed,0.956327,0.87231,0.173913,0.106894,0.043478,0.25,0.054945,0.00473,0.916667,0.954545,1.0,0.957071,0.94177,0.276162,0.723838,0.2833835,0.086914,,"CNOT_count, DAG_topology"
linearsolver_n3_transpiled.qasm,small,Other,3,29,fixed,none,fixed,1.0,1.0,0.0,0.0,0.0,0.0,0.0,0.0056458,1.0,1.0,1.0,1.0,1.0,0.03619,0.96381,0.2873074,0.02832,,all
linearsolver_n3_transpiled.qasm,small,Other,3,29,fixed,gate_deletion_1q,fixed,0.971044,0.494824,0.633333,0.64663,0.896552,0.0,0.045455,0.0054676,0.952381,0.965517,1.0,0.972633,0.961392,0.043465,0.956535,0.2732051,0.024414,,"gate_count, depth"
linearsolver_n3_transpiled.qasm,small,Other,3,29,fixed,gate_deletion_2q,fixed,0.861496,0.482499,0.666667,0.582279,0.793103,0.25,0.050831,0.005456,0.809524,0.965517,0.75,0.84168,0.898662,0.736822,0.263178,0.2732452,0.732422,,"gate_count, CNOT_count, depth"
linearsolver_n3_transpiled.qasm,small,Other,3,29,fixed,gate_insertion,fixed,0.971048,0.672436,0.5,0.406664,0.533333,0.0,0.035651,0.0056291,0.952381,0.965517,1.0,0.972633,0.961398,0.774178,0.225822,0.2686873,0.837891,,"gate_count, depth increase"
linearsolver_n3_transpiled.qasm,small,Other,3,29,fixed,gate_substitution,fixed,1.0,0.98897,0.0,0.011811,0.034483,0.0,0.0,0.0055776,1.0,1.0,1.0,1.0,1.0,0.04629,0.95371,0.2633907,0.025391,,DAG_topology only
linearsolver_n3_transpiled.qasm,small,Other,3,29,fixed,gate_reorder,fixed,1.0,0.49421,0.6,0.754474,0.758621,0.0,0.0,0.0053842,1.0,1.0,1.0,1.0,1.0,0.963981,0.036019,0.2755607,0.931641,,DAG_topology only
linearsolver_n3_transpiled.qasm,small,Other,3,29,fixed,trojan_NOT,fixed,0.985743,0.532677,0.7,0.584891,0.766667,0.0,0.042781,0.0056979,1.0,0.965517,1.0,0.988506,0.98099,1.0,0.0,0.2737595,1.0,,gate_count only
linearsolver_n3_transpiled.qasm,small,Other,3,29,fixed,trojan_H,fixed,0.985743,0.533646,0.7,0.58212,0.766667,0.0,0.042781,0.0058631,1.0,0.965517,1.0,0.988506,0.98099,0.923255,0.076745,0.2789579,0.918945,,gate_count only
linearsolver_n3_transpiled.qasm,small,Other,3,29,fixed,qubit_swap,fixed,0.970952,0.89345,0.133333,0.072519,0.033333,0.25,0.045022,0.0058666,0.952381,0.965517,1.0,0.972633,0.961269,0.292461,0.707539,0.2699427,0.095703,,"CNOT_count, DAG_topology"
lpn_n5.qasm,small,Error Correction,5,16,fixed,none,fixed,1.0,1.0,0.0,0.0,0.0,0.0,0.0,0.0033281,1.0,1.0,1.0,1.0,1.0,0.01908,0.98092,0.2912816,0.022461,,all
lpn_n5.qasm,small,Error Correction,5,16,fixed,gate_deletion_1q,fixed,0.973143,0.621005,1.0,0.485271,0.25,0.0,0.091503,0.0034445,1.0,0.9375,1.0,0.979167,0.964191,0.549939,0.450061,0.294507,0.488281,,"gate_count, depth"
lpn_n5.qasm,small,Error Correction,5,16,fixed,gate_deletion_2q,fixed,0.786911,0.513539,1.0,0.528778,0.1875,0.5,0.138889,0.0033032,0.8,0.9375,0.5,0.745833,0.882548,0.701678,0.298322,0.3205939,0.50293,,"gate_count, CNOT_count, depth"
lpn_n5.qasm,small,Error Correction,5,16,fixed,gate_insertion,fixed,0.917751,0.802356,0.692308,0.177376,0.117647,0.0,0.081871,0.0035678,0.8,0.9375,1.0,0.9125,0.890335,0.530173,0.469827,0.3098289,0.460938,,"gate_count, depth increase"
lpn_n5.qasm,small,Error Correction,5,16,fixed,gate_substitution,fixed,1.0,0.981936,0.0,0.015896,0.0625,0.0,0.0,0.0033892,1.0,1.0,1.0,1.0,1.0,0.549664,0.450336,0.3193794,0.488281,,DAG_topology only
lpn_n5.qasm,small,Error Correction,5,16,fixed,gate_reorder,fixed,1.0,0.440078,1.0,0.742636,0.75,0.0,0.0,0.0032039,1.0,1.0,1.0,1.0,1.0,0.70609,0.29391,0.3012502,0.50293,,DAG_topology only
lpn_n5.qasm,small,Error Correction,5,16,fixed,trojan_NOT,fixed,0.973186,0.612794,1.0,0.484601,0.294118,0.0,0.087719,0.0035141,1.0,0.9375,1.0,0.979167,0.964248,1.0,0.0,0.2927811,1.0,,gate_count only
lpn_n5.qasm,small,Error Correction,5,16,fixed,trojan_H,fixed,0.973186,0.630122,1.0,0.468705,0.235294,0.0,0.087719,0.0035173,1.0,0.9375,1.0,0.979167,0.964248,0.559092,0.440908,0.2890781,0.500977,,gate_count only
lpn_n5.qasm,small,Error Correction,5,16,fixed,qubit_swap,fixed,0.917671,0.71606,0.615385,0.193272,0.058824,0.5,0.122222,0.0033902,0.8,0.9375,1.0,0.9125,0.890228,0.714376,0.285624,0.2808603,0.517578,,"CNOT_count, DAG_topology"
lpn_n5_transpiled.qasm,small,Error Correction,5,22,fixed,none,fixed,1.0,1.0,0.0,0.0,0.0,0.0,0.0,0.0044372,1.0,1.0,1.0,1.0,1.0,0.043978,0.956022,0.280642,0.051758,,all
lpn_n5_transpiled.qasm,small,Error Correction,5,22,fixed,gate_deletion_1q,fixed,0.980396,0.532537,1.0,0.526839,0.636364,0.0,0.057971,0.0041788,1.0,0.954545,1.0,0.984848,0.973861,0.040661,0.959339,0.2813608,0.047852,,"gate_count, depth"
lpn_n5_transpiled.qasm,small,Error Correction,5,22,fixed,gate_deletion_2q,fixed,0.81922,0.449384,0.842105,0.67116,0.409091,0.5,0.075758,0.0041903,0.888889,0.954545,0.5,0.781145,0.925627,0.68685,0.31315,0.2706599,0.479492,,"gate_count, CNOT_count, depth"
lpn_n5_transpiled.qasm,small,Error Correction,5,22,fixed,gate_insertion,fixed,0.94858,0.805163,0.578947,0.241725,0.086957,0.0,0.06,0.0045844,0.888889,0.954545,1.0,0.947811,0.93144,0.552402,0.447598,0.2762376,0.492188,,"gate_count, depth increase"
lpn_n5_transpiled.qasm,small,Error Correction,5,22,fixed,gate_substitution,fixed,1.0,0.985853,0.0,0.014446,0.045455,0.0,0.0,0.004053,1.0,1.0,1.0,1.0,1.0,0.034028,0.965972,0.2865943,0.040039,,DAG_topology only
lpn_n5_transpiled.qasm,small,Error Correction,5,22,fixed,gate_reorder,fixed,1.0,0.495067,0.947368,0.673014,0.636364,0.0,0.0,0.0043678,1.0,1.0,1.0,1.0,1.0,0.697136,0.302864,0.4331986,0.506836,,DAG_topology only
lpn_n5_transpiled.qasm,small,Error Correction,5,22,fixed,trojan_NOT,fixed,0.980408,0.532561,1.0,0.512393,0.652174,0.0,0.076667,0.0040554,1.0,0.954545,1.0,0.984848,0.973878,1.0,0.0,0.3258,1.0,,gate_count only
lpn_n5_transpiled.qasm,small,Error Correction,5,22,fixed,trojan_H,fixed,0.980408,0.533747,1.0,0.509005,0.652174,0.0,0.076667,0.0048599,1.0,0.954545,1.0,0.984848,0.973878,0.55394,0.44606,0.3031877,0.491211,,gate_count only
lpn_n5_transpiled.qasm,small,Error Correction,5,22,fixed,qubit_swap,fixed,0.948452,0.787082,0.315789,0.134968,0.043478,0.5,0.096154,0.0044171,0.888889,0.954545,1.0,0.947811,0.93127,0.701621,0.298379,0.2973217,0.518555,,"CNOT_count, DAG_topology"
pea_n5.qasm,small,Other,5,33,fixed,none,fixed,1.0,1.0,0.0,0.0,0.0,0.0,0.0,0.0132346,1.0,1.0,1.0,1.0,1.0,0.0,1.0,0.284585,0.0,,all
pea_n5.qasm,small,Other,5,33,fixed,gate_deletion_1q,fixed,0.987193,0.709904,0.710526,0.343189,0.30303,0.0,0.027952,0.0127136,1.0,0.969697,1.0,0.989899,0.982924,0.575949,0.424051,0.2671276,0.525391,,"gate_count, depth"
pea_n5.qasm,small,Other,5,33,fixed,gate_deletion_2q,fixed,0.974171,0.71588,0.736842,0.299903,0.272727,0.047619,0.045584,0.0122834,0.958333,0.969697,1.0,0.97601,0.965561,0.414215,0.585785,0.2453535,0.303711,,"gate_count, CNOT_count, depth"
pea_n5.qasm,small,Other,5,33,fixed,gate_insertion,fixed,0.987197,0.710252,0.763158,0.325214,0.294118,0.0,0.026263,0.0134414,1.0,0.969697,1.0,0.989899,0.982929,0.556536,0.443464,0.2432913,0.498047,,"gate_count, depth increase"
pea_n5.qasm,small,Other,5,33,fixed,gate_substitution,fixed,1.0,0.991927,0.0,0.005749,0.030303,0.0,0.0,0.0128965,1.0,1.0,1.0,1.0,1.0,0.56347,0.43653,0.2497522,0.507812,,DAG_topology only
pea_n5.qasm,small,Other,5,33,fixed,gate_reorder,fixed,1.0,0.558431,0.894737,0.60111,0.484848,0.0,0.0,0.0132379,1.0,1.0,1.0,1.0,1.0,1.0,0.0,0.24443,1.0,,DAG_topology only
pea_n5.qasm,small,Other,5,33,fixed,trojan_NOT,fixed,0.974199,0.709713,0.710526,0.330963,0.323529,0.0,0.03165,0.0133417,0.958333,0.969697,1.0,0.97601,0.965599,1.0,0.0,0.2553367,1.0,,gate_count only
pea_n5.qasm,small,Other,5,33,fixed,trojan_H,fixed,0.974199,0.717608,0.710526,0.325214,0.294118,0.0,0.03165,0.0144886,0.958333,0.969697,1.0,0.97601,0.965599,0.56555,0.43445,0.3462287,0.510742,,gate_count only
pea_n5.qasm,small,Other,5,33,fixed,qubit_swap,fixed,0.987174,0.936669,0.157895,0.05792,0.029412,0.047619,0.039683,0.0131229,1.0,0.969697,1.0,0.989899,0.982899,0.0,1.0,0.4197303,0.0,,"CNOT_count, DAG_topology"
pea_n5_transpiled.qasm,small,Other,5,112,fixed,none,fixed,1.0,1.0,0.0,0.0,0.0,0.0,0.0,0.0210076,1.0,1.0,1.0,1.0,1.0,0.0,1.0,0.2612379,0.0,,all
pea_n5_transpiled.qasm,small,Other,5,112,fixed,gate_deletion_1q,fixed,0.996376,0.437729,0.812081,0.735064,0.910714,0.0,0.010441,0.02054,1.0,0.991071,1.0,0.997024,0.995168,0.0,1.0,0.2660586,0.0,,"gate_count, depth"
pea_n5_transpiled.qasm,small,Other,5,112,fixed,gate_deletion_2q,fixed,0.982662,0.470032,0.751678,0.700338,0.830357,0.02381,0.012645,0.0223515,0.977273,0.991071,0.97619,0.981512,0.984819,0.736228,0.263772,0.2591251,0.744141,,"gate_count, CNOT_count, depth"
pea_n5_transpiled.qasm,small,Other,5,112,fixed,gate_insertion,fixed,0.996376,0.92951,0.060403,0.021557,0.265487,0.0,0.007876,0.0217717,1.0,0.991071,1.0,0.997024,0.995168,0.53987,0.46013,0.2501789,0.474609,,"gate_count, depth increase"
pea_n5_transpiled.qasm,small,Other,5,112,fixed,gate_substitution,fixed,1.0,0.997473,0.0,0.002118,0.008929,0.0,0.0,0.020532,1.0,1.0,1.0,1.0,1.0,0.0,1.0,0.2580851,0.0,,DAG_topology only
pea_n5_transpiled.qasm,small,Other,5,112,fixed,gate_reorder,fixed,1.0,0.457663,0.751678,0.819223,0.714286,0.0,0.0,0.0212756,1.0,1.0,1.0,1.0,1.0,1.0,0.0,0.2716311,1.0,,DAG_topology only
pea_n5_transpiled.qasm,small,Other,5,112,fixed,trojan_NOT,fixed,0.996376,0.444733,0.785235,0.725882,0.911504,0.0,0.011227,0.0208831,1.0,0.991071,1.0,0.997024,0.995168,1.0,0.0,0.2591831,1.0,,gate_count only
pea_n5_transpiled.qasm,small,Other,5,112,fixed,trojan_H,fixed,0.996376,0.444906,0.785235,0.725385,0.911504,0.0,0.011227,0.0209435,1.0,0.991071,1.0,0.997024,0.995168,0.55931,0.44069,0.2556347,0.501953,,gate_count only
pea_n5_transpiled.qasm,small,Other,5,112,fixed,qubit_swap,fixed,0.996374,0.980023,0.040268,0.016399,0.00885,0.02381,0.01665,0.021842,1.0,0.991071,1.0,0.997024,0.995165,0.0,1.0,0.2700371,0.0,,"CNOT_count, DAG_topology"
qaoa_n3.qasm,small,Variational,3,18,fixed,none,fixed,1.0,1.0,0.0,0.0,0.0,0.0,0.0,0.0039464,1.0,1.0,1.0,1.0,1.0,0.023511,0.976489,0.2740346,0.021484,,all
qaoa_n3.qasm,small,Variational,3,18,fixed,gate_deletion_1q,fixed,0.977639,0.486429,1.0,0.640224,0.666667,0.0,0.061594,0.0037015,1.0,0.944444,1.0,0.981481,0.970186,0.315945,0.684055,0.2809715,0.291992,,"gate_count, depth"
qaoa_n3.qasm,small,Variational,3,18,fixed,gate_deletion_2q,fixed,0.906907,0.492815,1.0,0.558767,0.611111,0.166667,0.060606,0.0037351,0.916667,0.944444,0.833333,0.898148,0.931432,0.050924,0.949076,0.2862948,0.052734,,"gate_count, CNOT_count, depth"
qaoa_n3.qasm,small,Variational,3,18,fixed,gate_insertion,fixed,0.952763,0.798776,0.428571,0.195563,0.315789,0.0,0.053333,0.0040935,0.916667,0.944444,1.0,0.953704,0.937018,0.442752,0.557248,0.3035643,0.484375,,"gate_count, depth increase"
qaoa_n3.qasm,small,Variational,3,18,fixed,gate_substitution,fixed,1.0,0.98372,0.0,0.014768,0.055556,0.0,0.0,0.003897,1.0,1.0,1.0,1.0,1.0,0.351451,0.648549,0.3060551,0.331055,,DAG_topology only
qaoa_n3.qasm,small,Variational,3,18,fixed,gate_reorder,fixed,1.0,0.342496,1.0,0.942074,0.888889,0.0,0.0,0.0038605,1.0,1.0,1.0,1.0,1.0,0.875107,0.124893,0.3100434,0.773438,,DAG_topology only
qaoa_n3.qasm,small,Variational,3,18,fixed,trojan_NOT,fixed,0.952763,0.478244,1.0,0.654992,0.684211,0.0,0.056667,0.0040985,0.916667,0.944444,1.0,0.953704,0.937018,0.040543,0.959457,0.2988767,0.039062,,gate_count only
qaoa_n3.qasm,small,Variational,3,18,fixed,trojan_H,fixed,0.952763,0.493939,1.0,0.640224,0.631579,0.0,0.056667,0.0039144,0.916667,0.944444,1.0,0.953704,0.937018,0.317414,0.682586,0.287447,0.287109,,gate_count only
qaoa_n3.qasm,small,Variational,3,18,fixed,qubit_swap,fixed,0.952763,0.91454,0.095238,0.06156,0.052632,0.166667,0.057692,0.0040686,0.916667,0.944444,1.0,0.953704,0.937018,0.69954,0.30046,0.2877653,0.508789,,"CNOT_count, DAG_topology"
qaoa_n3_transpiled.qasm,small,Variational,3,35,fixed,none,fixed,1.0,1.0,0.0,0.0,0.0,0.0,0.0,0.0067722,1.0,1.0,1.0,1.0,1.0,0.048387,0.951613,0.2899461,0.052734,,all
qaoa_n3_transpiled.qasm,small,Variational,3,35,fixed,gate_deletion_1q,fixed,0.987791,0.530505,0.763158,0.580099,0.742857,0.0,0.034146,0.0063671,1.0,0.971429,1.0,0.990476,0.983721,0.0574,0.9426,0.2761501,0.047852,,"gate_count, depth"
qaoa_n3_transpiled.qasm,small,Variational,3,35,fixed,gate_deletion_2q,fixed,0.926282,0.599795,0.631579,0.458032,0.542857,0.166667,0.03252,0.006675,0.941176,0.971429,0.833333,0.915313,0.957265,0.064786,0.935214,0.2815366,0.05957,,"gate_count, CNOT_count, depth"
qaoa_n3_transpiled.qasm,small,Variational,3,35,fixed,gate_insertion,fixed,0.97058,0.541815,0.763158,0.575915,0.694444,0.0,0.03252,0.0067838,0.941176,0.971429,1.0,0.970868,0.960773,0.322956,0.677044,0.2764217,0.296875,,"gate_count, depth increase"
qaoa_n3_transpiled.qasm,small,Variational,3,35,fixed,gate_substitution,fixed,1.0,0.990909,0.0,0.009648,0.028571,0.0,0.0,0.0067077,1.0,1.0,1.0,1.0,1.0,0.053449,0.946551,0.2682699,0.042969,,DAG_topology only
qaoa_n3_transpiled.qasm,small,Variational,3,35,fixed,gate_reorder,fixed,1.0,0.445544,0.684211,0.899091,0.685714,0.0,0.0,0.0064252,1.0,1.0,1.0,1.0,1.0,0.882232,0.117768,0.279293,0.780273,,DAG_topology only
qaoa_n3_transpiled.qasm,small,Variational,3,35,fixed,trojan_NOT,fixed,0.97058,0.541023,0.763158,0.578178,0.694444,0.0,0.03252,0.006859,0.941176,0.971429,1.0,0.970868,0.960773,0.047284,0.952716,0.2784952,0.049805,,gate_count only
qaoa_n3_transpiled.qasm,small,Variational,3,35,fixed,trojan_H,fixed,0.97058,0.541815,0.763158,0.575915,0.694444,0.0,0.03252,0.006751,0.941176,0.971429,1.0,0.970868,0.960773,0.319521,0.680479,0.2766643,0.288086,,gate_count only
qaoa_n3_transpiled.qasm,small,Variational,3,35,fixed,qubit_swap,fixed,0.970512,0.938996,0.052632,0.030907,0.027778,0.166667,0.034033,0.0068813,0.941176,0.971429,1.0,0.970868,0.960683,0.698566,0.301434,0.2954891,0.52832,,"CNOT_count, DAG_topology"
qaoa_n6.qasm,small,Variational,6,276,fixed,none,fixed,1.0,1.0,0.0,0.0,0.0,0.0,0.0,0.0524278,1.0,1.0,1.0,1.0,1.0,0.168375,0.831625,0.2847546,0.144531,,all
qaoa_n6.qasm,small,Variational,6,276,fixed,gate_deletion_1q,fixed,0.995783,0.53717,0.737654,0.578271,0.746377,0.0,0.005121,0.0541281,0.990909,0.996377,1.0,0.995762,0.994377,0.353273,0.646727,0.2410939,0.311523,,"gate_count, depth"
qaoa_n6.qasm,small,Variational,6,276,fixed,gate_deletion_2q,fixed,0.990805,0.539183,0.734568,0.570639,0.731884,0.018519,0.008278,0.0524038,0.990909,0.996377,0.981481,0.989589,0.993913,0.37536,0.62464,0.2348069,0.342773,,"gate_count, CNOT_count, depth"
qaoa_n6.qasm,small,Variational,6,276,fixed,gate_insertion,fixed,0.998401,0.939723,0.114198,0.066157,0.097473,0.0,0.00498,0.0524577,1.0,0.996377,1.0,0.998792,0.997869,0.348073,0.651927,0.2312309,0.318359,,"gate_count, depth increase"
qaoa_n6.qasm,small,Variational,6,276,fixed,gate_substitution,fixed,1.0,0.999036,0.0,0.000683,0.003623,0.0,0.0,0.051248,1.0,1.0,1.0,1.0,1.0,0.366925,0.633075,0.2309722,0.349609,,DAG_topology only
qaoa_n6.qasm,small,Variational,6,276,fixed,gate_reorder,fixed,1.0,0.480885,0.728395,0.752797,0.731884,0.0,0.0,0.0504217,1.0,1.0,1.0,1.0,1.0,0.995754,0.004246,0.267985,0.993164,,DAG_topology only
qaoa_n6.qasm,small,Variational,6,276,fixed,trojan_NOT,fixed,0.995783,0.536917,0.737654,0.578479,0.747292,0.0,0.00509,0.0537689,0.990909,0.996377,1.0,0.995762,0.994377,0.141174,0.858826,0.2412617,0.124023,,gate_count only
qaoa_n6.qasm,small,Variational,6,276,fixed,trojan_H,fixed,0.995783,0.537712,0.737654,0.578271,0.743682,0.0,0.00509,0.0527619,0.990909,0.996377,1.0,0.995762,0.994377,0.354536,0.645464,0.2252277,0.321289,,gate_count only
qaoa_n6.qasm,small,Variational,6,276,fixed,qubit_swap,fixed,0.9984,0.986724,0.030864,0.009722,0.00361,0.018519,0.008178,0.0546389,1.0,0.996377,1.0,0.998792,0.997867,0.758043,0.241957,0.2744636,0.617188,,"CNOT_count, DAG_topology"
qaoa_n6_transpiled.qasm,small,Variational,6,384,fixed,none,fixed,1.0,1.0,0.0,0.0,0.0,0.0,0.0,0.0664123,1.0,1.0,1.0,1.0,1.0,0.147224,0.852776,0.2629675,0.12793,,all
qaoa_n6_transpiled.qasm,small,Variational,6,384,fixed,gate_deletion_1q,fixed,0.998838,0.542065,0.627315,0.516123,0.914062,0.0,0.003824,0.0537012,1.0,0.997396,1.0,0.999132,0.99845,0.136272,0.863728,0.2363065,0.126953,,"gate_count, depth"
qaoa_n6_transpiled.qasm,small,Variational,6,384,fixed,gate_deletion_2q,fixed,0.992029,0.545257,0.62037,0.512135,0.890625,0.018519,0.006116,0.053681,0.993333,0.997396,0.981481,0.990737,0.995545,0.405736,0.594264,0.230636,0.351562,,"gate_count, CNOT_count, depth"
qaoa_n6_transpiled.qasm,small,Variational,6,384,fixed,gate_insertion,fixed,0.998838,0.869961,0.238426,0.180704,0.153247,0.0,0.003797,0.0475321,1.0,0.997396,1.0,0.999132,0.99845,0.482379,0.517621,0.2286814,0.453125,,"gate_count, depth increase"
qaoa_n6_transpiled.qasm,small,Variational,6,384,fixed,gate_substitution,fixed,1.0,0.999261,0.0,0.000623,0.002604,0.0,0.0,0.0589941,1.0,1.0,1.0,1.0,1.0,0.141124,0.858876,0.2288845,0.126953,,DAG_topology only
qaoa_n6_transpiled.qasm,small,Variational,6,384,fixed,gate_reorder,fixed,1.0,0.563582,0.587963,0.691352,0.53125,0.0,0.0,0.0548619,1.0,1.0,1.0,1.0,1.0,0.997125,0.002875,0.279811,0.995117,,DAG_topology only
qaoa_n6_transpiled.qasm,small,Variational,6,384,fixed,trojan_NOT,fixed,0.996915,0.544759,0.627315,0.514241,0.903896,0.0,0.003807,0.0535079,0.993333,0.997396,1.0,0.99691,0.995887,0.341371,0.658629,0.2322624,0.306641,,gate_count only
qaoa_n6_transpiled.qasm,small,Variational,6,384,fixed,trojan_H,fixed,0.996915,0.54481,0.627315,0.514094,0.903896,0.0,0.003807,0.0498898,0.993333,0.997396,1.0,0.99691,0.995887,0.352258,0.647742,0.234993,0.319336,,gate_count only
qaoa_n6_transpiled.qasm,small,Variational,6,384,fixed,qubit_swap,fixed,0.998837,0.989311,0.023148,0.00682,0.002597,0.018519,0.006061,0.0527187,1.0,0.997396,1.0,0.999132,0.998449,0.753247,0.246753,0.2791721,0.614258,,"CNOT_count, DAG_topology"
qec_en_n5.qasm,small,Error Correction,5,30,fixed,none,fixed,1.0,1.0,0.0,0.0,0.0,0.0,0.0,0.0058441,1.0,1.0,1.0,1.0,1.0,0.011665,0.988335,0.23192,0.009766,,all
qec_en_n5.qasm,small,Error Correction,5,30,fixed,gate_deletion_1q,fixed,0.96979,0.598772,1.0,0.462118,0.433333,0.0,0.028205,0.0055789,0.944444,0.966667,1.0,0.97037,0.95972,0.324827,0.675173,0.2801388,0.352539,,"gate_count, depth"
qec_en_n5.qasm,small,Error Correction,5,30,fixed,gate_deletion_2q,fixed,0.942138,0.612339,0.971429,0.431627,0.333333,0.1,0.042105,0.0055294,0.944444,0.966667,0.9,0.937037,0.956183,0.385302,0.614698,0.2695781,0.15332,,"gate_count, CNOT_count, depth"
qec_en_n5.qasm,small,Error Correction,5,30,fixed,gate_insertion,fixed,0.986309,0.886505,0.314286,0.140864,0.064516,0.0,0.041463,0.0059402,1.0,0.966667,1.0,0.988889,0.981745,0.557087,0.442913,0.2802155,0.498047,,"gate_count, depth increase"
qec_en_n5.qasm,small,Error Correction,5,30,fixed,gate_substitution,fixed,1.0,0.990747,0.0,0.007389,0.033333,0.0,0.0,0.0060807,1.0,1.0,1.0,1.0,1.0,0.347065,0.652935,0.2689696,0.379883,,DAG_topology only
qec_en_n5.qasm,small,Error Correction,5,30,fixed,gate_reorder,fixed,1.0,0.519518,1.0,0.601378,0.6,0.0,0.0,0.0056616,1.0,1.0,1.0,1.0,1.0,0.388438,0.611562,0.2745375,0.15332,,DAG_topology only
qec_en_n5.qasm,small,Error Correction,5,30,fixed,trojan_NOT,fixed,0.986309,0.585691,1.0,0.484908,0.451613,0.0,0.042683,0.0059693,1.0,0.966667,1.0,0.988889,0.981745,1.0,0.0,0.2766003,1.0,,gate_count only
qec_en_n5.qasm,small,Error Correction,5,30,fixed,trojan_H,fixed,0.986309,0.594729,1.0,0.477519,0.419355,0.0,0.042683,0.0059147,1.0,0.966667,1.0,0.988889,0.981745,0.553207,0.446793,0.2696427,0.493164,,gate_count only
qec_en_n5.qasm,small,Error Correction,5,30,fixed,qubit_swap,fixed,0.986309,0.909486,0.171429,0.089839,0.032258,0.1,0.069048,0.0058366,1.0,0.966667,1.0,0.988889,0.981745,0.016943,0.983057,0.2855497,0.014648,,"CNOT_count, DAG_topology"
qec_en_n5_transpiled.qasm,small,Error Correction,5,51,fixed,none,fixed,1.0,1.0,0.0,0.0,0.0,0.0,0.0,0.0095858,1.0,1.0,1.0,1.0,1.0,0.001188,0.998812,0.2789657,0.000977,,all
qec_en_n5_transpiled.qasm,small,Error Correction,5,51,fixed,gate_deletion_1q,fixed,0.991544,0.578178,0.839286,0.445236,0.686275,0.0,0.028415,0.0091466,1.0,0.980392,1.0,0.993464,0.988725,0.005889,0.994111,0.2758679,0.004883,,"gate_count, depth"
qec_en_n5_transpiled.qasm,small,Error Correction,5,51,fixed,gate_deletion_2q,fixed,0.952097,0.604734,0.75,0.428144,0.54902,0.1,0.03112,0.0093043,0.956522,0.980392,0.9,0.945638,0.969463,0.380177,0.619823,0.2598195,0.146484,,"gate_count, CNOT_count, depth"
qec_en_n5_transpiled.qasm,small,Error Correction,5,51,fixed,gate_insertion,fixed,0.991545,0.774446,0.375,0.190155,0.5,0.0,0.027499,0.0093954,1.0,0.980392,1.0,0.993464,0.988727,0.532231,0.467769,0.2699435,0.463867,,"gate_count, depth increase"
qec_en_n5_transpiled.qasm,small,Error Correction,5,51,fixed,gate_substitution,fixed,1.0,0.994205,0.0,0.005352,0.019608,0.0,0.0,0.0092934,1.0,1.0,1.0,1.0,1.0,0.002379,0.997621,0.2705348,0.001953,,DAG_topology only
qec_en_n5_transpiled.qasm,small,Error Correction,5,51,fixed,gate_reorder,fixed,1.0,0.429274,0.964286,0.791609,0.745098,0.0,0.0,0.0092884,1.0,1.0,1.0,1.0,1.0,0.376301,0.623699,0.2629607,0.142578,,DAG_topology only
qec_en_n5_transpiled.qasm,small,Error Correction,5,51,fixed,trojan_NOT,fixed,0.991545,0.585129,0.839286,0.44417,0.653846,0.0,0.027499,0.0095895,1.0,0.980392,1.0,0.993464,0.988727,0.009383,0.990617,0.2788123,0.007812,,gate_count only
qec_en_n5_transpiled.qasm,small,Error Correction,5,51,fixed,trojan_H,fixed,0.991545,0.585568,0.839286,0.442914,0.653846,0.0,0.027499,0.009521,1.0,0.980392,1.0,0.993464,0.988727,0.55205,0.44795,0.2707142,0.491211,,gate_count only
qec_en_n5_transpiled.qasm,small,Error Correction,5,51,fixed,qubit_swap,fixed,0.991517,0.938209,0.107143,0.050004,0.019231,0.1,0.043716,0.0094916,1.0,0.980392,1.0,0.993464,0.988689,0.011697,0.988303,0.2809527,0.009766,,"CNOT_count, DAG_topology"
qec_sm_n5.qasm,small,Error Correction,5,11,fixed,none,fixed,1.0,1.0,0.0,0.0,0.0,0.0,0.0,0.0050794,1.0,1.0,1.0,1.0,1.0,0.0,1.0,0.2880085,0.0,,all
qec_sm_n5.qasm,small,Error Correction,5,11,fixed,gate_deletion_1q,fixed,0.921998,0.400267,1.0,1.0,0.454545,0.0,0.088235,0.0047875,0.857143,0.909091,1.0,0.922078,0.895997,1.0,0.0,0.2879313,1.0,,"gate_count, depth"
qec_sm_n5.qasm,small,Error Correction,5,11,fixed,gate_deletion_2q,fixed,1.0,1.0,0.0,0.0,0.0,0.0,0.0,0.0050199,1.0,1.0,1.0,1.0,1.0,0.0,1.0,0.2856933,0.0,,"gate_count, CNOT_count, depth"
qec_sm_n5.qasm,small,Error Correction,5,11,fixed,gate_insertion,fixed,0.963994,0.738682,1.0,0.194803,0.166667,0.0,0.098039,0.0052402,1.0,0.909091,1.0,0.969697,0.951992,0.547514,0.452486,0.2832532,0.485352,,"gate_count, depth increase"
qec_sm_n5.qasm,small,Error Correction,5,11,fixed,gate_substitution,fixed,1.0,0.977823,0.0,0.011416,0.090909,0.0,0.0,0.0050318,1.0,1.0,1.0,1.0,1.0,0.566937,0.433063,0.2870269,0.512695,,DAG_topology only
qec_sm_n5.qasm,small,Error Correction,5,11,fixed,gate_reorder,fixed,0.975824,0.318182,1.0,1.0,0.909091,0.0,0.0,0.0049092,1.0,1.0,1.0,1.0,0.967766,1.0,0.0,0.2854483,1.0,,DAG_topology only
qec_sm_n5.qasm,small,Error Correction,5,11,fixed,trojan_NOT,fixed,0.963994,0.558814,1.0,0.565853,0.416667,0.0,0.098039,0.0052273,1.0,0.909091,1.0,0.969697,0.951992,1.0,0.0,0.2772582,1.0,,gate_count only
qec_sm_n5.qasm,small,Error Correction,5,11,fixed,trojan_H,fixed,0.963994,0.540928,1.0,0.569337,0.5,0.0,0.098039,0.0052344,1.0,0.909091,1.0,0.969697,0.951992,0.557923,0.442077,0.2868523,0.5,,gate_count only
qec_sm_n5.qasm,small,Error Correction,5,11,fixed,qubit_swap,fixed,0.923243,0.698645,0.285714,0.091212,0.083333,1.0,0.099071,0.00523,0.857143,0.909091,1.0,0.922078,0.897658,0.0,1.0,0.2819492,0.0,,"CNOT_count, DAG_topology"
qec_sm_n5_transpiled.qasm,small,Error Correction,5,14,fixed,none,fixed,1.0,1.0,0.0,0.0,0.0,0.0,0.0,0.0058293,1.0,1.0,1.0,1.0,1.0,0.0,1.0,0.3118707,0.0,,all
qec_sm_n5_transpiled.qasm,small,Error Correction,5,14,fixed,gate_deletion_1q,fixed,0.941947,0.37782,1.0,1.0,0.571429,0.0,0.078947,0.0055233,0.9,0.928571,1.0,0.942857,0.922596,1.0,0.0,0.3067255,1.0,,"gate_count, depth"
qec_sm_n5_transpiled.qasm,small,Error Correction,5,14,fixed,gate_deletion_2q,fixed,0.875255,0.620824,1.0,0.228937,0.428571,0.25,0.133333,0.0051721,0.9,0.928571,0.75,0.859524,0.917007,1.0,0.0,0.2945911,1.0,,"gate_count, CNOT_count, depth"
qec_sm_n5_transpiled.qasm,small,Error Correction,5,14,fixed,gate_insertion,fixed,0.971834,0.655336,1.0,0.269107,0.466667,0.0,0.071429,0.0054594,1.0,0.928571,1.0,0.97619,0.962445,0.560004,0.439996,0.2870783,0.50293,,"gate_count, depth increase"
qec_sm_n5_transpiled.qasm,small,Error Correction,5,14,fixed,gate_substitution,fixed,1.0,0.981994,0.0,0.01063,0.071429,0.0,0.0,0.005239,1.0,1.0,1.0,1.0,1.0,0.558617,0.441383,0.2834607,0.500977,,DAG_topology only
qec_sm_n5_transpiled.qasm,small,Error Correction,5,14,fixed,gate_reorder,fixed,1.0,0.328571,1.0,1.0,0.857143,0.0,0.0,0.0047682,1.0,1.0,1.0,1.0,1.0,1.0,0.0,0.2844451,1.0,,DAG_topology only
qec_sm_n5_transpiled.qasm,small,Error Correction,5,14,fixed,trojan_NOT,fixed,0.971834,0.640894,1.0,0.269555,0.533333,0.0,0.080952,0.005417,1.0,0.928571,1.0,0.97619,0.962445,1.0,0.0,0.2833816,1.0,,gate_count only
qec_sm_n5_transpiled.qasm,small,Error Correction,5,14,fixed,trojan_H,fixed,0.971834,0.626425,1.0,0.2728,0.6,0.0,0.080952,0.0054091,1.0,0.928571,1.0,0.97619,0.962445,0.555148,0.444852,0.2811214,0.496094,,gate_count only
qec_sm_n5_transpiled.qasm,small,Error Correction,5,14,fixed,qubit_swap,fixed,0.942701,0.866272,0.210526,0.084928,0.066667,0.25,0.090909,0.00556,0.9,0.928571,1.0,0.942857,0.923602,0.0,1.0,0.2883332,0.0,,"CNOT_count, DAG_topology"
qft_n4.qasm,small,Linear Algebra,4,17,fixed,none,fixed,1.0,1.0,0.0,0.0,0.0,0.0,0.0,0.0044875,1.0,1.0,1.0,1.0,1.0,0.066714,0.933286,0.2859644,0.066406,,all
qft_n4.qasm,small,Linear Algebra,4,17,fixed,gate_deletion_1q,fixed,0.975687,0.396961,0.863636,1.0,0.588235,0.0,0.058462,0.0041506,1.0,0.941176,1.0,0.980392,0.967582,0.041615,0.958385,0.2846079,0.037109,,"gate_count, depth"
qft_n4.qasm,small,Linear Algebra,4,17,fixed,gate_deletion_2q,fixed,0.943627,0.643161,0.727273,0.35351,0.411765,0.166667,0.083333,0.0041813,0.888889,0.941176,1.0,0.943355,0.924837,0.075964,0.924036,0.2857418,0.074219,,"gate_count, CNOT_count, depth"
qft_n4.qasm,small,Linear Algebra,4,17,fixed,gate_insertion,fixed,0.943373,0.725713,0.590909,0.324488,0.333333,0.0,0.054131,0.0046355,0.888889,0.941176,1.0,0.943355,0.924497,0.550281,0.449719,0.2789205,0.487305,,"gate_count, depth increase"
qft_n4.qasm,small,Linear Algebra,4,17,fixed,gate_substitution,fixed,1.0,0.985089,0.0,0.00899,0.058824,0.0,0.0,0.0043092,1.0,1.0,1.0,1.0,1.0,0.569308,0.430692,0.2734981,0.512695,,DAG_topology only
qft_n4.qasm,small,Linear Algebra,4,17,fixed,gate_reorder,fixed,1.0,0.358824,1.0,1.0,0.705882,0.0,0.0,0.0038912,1.0,1.0,1.0,1.0,1.0,0.969758,0.030242,0.2852031,0.94043,,DAG_topology only
qft_n4.qasm,small,Linear Algebra,4,17,fixed,trojan_NOT,fixed,0.975735,0.390009,0.954545,1.0,0.555556,0.0,0.05698,0.0045092,1.0,0.941176,1.0,0.980392,0.967647,0.067833,0.932167,0.2820846,0.064453,,gate_count only
qft_n4.qasm,small,Linear Algebra,4,17,fixed,trojan_H,fixed,0.975735,0.378898,0.954545,1.0,0.611111,0.0,0.05698,0.0044787,1.0,0.941176,1.0,0.980392,0.967647,0.386097,0.613903,0.2801748,0.267578,,gate_count only
qft_n4.qasm,small,Linear Algebra,4,17,fixed,qubit_swap,fixed,0.976005,0.875805,0.272727,0.090569,0.055556,0.166667,0.071429,0.0045878,1.0,0.941176,1.0,0.980392,0.968007,0.706078,0.293922,0.2757743,0.525391,,"CNOT_count, DAG_topology"
qft_n4_transpiled.qasm,small,Linear Algebra,4,49,fixed,none,fixed,1.0,1.0,0.0,0.0,0.0,0.0,0.0,0.0094992,1.0,1.0,1.0,1.0,1.0,0.062958,0.937042,0.2867986,0.05957,,all
qft_n4_transpiled.qasm,small,Linear Algebra,4,49,fixed,gate_deletion_1q,fixed,0.991484,0.355939,1.0,0.98526,0.734694,0.0,0.022817,0.0091595,1.0,0.979592,1.0,0.993197,0.988646,0.048844,0.951156,0.2773739,0.044922,,"gate_count, depth"
qft_n4_transpiled.qasm,small,Linear Algebra,4,49,fixed,gate_deletion_2q,fixed,0.95798,0.515804,1.0,0.537071,0.632653,0.083333,0.030242,0.0089593,0.962963,0.979592,0.916667,0.953074,0.971751,0.064497,0.935503,0.2616623,0.06543,,"gate_count, CNOT_count, depth"
qft_n4_transpiled.qasm,small,Linear Algebra,4,49,fixed,gate_insertion,fixed,0.980537,0.661736,0.816667,0.404436,0.36,0.0,0.022115,0.0093295,0.962963,0.979592,1.0,0.980852,0.97405,0.328497,0.671503,0.2670588,0.341797,,"gate_count, depth increase"
qft_n4_transpiled.qasm,small,Linear Algebra,4,49,fixed,gate_substitution,fixed,1.0,0.994461,0.0,0.004165,0.020408,0.0,0.0,0.0090469,1.0,1.0,1.0,1.0,1.0,0.577269,0.422731,0.2794383,0.526367,,DAG_topology only
qft_n4_transpiled.qasm,small,Linear Algebra,4,49,fixed,gate_reorder,fixed,1.0,0.374388,0.966667,1.0,0.653061,0.0,0.0,0.009091,1.0,1.0,1.0,1.0,1.0,0.972298,0.027702,0.2712084,0.947266,,DAG_topology only
qft_n4_transpiled.qasm,small,Linear Algebra,4,49,fixed,trojan_NOT,fixed,0.991486,0.361287,1.0,0.978026,0.72,0.0,0.024038,0.009288,1.0,0.979592,1.0,0.993197,0.988647,0.061798,0.938202,0.2661341,0.05957,,gate_count only
qft_n4_transpiled.qasm,small,Linear Algebra,4,49,fixed,trojan_H,fixed,0.991486,0.357435,1.0,0.977602,0.74,0.0,0.024038,0.0091365,1.0,0.979592,1.0,0.993197,0.988647,0.364713,0.635287,0.2717085,0.325195,,gate_count only
qft_n4_transpiled.qasm,small,Linear Algebra,4,49,fixed,qubit_swap,fixed,0.99147,0.946808,0.1,0.041956,0.02,0.083333,0.028409,0.0093214,1.0,0.979592,1.0,0.993197,0.988627,0.720381,0.279619,0.2775321,0.555664,,"CNOT_count, DAG_topology"
qpe_n9.qasm,small,Linear Algebra,9,42,fixed,none,fixed,1.0,1.0,0.0,0.0,0.0,0.0,0.0,0.0101279,1.0,1.0,1.0,1.0,1.0,0.161063,0.838937,0.279652,0.137695,,all
qpe_n9.qasm,small,Linear Algebra,9,42,fixed,gate_deletion_1q,fixed,0.990018,0.45331,0.828125,0.942694,0.452381,0.0,0.02052,0.0103661,1.0,0.97619,1.0,0.992063,0.986691,0.304213,0.695787,0.2755413,0.28418,,"gate_count, depth"
qpe_n9.qasm,small,Linear Algebra,9,42,fixed,gate_deletion_2q,fixed,0.976022,0.597848,0.59375,0.643038,0.357143,0.0625,0.040975,0.0096446,0.952381,0.97619,1.0,0.97619,0.96803,0.40563,0.59437,0.2718176,0.326172,,"gate_count, CNOT_count, depth"
qpe_n9.qasm,small,Linear Algebra,9,42,fixed,gate_insertion,fixed,0.990022,0.911053,0.203125,0.054583,0.186047,0.0,0.021652,0.0104831,1.0,0.97619,1.0,0.992063,0.986697,0.581752,0.418248,0.2714746,0.509766,,"gate_count, depth increase"
qpe_n9.qasm,small,Linear Algebra,9,42,fixed,gate_substitution,fixed,1.0,0.994353,0.0,0.002529,0.02381,0.0,0.0,0.0098746,1.0,1.0,1.0,1.0,1.0,0.368896,0.631104,0.2726409,0.294922,,DAG_topology only
qpe_n9.qasm,small,Linear Algebra,9,42,fixed,gate_reorder,fixed,1.0,0.404762,1.0,1.0,0.47619,0.0,0.0,0.0101085,1.0,1.0,1.0,1.0,1.0,0.991329,0.008671,0.3424418,0.991211,,DAG_topology only
qpe_n9.qasm,small,Linear Algebra,9,42,fixed,trojan_NOT,fixed,0.976145,0.458916,0.828125,0.919077,0.465116,0.0,0.021652,0.009913,0.952381,0.97619,1.0,0.97619,0.968194,1.0,0.0,0.2813226,1.0,,gate_count only
qpe_n9.qasm,small,Linear Algebra,9,42,fixed,trojan_H,fixed,0.976145,0.462682,0.828125,0.921607,0.44186,0.0,0.021652,0.0099314,0.952381,0.97619,1.0,0.97619,0.968194,0.579059,0.420941,0.273135,0.509766,,gate_count only
qpe_n9.qasm,small,Linear Algebra,9,42,fixed,qubit_swap,fixed,0.976215,0.94342,0.15625,0.036025,0.023256,0.0625,0.033827,0.0111947,0.952381,0.97619,1.0,0.97619,0.968287,0.648243,0.351757,0.3487587,0.501953,,"CNOT_count, DAG_topology"
qpe_n9_transpiled.qasm,small,Linear Algebra,9,162,fixed,none,fixed,1.0,1.0,0.0,0.0,0.0,0.0,0.0,0.0306259,1.0,1.0,1.0,1.0,1.0,0.160098,0.839902,0.281139,0.113281,,all
qpe_n9_transpiled.qasm,small,Linear Algebra,9,162,fixed,gate_deletion_1q,fixed,0.997418,0.458892,1.0,0.667303,0.783951,0.0,0.007623,0.029741,1.0,0.993827,1.0,0.997942,0.996558,0.152739,0.847261,0.2612301,0.109375,,"gate_count, depth"
qpe_n9_transpiled.qasm,small,Linear Algebra,9,162,fixed,gate_deletion_2q,fixed,0.987935,0.525158,0.957746,0.544459,0.67284,0.023256,0.014005,0.0292341,0.989474,0.993827,0.976744,0.986682,0.991665,0.175165,0.824835,0.2265965,0.117188,,"gate_count, CNOT_count, depth"
qpe_n9_transpiled.qasm,small,Linear Algebra,9,162,fixed,gate_insertion,fixed,0.997417,0.536901,0.976526,0.555353,0.607362,0.0,0.007746,0.0292226,1.0,0.993827,1.0,0.997942,0.996556,0.449603,0.550397,0.2398288,0.392578,,"gate_count, depth increase"
qpe_n9_transpiled.qasm,small,Linear Algebra,9,162,fixed,gate_substitution,fixed,1.0,0.998382,0.0,0.001095,0.006173,0.0,0.0,0.0295828,1.0,1.0,1.0,1.0,1.0,0.159702,0.840298,0.2337291,0.113281,,DAG_topology only
qpe_n9_transpiled.qasm,small,Linear Algebra,9,162,fixed,gate_reorder,fixed,1.0,0.42647,0.920188,0.962105,0.493827,0.0,0.0,0.0365307,1.0,1.0,1.0,1.0,1.0,0.993744,0.006256,0.3617102,0.995117,,DAG_topology only
qpe_n9_transpiled.qasm,small,Linear Algebra,9,162,fixed,trojan_NOT,fixed,0.997418,0.467736,1.0,0.64109,0.785276,0.0,0.008278,0.0312462,1.0,0.993827,1.0,0.997942,0.996558,1.0,0.0,0.2429819,1.0,,gate_count only
qpe_n9_transpiled.qasm,small,Linear Algebra,9,162,fixed,trojan_H,fixed,0.997418,0.467441,1.0,0.641931,0.785276,0.0,0.008278,0.0290756,1.0,0.993827,1.0,0.997942,0.996558,0.588214,0.411786,0.2354301,0.529297,,gate_count only
qpe_n9_transpiled.qasm,small,Linear Algebra,9,162,fixed,qubit_swap,fixed,0.994268,0.981593,0.046948,0.011982,0.006135,0.023256,0.01293,0.0360998,0.989474,0.993827,1.0,0.994434,0.992357,0.643464,0.356536,0.3863401,0.459961,,"CNOT_count, DAG_topology"
qrng_n4.qasm,small,Other,4,8,fixed,none,fixed,1.0,1.0,0.0,0.0,0.0,0.0,0.0,0.0020209,1.0,1.0,1.0,1.0,1.0,0.09697,0.90303,0.2608575,0.097656,,all
qrng_n4.qasm,small,Other,4,8,fixed,gate_deletion_1q,fixed,0.947321,0.665586,0.25,0.644245,0.25,0.0,0.214286,0.0017294,1.0,0.875,1.0,0.958333,0.929762,0.547528,0.452472,0.2943753,0.479492,,"gate_count, depth"
qrng_n4.qasm,small,Other,4,8,fixed,gate_deletion_2q,fixed,1.0,1.0,0.0,0.0,0.0,0.0,0.0,0.0018437,1.0,1.0,1.0,1.0,1.0,0.118672,0.881328,0.2813003,0.124023,,"gate_count, CNOT_count, depth"
qrng_n4.qasm,small,Other,4,8,fixed,gate_insertion,fixed,0.812639,0.609398,1.0,0.51283,0.222222,0.0,0.166667,0.0019879,0.5,0.875,1.0,0.791667,0.750185,0.55085,0.44915,0.276147,0.486328,,"gate_count, depth increase"
qrng_n4.qasm,small,Other,4,8,fixed,gate_substitution,fixed,1.0,0.960288,0.0,0.042034,0.125,0.0,0.0,0.001838,1.0,1.0,1.0,1.0,1.0,0.575763,0.424237,0.2761937,0.520508,,DAG_topology only
qrng_n4.qasm,small,Other,4,8,fixed,gate_reorder,fixed,1.0,0.402212,1.0,0.707966,1.0,0.0,0.0,0.0018611,1.0,1.0,1.0,1.0,1.0,0.969307,0.030693,0.2740396,0.942383,,DAG_topology only
qrng_n4.qasm,small,Other,4,8,fixed,trojan_NOT,fixed,0.812639,0.563969,0.75,0.686279,0.333333,0.0,0.166667,0.0019969,0.5,0.875,1.0,0.791667,0.750185,0.116248,0.883752,0.2794872,0.121094,,gate_count only
qrng_n4.qasm,small,Other,4,8,fixed,trojan_H,fixed,0.812639,0.600903,0.75,0.644245,0.222222,0.0,0.166667,0.0019866,0.5,0.875,1.0,0.791667,0.750185,0.54792,0.45208,0.2909759,0.479492,,gate_count only
qrng_n4.qasm,small,Other,4,8,fixed,qubit_swap,fixed,0.812639,0.459571,1.0,0.423449,0.111111,1.0,0.2,0.002027,0.5,0.875,1.0,0.791667,0.750185,0.727195,0.272805,0.2774893,0.55957,,"CNOT_count, DAG_topology"
qrng_n4_transpiled.qasm,small,Other,4,16,fixed,none,fixed,1.0,1.0,0.0,0.0,0.0,0.0,0.0,0.0033961,1.0,1.0,1.0,1.0,1.0,0.091645,0.908355,0.3070398,0.089844,,all
qrng_n4_transpiled.qasm,small,Other,4,16,fixed,gate_deletion_1q,fixed,0.972414,0.545761,1.0,0.483541,0.625,0.0,0.1,0.0028968,1.0,0.9375,1.0,0.979167,0.963219,0.080796,0.919204,0.3203314,0.078125,,"gate_count, depth"
qrng_n4_transpiled.qasm,small,Other,4,16,fixed,gate_deletion_2q,fixed,1.0,1.0,0.0,0.0,0.0,0.0,0.0,0.0035838,1.0,1.0,1.0,1.0,1.0,0.094415,0.905585,0.3233137,0.100586,,"gate_count, CNOT_count, depth"
qrng_n4_transpiled.qasm,small,Other,4,16,fixed,gate_insertion,fixed,0.904055,0.710774,0.75,0.311653,0.294118,0.0,0.088235,0.0031697,0.75,0.9375,1.0,0.895833,0.872073,0.577043,0.422957,0.3285155,0.524414,,"gate_count, depth increase"
qrng_n4_transpiled.qasm,small,Other,4,16,fixed,gate_substitution,fixed,1.0,0.979889,0.0,0.021747,0.0625,0.0,0.0,0.0033831,1.0,1.0,1.0,1.0,1.0,0.072281,0.927719,0.3357469,0.068359,,DAG_topology only
qrng_n4_transpiled.qasm,small,Other,4,16,fixed,gate_reorder,fixed,1.0,0.469555,1.0,0.586987,0.875,0.0,0.0,0.0033297,1.0,1.0,1.0,1.0,1.0,0.971091,0.028909,0.3303665,0.946289,,DAG_topology only
qrng_n4_transpiled.qasm,small,Other,4,16,fixed,trojan_NOT,fixed,0.904055,0.567571,1.0,0.47921,0.529412,0.0,0.088235,0.0034812,0.75,0.9375,1.0,0.895833,0.872073,0.09445,0.90555,0.2817936,0.091797,,gate_count only
qrng_n4_transpiled.qasm,small,Other,4,16,fixed,trojan_H,fixed,0.904055,0.569356,1.0,0.474109,0.529412,0.0,0.088235,0.0033564,0.75,0.9375,1.0,0.895833,0.872073,0.554782,0.445218,0.2697905,0.493164,,gate_count only
qrng_n4_transpiled.qasm,small,Other,4,16,fixed,qubit_swap,fixed,0.903709,0.643201,0.5,0.168353,0.058824,1.0,0.111111,0.0029909,0.75,0.9375,1.0,0.895833,0.871612,0.709373,0.290627,0.2840103,0.540039,,"CNOT_count, DAG_topology"
quantumwalks_n2.qasm,small,Other,2,13,fixed,none,fixed,1.0,1.0,0.0,0.0,0.0,0.0,0.0,0.003016,1.0,1.0,1.0,1.0,1.0,0.033177,0.966823,0.2774895,0.003906,,all
quantumwalks_n2.qasm,small,Other,2,13,fixed,gate_deletion_1q,fixed,0.968932,0.411786,0.928571,0.911956,0.615385,0.0,0.066667,0.0028196,1.0,0.923077,1.0,0.974359,0.958576,0.545396,0.454604,0.2843634,0.480469,,"gate_count, depth"
quantumwalks_n2.qasm,small,Other,2,13,fixed,gate_deletion_2q,fixed,0.842512,0.387107,1.0,0.824382,0.538462,0.333333,0.0,0.0027419,0.875,0.923077,0.666667,0.821581,0.901127,0.748164,0.251836,0.2756109,0.770508,,"gate_count, CNOT_count, depth"
quantumwalks_n2.qasm,small,Other,2,13,fixed,gate_insertion,fixed,0.932068,0.822132,0.357143,0.215878,0.214286,0.0,0.058824,0.0030776,0.875,0.923077,1.0,0.932692,0.909424,0.561741,0.438259,0.2731087,0.505859,,"gate_count, depth increase"
quantumwalks_n2.qasm,small,Other,2,13,fixed,gate_substitution,fixed,1.0,1.0,0.0,0.0,0.0,0.0,0.0,0.0029202,1.0,1.0,1.0,1.0,1.0,0.025498,0.974502,0.2752498,0.004883,,DAG_topology only
quantumwalks_n2.qasm,small,Other,2,13,fixed,gate_reorder,fixed,1.0,0.363274,1.0,0.951084,0.769231,0.0,0.0,0.0028532,1.0,1.0,1.0,1.0,1.0,1.0,0.0,0.2739885,1.0,,DAG_topology only
quantumwalks_n2.qasm,small,Other,2,13,fixed,trojan_NOT,fixed,0.932068,0.388447,1.0,0.934568,0.642857,0.0,0.058824,0.0031104,0.875,0.923077,1.0,0.932692,0.909424,0.023226,0.976774,0.2822648,0.001953,,gate_count only
quantumwalks_n2.qasm,small,Other,2,13,fixed,trojan_H,fixed,0.932068,0.389858,1.0,0.930538,0.642857,0.0,0.058824,0.0030887,0.875,0.923077,1.0,0.932692,0.909424,0.560737,0.439263,0.2734333,0.50293,,gate_count only
quantumwalks_n2.qasm,small,Other,2,13,fixed,qubit_swap,fixed,0.931881,0.859627,0.142857,0.10855,0.071429,0.333333,0.0,0.003149,0.875,0.923077,1.0,0.932692,0.909174,0.076619,0.923381,0.2800183,0.009766,,"CNOT_count, DAG_topology"
quantumwalks_n2_transpiled.qasm,small,Other,2,40,fixed,none,fixed,1.0,1.0,0.0,0.0,0.0,0.0,0.0,0.0073209,1.0,1.0,1.0,1.0,1.0,0.021943,0.978057,0.2742108,0.003906,,all
quantumwalks_n2_transpiled.qasm,small,Other,2,40,fixed,gate_deletion_1q,fixed,0.98928,0.445013,0.609756,0.817708,0.875,0.0,0.023256,0.0076807,1.0,0.975,1.0,0.991667,0.985707,0.013831,0.986169,0.3068989,0.001953,,"gate_count, depth"
quantumwalks_n2_transpiled.qasm,small,Other,2,40,fixed,gate_deletion_2q,fixed,0.890492,0.47235,0.536585,0.715378,0.65,0.333333,0.001134,0.0070901,0.956522,0.975,0.666667,0.866063,0.9651,0.730242,0.269758,0.275749,0.75293,,"gate_count, CNOT_count, depth"
quantumwalks_n2_transpiled.qasm,small,Other,2,40,fixed,gate_insertion,fixed,0.976186,0.496507,0.560976,0.717621,0.829268,0.0,0.023256,0.0074558,0.956522,0.975,1.0,0.977174,0.968248,0.559036,0.440964,0.2601324,0.510742,,"gate_count, depth increase"
quantumwalks_n2_transpiled.qasm,small,Other,2,40,fixed,gate_substitution,fixed,1.0,0.988776,0.0,0.017783,0.025,0.0,0.0,0.0072832,1.0,1.0,1.0,1.0,1.0,0.035048,0.964952,0.2674047,0.004883,,DAG_topology only
quantumwalks_n2_transpiled.qasm,small,Other,2,40,fixed,gate_reorder,fixed,1.0,0.516898,0.585366,0.786562,0.6,0.0,0.0,0.0071665,1.0,1.0,1.0,1.0,1.0,0.079673,0.920327,0.27525,0.006836,,DAG_topology only
quantumwalks_n2_transpiled.qasm,small,Other,2,40,fixed,trojan_NOT,fixed,0.976186,0.486466,0.560976,0.718435,0.878049,0.0,0.023256,0.0077414,0.956522,0.975,1.0,0.977174,0.968248,0.987611,0.012389,0.2759911,0.995117,,gate_count only
quantumwalks_n2_transpiled.qasm,small,Other,2,40,fixed,trojan_H,fixed,0.976186,0.486751,0.560976,0.717621,0.878049,0.0,0.023256,0.0074397,0.956522,0.975,1.0,0.977174,0.968248,0.557635,0.442365,0.259752,0.508789,,gate_count only
quantumwalks_n2_transpiled.qasm,small,Other,2,40,fixed,qubit_swap,fixed,0.976104,0.90939,0.04878,0.03327,0.02439,0.333333,0.001034,0.0080445,0.956522,0.975,1.0,0.977174,0.968139,0.069877,0.930123,0.3031389,0.004883,,"CNOT_count, DAG_topology"
sat_n7.qasm,small,Other,7,42,fixed,none,fixed,1.0,1.0,0.0,0.0,0.0,0.0,0.0,0.0079433,1.0,1.0,1.0,1.0,1.0,0.062086,0.937914,0.2919602,0.036133,,all
sat_n7.qasm,small,Other,7,42,fixed,gate_deletion_1q,fixed,0.989608,0.519822,1.0,0.610035,0.571429,0.0,0.023797,0.0073739,1.0,0.97619,1.0,0.992063,0.986144,0.6313,0.3687,0.2949014,0.680664,,"gate_count, depth"
sat_n7.qasm,small,Other,7,42,fixed,gate_deletion_2q,fixed,1.0,1.0,0.0,0.0,0.0,0.0,0.0,0.0074578,1.0,1.0,1.0,1.0,1.0,0.036082,0.963918,0.2697067,0.015625,,"gate_count, CNOT_count, depth"
sat_n7.qasm,small,Other,7,42,fixed,gate_insertion,fixed,0.989611,0.927233,0.092593,0.053279,0.186047,0.0,0.03021,0.0078356,1.0,0.97619,1.0,0.992063,0.986148,0.570828,0.429172,0.2728902,0.516602,,"gate_count, depth increase"
sat_n7.qasm,small,Other,7,42,fixed,gate_substitution,fixed,1.0,0.993567,0.0,0.004775,0.02381,0.0,0.0,0.0075084,1.0,1.0,1.0,1.0,1.0,0.223979,0.776021,0.2730138,0.239258,,DAG_topology only
sat_n7.qasm,small,Other,7,42,fixed,gate_reorder,fixed,1.0,0.470115,1.0,0.731644,0.619048,0.0,0.0,0.0085648,1.0,1.0,1.0,1.0,1.0,0.937557,0.062443,0.300107,0.931641,,DAG_topology only
sat_n7.qasm,small,Other,7,42,fixed,trojan_NOT,fixed,0.989611,0.599731,0.944444,0.398007,0.581395,0.0,0.03021,0.0088619,1.0,0.97619,1.0,0.992063,0.986148,1.0,0.0,0.2947847,1.0,,gate_count only
sat_n7.qasm,small,Other,7,42,fixed,trojan_H,fixed,0.989611,0.603872,0.944444,0.399464,0.55814,0.0,0.03021,0.0076958,1.0,0.97619,1.0,0.992063,0.986148,0.561236,0.438764,0.2746541,0.501953,,gate_count only
sat_n7.qasm,small,Other,7,42,fixed,qubit_swap,fixed,0.975513,0.767055,0.074074,0.03815,0.023256,1.0,0.038306,0.0080854,0.952381,0.97619,1.0,0.97619,0.967351,0.350735,0.649265,0.2860146,0.135742,,"CNOT_count, DAG_topology"
shor_n5.qasm,small,Error Correction,5,25,fixed,none,fixed,1.0,1.0,0.0,0.0,0.0,0.0,0.0,0.0082953,1.0,1.0,1.0,1.0,1.0,0.07278,0.92722,0.2930231,0.073242,,all
shor_n5.qasm,small,Error Correction,5,25,fixed,gate_deletion_1q,fixed,0.984587,0.631983,0.676471,0.381691,0.64,0.0,0.04955,0.0075499,1.0,0.96,1.0,0.986667,0.97945,1.0,0.0,0.2921143,1.0,,"gate_count, depth"
shor_n5.qasm,small,Error Correction,5,25,fixed,gate_deletion_2q,fixed,0.927339,0.675393,0.647059,0.290674,0.44,0.166667,0.044788,0.0074286,0.958333,0.96,0.833333,0.917222,0.958674,0.708613,0.291387,0.2791591,0.533203,,"gate_count, CNOT_count, depth"
shor_n5.qasm,small,Error Correction,5,25,fixed,gate_insertion,fixed,0.984602,0.749114,0.676471,0.281622,0.230769,0.0,0.046942,0.0078748,1.0,0.96,1.0,0.986667,0.979469,0.564368,0.435632,0.2816527,0.50293,,"gate_count, depth increase"
shor_n5.qasm,small,Error Correction,5,25,fixed,gate_substitution,fixed,1.0,0.989649,0.0,0.006718,0.04,0.0,0.0,0.0076991,1.0,1.0,1.0,1.0,1.0,0.57,0.43,0.2790305,0.508789,,DAG_topology only
shor_n5.qasm,small,Error Correction,5,25,fixed,gate_reorder,fixed,1.0,0.563453,0.705882,0.533329,0.72,0.0,0.0,0.00751,1.0,1.0,1.0,1.0,1.0,0.88189,0.11811,0.2854014,0.876953,,DAG_topology only
shor_n5.qasm,small,Error Correction,5,25,fixed,trojan_NOT,fixed,0.984602,0.63541,0.735294,0.360687,0.615385,0.0,0.049787,0.0079414,1.0,0.96,1.0,0.986667,0.979469,1.0,0.0,0.2799194,1.0,,gate_count only
shor_n5.qasm,small,Error Correction,5,25,fixed,trojan_H,fixed,0.984602,0.630069,0.735294,0.353969,0.653846,0.0,0.049787,0.0077496,1.0,0.96,1.0,0.986667,0.979469,0.54355,0.45645,0.2760921,0.474609,,gate_count only
shor_n5.qasm,small,Error Correction,5,25,fixed,qubit_swap,fixed,0.984706,0.867952,0.294118,0.110253,0.038462,0.166667,0.08316,0.0077867,1.0,0.96,1.0,0.986667,0.979608,0.697714,0.302286,0.2802993,0.506836,,"CNOT_count, DAG_topology"
shor_n5_transpiled.qasm,small,Error Correction,5,88,fixed,none,fixed,1.0,1.0,0.0,0.0,0.0,0.0,0.0,0.0212229,1.0,1.0,1.0,1.0,1.0,0.065503,0.934497,0.3071851,0.060547,,all
shor_n5_transpiled.qasm,small,Error Correction,5,88,fixed,gate_deletion_1q,fixed,0.995406,0.522079,0.822034,0.560998,0.784091,0.0,0.014486,0.0201544,1.0,0.988636,1.0,0.996212,0.993875,1.0,0.0,0.2925281,1.0,,"gate_count, depth"
shor_n5_transpiled.qasm,small,Error Correction,5,88,fixed,gate_deletion_2q,fixed,0.981539,0.543858,0.813559,0.522199,0.715909,0.033333,0.014904,0.0193972,0.984848,0.988636,0.966667,0.980051,0.986497,0.706409,0.293591,0.2720664,0.525391,,"gate_count, CNOT_count, depth"
shor_n5_transpiled.qasm,small,Error Correction,5,88,fixed,gate_insertion,fixed,0.995406,0.94967,0.127119,0.052783,0.05618,0.0,0.015525,0.0196707,1.0,0.988636,1.0,0.996212,0.993875,0.549961,0.450039,0.2748538,0.482422,,"gate_count, depth increase"
shor_n5_transpiled.qasm,small,Error Correction,5,88,fixed,gate_substitution,fixed,1.0,0.996957,0.0,0.002201,0.011364,0.0,0.0,0.0195778,1.0,1.0,1.0,1.0,1.0,0.577938,0.422062,0.2752647,0.519531,,DAG_topology only
shor_n5_transpiled.qasm,small,Error Correction,5,88,fixed,gate_reorder,fixed,1.0,0.457205,0.949153,0.754454,0.681818,0.0,0.0,0.0190804,1.0,1.0,1.0,1.0,1.0,0.867735,0.132265,0.2748371,0.856445,,DAG_topology only
shor_n5_transpiled.qasm,small,Error Correction,5,88,fixed,trojan_NOT,fixed,0.995406,0.523604,0.838983,0.554115,0.775281,0.0,0.015525,0.0201672,1.0,0.988636,1.0,0.996212,0.993875,1.0,0.0,0.2778784,1.0,,gate_count only
shor_n5_transpiled.qasm,small,Error Correction,5,88,fixed,trojan_H,fixed,0.995406,0.521592,0.838983,0.553443,0.786517,0.0,0.015525,0.0201363,1.0,0.988636,1.0,0.996212,0.993875,0.558395,0.441605,0.2692833,0.488281,,gate_count only
shor_n5_transpiled.qasm,small,Error Correction,5,88,fixed,qubit_swap,fixed,0.995404,0.960397,0.084746,0.045229,0.011236,0.033333,0.021469,0.0197166,1.0,0.988636,1.0,0.996212,0.993873,0.707772,0.292228,0.2705463,0.542969,,"CNOT_count, DAG_topology"
simon_n6.qasm,small,Oracle,6,24,fixed,none,fixed,1.0,1.0,0.0,0.0,0.0,0.0,0.0,0.0048441,1.0,1.0,1.0,1.0,1.0,0.055627,0.944373,0.2572484,0.054688,,all
simon_n6.qasm,small,Oracle,6,24,fixed,gate_deletion_1q,fixed,0.98264,0.396026,1.0,1.0,0.5,0.0,0.039744,0.0046326,1.0,0.958333,1.0,0.986111,0.976853,0.556626,0.443374,0.2713048,0.494141,,"gate_count, depth"
simon_n6.qasm,small,Oracle,6,24,fixed,gate_deletion_2q,fixed,0.854368,0.385394,1.0,0.781831,0.416667,0.5,0.076316,0.0046924,1.0,0.958333,0.5,0.819444,0.972491,0.748509,0.251491,0.2712182,0.758789,,"gate_count, CNOT_count, depth"
simon_n6.qasm,small,Oracle,6,24,fixed,gate_insertion,fixed,0.98266,0.606885,0.78125,0.639722,0.24,0.0,0.040244,0.0048684,1.0,0.958333,1.0,0.986111,0.97688,0.563991,0.436009,0.278728,0.505859,,"gate_count, depth increase"
simon_n6.qasm,small,Oracle,6,24,fixed,gate_substitution,fixed,1.0,0.989826,0.0,0.00526,0.041667,0.0,0.0,0.0047369,1.0,1.0,1.0,1.0,1.0,0.551625,0.448375,0.2741428,0.483398,,DAG_topology only
simon_n6.qasm,small,Oracle,6,24,fixed,gate_reorder,fixed,1.0,0.316667,1.0,1.0,0.916667,0.0,0.0,0.0048137,1.0,1.0,1.0,1.0,1.0,0.969578,0.030422,0.2796276,0.943359,,DAG_topology only
simon_n6.qasm,small,Oracle,6,24,fixed,trojan_NOT,fixed,0.98266,0.391488,1.0,1.0,0.52,0.0,0.045122,0.0048722,1.0,0.958333,1.0,0.986111,0.97688,1.0,0.0,0.2759554,1.0,,gate_count only
simon_n6.qasm,small,Oracle,6,24,fixed,trojan_H,fixed,0.98266,0.399488,1.0,1.0,0.48,0.0,0.045122,0.0048584,1.0,0.958333,1.0,0.986111,0.97688,0.574512,0.425488,0.2806044,0.517578,,gate_count only
simon_n6.qasm,small,Oracle,6,24,fixed,qubit_swap,fixed,0.951716,0.832418,0.1875,0.074913,0.04,0.5,0.052381,0.0049605,0.888889,0.958333,1.0,0.949074,0.935622,0.06296,0.93704,0.2828207,0.066406,,"CNOT_count, DAG_topology"
simon_n6_transpiled.qasm,small,Oracle,6,64,fixed,none,fixed,1.0,1.0,0.0,0.0,0.0,0.0,0.0,0.0118431,1.0,1.0,1.0,1.0,1.0,0.073593,0.926407,0.2771752,0.061523,,all
simon_n6_transpiled.qasm,small,Oracle,6,64,fixed,gate_deletion_1q,fixed,0.993454,0.363597,1.0,0.96508,0.734375,0.0,0.017503,0.0121276,1.0,0.984375,1.0,0.994792,0.991272,0.069974,0.930026,0.2707496,0.069336,,"gate_count, depth"
simon_n6_transpiled.qasm,small,Oracle,6,64,fixed,gate_deletion_2q,fixed,0.974274,0.478763,0.987654,0.665912,0.609375,0.071429,0.038584,0.0116787,1.0,0.984375,0.928571,0.970982,0.989508,0.747077,0.252923,0.2655602,0.756836,,"gate_count, CNOT_count, depth"
simon_n6_transpiled.qasm,small,Oracle,6,64,fixed,gate_insertion,fixed,0.993455,0.94257,0.135802,0.047009,0.092308,0.0,0.02145,0.0118938,1.0,0.984375,1.0,0.994792,0.991273,0.5681,0.4319,0.2704816,0.510742,,"gate_count, depth increase"
simon_n6_transpiled.qasm,small,Oracle,6,64,fixed,gate_substitution,fixed,1.0,0.995645,0.0,0.003513,0.015625,0.0,0.0,0.011873,1.0,1.0,1.0,1.0,1.0,0.073692,0.926308,0.2683754,0.071289,,DAG_topology only
simon_n6_transpiled.qasm,small,Oracle,6,64,fixed,gate_reorder,fixed,1.0,0.3375,1.0,1.0,0.8125,0.0,0.0,0.0115504,1.0,1.0,1.0,1.0,1.0,0.972151,0.027849,0.2788044,0.949219,,DAG_topology only
simon_n6_transpiled.qasm,small,Oracle,6,64,fixed,trojan_NOT,fixed,0.993455,0.37239,1.0,0.936419,0.738462,0.0,0.021706,0.0119684,1.0,0.984375,1.0,0.994792,0.991273,1.0,0.0,0.2575702,1.0,,gate_count only
simon_n6_transpiled.qasm,small,Oracle,6,64,fixed,trojan_H,fixed,0.993455,0.372487,1.0,0.936144,0.738462,0.0,0.021706,0.0119136,1.0,0.984375,1.0,0.994792,0.991273,0.561579,0.438421,0.2655204,0.5,,gate_count only
simon_n6_transpiled.qasm,small,Oracle,6,64,fixed,qubit_swap,fixed,0.98479,0.955845,0.074074,0.038454,0.015385,0.071429,0.022222,0.0120663,0.970588,0.984375,1.0,0.984988,0.97972,0.0914,0.9086,0.2804284,0.087891,,"CNOT_count, DAG_topology"
teleportation_n3.qasm,small,Communication,3,11,fixed,none,fixed,1.0,1.0,0.0,0.0,0.0,0.0,0.0,0.0024741,1.0,1.0,1.0,1.0,1.0,0.048238,0.951762,0.2749723,0.050781,,all
teleportation_n3.qasm,small,Communication,3,11,fixed,gate_deletion_1q,fixed,0.921153,0.425186,0.9,0.870998,0.636364,0.0,0.076923,0.0023064,0.857143,0.909091,1.0,0.922078,0.89487,0.32717,0.67283,0.2769779,0.339844,,"gate_count, depth"
teleportation_n3.qasm,small,Communication,3,11,fixed,gate_deletion_2q,fixed,0.83133,0.493109,0.8,0.6079,0.272727,0.5,0.195804,0.0022727,1.0,0.909091,0.5,0.80303,0.941773,0.45259,0.54741,0.279099,0.376953,,"gate_count, CNOT_count, depth"
teleportation_n3.qasm,small,Communication,3,11,fixed,gate_insertion,fixed,0.921272,0.803926,0.5,0.231849,0.166667,0.0,0.065934,0.002579,0.857143,0.909091,1.0,0.922078,0.895029,0.547131,0.452869,0.2722659,0.480469,,"gate_count, depth increase"
teleportation_n3.qasm,small,Communication,3,11,fixed,gate_substitution,fixed,1.0,0.970209,0.0,0.03317,0.090909,0.0,0.0,0.0025841,1.0,1.0,1.0,1.0,1.0,0.328499,0.671501,0.2759379,0.34668,,DAG_topology only
teleportation_n3.qasm,small,Communication,3,11,fixed,gate_reorder,fixed,1.0,0.354545,1.0,1.0,0.727273,0.0,0.0,0.0024377,1.0,1.0,1.0,1.0,1.0,0.874564,0.125436,0.2830617,0.779297,,DAG_topology only
teleportation_n3.qasm,small,Communication,3,11,fixed,trojan_NOT,fixed,0.96355,0.540176,0.9,0.51572,0.666667,0.0,0.10989,0.0026095,1.0,0.909091,1.0,0.969697,0.951399,0.649352,0.350648,0.282536,0.72168,,gate_count only
teleportation_n3.qasm,small,Communication,3,11,fixed,trojan_H,fixed,0.96355,0.568452,0.9,0.48255,0.583333,0.0,0.10989,0.0025627,1.0,0.909091,1.0,0.969697,0.951399,0.429779,0.570221,0.2840022,0.37207,,gate_count only
teleportation_n3.qasm,small,Communication,3,11,fixed,qubit_swap,fixed,0.921173,0.723397,0.4,0.265019,0.083333,0.5,0.071795,0.0026106,0.857143,0.909091,1.0,0.922078,0.894897,0.710327,0.289673,0.2808434,0.538086,,"CNOT_count, DAG_topology"
teleportation_n3_transpiled.qasm,small,Communication,3,15,fixed,none,fixed,1.0,1.0,0.0,0.0,0.0,0.0,0.0,0.0032581,1.0,1.0,1.0,1.0,1.0,0.04411,0.95589,0.284177,0.043945,,all
teleportation_n3_transpiled.qasm,small,Communication,3,15,fixed,gate_deletion_1q,fixed,0.972574,0.512083,0.642857,0.644588,0.8,0.0,0.058824,0.003009,1.0,0.933333,1.0,0.977778,0.963432,0.037632,0.962368,0.2860602,0.035156,,"gate_count, depth"
teleportation_n3_transpiled.qasm,small,Communication,3,15,fixed,gate_deletion_2q,fixed,0.841821,0.442632,0.714286,0.769831,0.333333,0.5,0.141176,0.0029914,1.0,0.933333,0.5,0.811111,0.955761,0.462195,0.537805,0.2825217,0.382812,,"gate_count, CNOT_count, depth"
teleportation_n3_transpiled.qasm,small,Communication,3,15,fixed,gate_insertion,fixed,0.972612,0.60132,0.642857,0.551717,0.5,0.0,0.091503,0.0033845,1.0,0.933333,1.0,0.977778,0.963482,0.478513,0.521487,0.2745724,0.381836,,"gate_count, depth increase"
teleportation_n3_transpiled.qasm,small,Communication,3,15,fixed,gate_substitution,fixed,1.0,0.97715,0.0,0.02719,0.066667,0.0,0.0,0.0031011,1.0,1.0,1.0,1.0,1.0,0.056899,0.943101,0.2826127,0.058594,,DAG_topology only
teleportation_n3_transpiled.qasm,small,Communication,3,15,fixed,gate_reorder,fixed,1.0,0.377619,0.571429,1.0,0.933333,0.0,0.0,0.0031021,1.0,1.0,1.0,1.0,1.0,0.890714,0.109286,0.2802058,0.803711,,DAG_topology only
teleportation_n3_transpiled.qasm,small,Communication,3,15,fixed,trojan_NOT,fixed,0.972612,0.536588,0.642857,0.558095,0.8125,0.0,0.091503,0.0032742,1.0,0.933333,1.0,0.977778,0.963482,0.662616,0.337384,0.2824848,0.736328,,gate_count only
teleportation_n3_transpiled.qasm,small,Communication,3,15,fixed,trojan_H,fixed,0.972612,0.53882,0.642857,0.551717,0.8125,0.0,0.091503,0.0032748,1.0,0.933333,1.0,0.977778,0.963482,0.461009,0.538991,0.2843559,0.388672,,gate_count only
teleportation_n3_transpiled.qasm,small,Communication,3,15,fixed,qubit_swap,fixed,0.939386,0.779402,0.285714,0.166941,0.0625,0.5,0.068111,0.003323,0.888889,0.933333,1.0,0.940741,0.919181,0.715851,0.284149,0.2809178,0.521484,,"CNOT_count, DAG_topology"
toffoli_n3.qasm,small,Other,3,21,fixed,none,fixed,1.0,1.0,0.0,0.0,0.0,0.0,0.0,0.0042556,1.0,1.0,1.0,1.0,1.0,0.0,1.0,0.2763995,0.0,,all
toffoli_n3.qasm,small,Other,3,21,fixed,gate_deletion_1q,fixed,0.980548,0.417851,1.0,0.728635,0.857143,0.0,0.05698,0.0039975,1.0,0.952381,1.0,0.984127,0.974064,1.0,0.0,0.2795901,1.0,,"gate_count, depth"
toffoli_n3.qasm,small,Other,3,21,fixed,gate_deletion_2q,fixed,0.912182,0.430968,1.0,0.65477,0.761905,0.166667,0.041481,0.0039995,0.923077,0.952381,0.833333,0.90293,0.938465,0.0,1.0,0.2743959,0.0,,"gate_count, CNOT_count, depth"
toffoli_n3.qasm,small,Other,3,21,fixed,gate_insertion,fixed,0.957668,0.431715,1.0,0.689499,0.863636,0.0,0.042328,0.0044898,0.923077,0.952381,1.0,0.958486,0.943557,0.556536,0.443464,0.2683162,0.498047,,"gate_count, depth increase"
toffoli_n3.qasm,small,Other,3,21,fixed,gate_substitution,fixed,1.0,0.986035,0.0,0.012689,0.047619,0.0,0.0,0.0042788,1.0,1.0,1.0,1.0,1.0,0.577335,0.422665,0.2720883,0.527344,,DAG_topology only
toffoli_n3.qasm,small,Other,3,21,fixed,gate_reorder,fixed,1.0,0.384136,1.0,0.841244,0.857143,0.0,0.0,0.0041261,1.0,1.0,1.0,1.0,1.0,1.0,0.0,0.2824468,1.0,,DAG_topology only
toffoli_n3.qasm,small,Other,3,21,fixed,trojan_NOT,fixed,0.980567,0.42605,1.0,0.728635,0.818182,0.0,0.05291,0.0043217,1.0,0.952381,1.0,0.984127,0.97409,1.0,0.0,0.2765289,1.0,,gate_count only
toffoli_n3.qasm,small,Other,3,21,fixed,trojan_H,fixed,0.980567,0.412518,1.0,0.741324,0.863636,0.0,0.05291,0.0045351,1.0,0.952381,1.0,0.984127,0.97409,0.541956,0.458044,0.2792973,0.477539,,gate_count only
toffoli_n3.qasm,small,Other,3,21,fixed,qubit_swap,fixed,0.95762,0.891472,0.166667,0.101382,0.045455,0.166667,0.056194,0.0044251,0.923077,0.952381,1.0,0.958486,0.943493,0.0,1.0,0.2779101,0.0,,"CNOT_count, DAG_topology"
toffoli_n3_transpiled.qasm,small,Other,3,24,fixed,none,fixed,1.0,1.0,0.0,0.0,0.0,0.0,0.0,0.0049974,1.0,1.0,1.0,1.0,1.0,0.0,1.0,0.2826809,0.0,,all
toffoli_n3_transpiled.qasm,small,Other,3,24,fixed,gate_deletion_1q,fixed,0.982861,0.467936,1.0,0.671743,0.708333,0.0,0.052874,0.0046494,1.0,0.958333,1.0,0.986111,0.977148,1.0,0.0,0.2711948,1.0,,"gate_count, depth"
toffoli_n3_transpiled.qasm,small,Other,3,24,fixed,gate_deletion_2q,fixed,0.917806,0.521111,0.962963,0.541271,0.541667,0.166667,0.033333,0.004697,0.933333,0.958333,0.833333,0.908333,0.945964,0.0,1.0,0.2721915,0.0,,"gate_count, CNOT_count, depth"
toffoli_n3_transpiled.qasm,small,Other,3,24,fixed,gate_insertion,fixed,0.982873,0.766621,0.481481,0.286316,0.28,0.0,0.049462,0.0049692,1.0,0.958333,1.0,0.986111,0.977164,0.564857,0.435143,0.2756184,0.509766,,"gate_count, depth increase"
toffoli_n3_transpiled.qasm,small,Other,3,24,fixed,gate_substitution,fixed,1.0,0.987927,0.0,0.010684,0.041667,0.0,0.0,0.0049461,1.0,1.0,1.0,1.0,1.0,0.557923,0.442077,0.2753578,0.5,,DAG_topology only
toffoli_n3_transpiled.qasm,small,Other,3,24,fixed,gate_reorder,fixed,1.0,0.369785,0.962963,0.864105,0.916667,0.0,0.0,0.0048844,1.0,1.0,1.0,1.0,1.0,1.0,0.0,0.2774982,1.0,,DAG_topology only
toffoli_n3_transpiled.qasm,small,Other,3,24,fixed,trojan_NOT,fixed,0.982873,0.473944,1.0,0.671743,0.68,0.0,0.049462,0.0049809,1.0,0.958333,1.0,0.986111,0.977164,1.0,0.0,0.2733876,1.0,,gate_count only
toffoli_n3_transpiled.qasm,small,Other,3,24,fixed,trojan_H,fixed,0.982873,0.462204,1.0,0.682427,0.72,0.0,0.049462,0.0049629,1.0,0.958333,1.0,0.986111,0.977164,0.56347,0.43653,0.2682946,0.507812,,gate_count only
toffoli_n3_transpiled.qasm,small,Other,3,24,fixed,qubit_swap,fixed,0.962851,0.900735,0.148148,0.08536,0.04,0.166667,0.058333,0.0049925,0.933333,0.958333,1.0,0.963889,0.950468,0.0,1.0,0.2789235,0.0,,"CNOT_count, DAG_topology"
variational_n4.qasm,small,Other,4,58,fixed,none,fixed,1.0,1.0,0.0,0.0,0.0,0.0,0.0,0.0102208,1.0,1.0,1.0,1.0,1.0,0.042038,0.957962,0.2798593,0.042969,,all
variational_n4.qasm,small,Other,4,58,fixed,gate_deletion_1q,fixed,0.992774,0.503375,0.9,0.642419,0.672414,0.0,0.022954,0.0107408,1.0,0.982759,1.0,0.994253,0.990366,1.0,0.0,0.2719495,1.0,,"gate_count, depth"
variational_n4.qasm,small,Other,4,58,fixed,gate_deletion_2q,fixed,0.966879,0.520266,0.857143,0.598787,0.637931,0.0625,0.015015,0.0120328,0.970588,0.982759,0.9375,0.963616,0.976672,1.0,0.0,0.2726507,1.0,,"gate_count, CNOT_count, depth"
variational_n4.qasm,small,Other,4,58,fixed,gate_insertion,fixed,0.983977,0.521643,0.871429,0.610906,0.661017,0.0,0.016216,0.0115141,0.970588,0.982759,1.0,0.984449,0.978636,0.548097,0.451903,0.2863769,0.484375,,"gate_count, depth increase"
variational_n4.qasm,small,Other,4,58,fixed,gate_substitution,fixed,1.0,0.995002,0.0,0.004428,0.017241,0.0,0.0,0.0118469,1.0,1.0,1.0,1.0,1.0,0.556413,0.443587,0.2893162,0.49707,,DAG_topology only
variational_n4.qasm,small,Other,4,58,fixed,gate_reorder,fixed,1.0,0.50348,0.714286,0.6396,0.827586,0.0,0.0,0.011195,1.0,1.0,1.0,1.0,1.0,1.0,0.0,0.2903009,1.0,,DAG_topology only
variational_n4.qasm,small,Other,4,58,fixed,trojan_NOT,fixed,0.992775,0.679949,0.471429,0.327871,0.661017,0.0,0.023784,0.0126119,1.0,0.982759,1.0,0.994253,0.990367,1.0,0.0,0.2641615,1.0,,gate_count only
variational_n4.qasm,small,Other,4,58,fixed,trojan_H,fixed,0.992775,0.676799,0.471429,0.327187,0.677966,0.0,0.023784,0.0110948,1.0,0.982759,1.0,0.994253,0.990367,0.568787,0.431213,0.2678275,0.514648,,gate_count only
variational_n4.qasm,small,Other,4,58,fixed,qubit_swap,fixed,0.99276,0.953292,0.085714,0.04461,0.016949,0.0625,0.023471,0.010638,1.0,0.982759,1.0,0.994253,0.990347,1.0,0.0,0.2714478,1.0,,"CNOT_count, DAG_topology"
variational_n4_transpiled.qasm,small,Other,4,62,fixed,none,fixed,1.0,1.0,0.0,0.0,0.0,0.0,0.0,0.0114898,1.0,1.0,1.0,1.0,1.0,0.014595,0.985405,0.272121,0.015625,,all
variational_n4_transpiled.qasm,small,Other,4,62,fixed,gate_deletion_1q,fixed,0.993258,0.476178,0.689189,0.706795,0.854839,0.0,0.020979,0.0114148,1.0,0.983871,1.0,0.994624,0.991011,1.0,0.0,0.2670918,1.0,,"gate_count, depth"
variational_n4_transpiled.qasm,small,Other,4,62,fixed,gate_deletion_2q,fixed,0.968507,0.501305,0.648649,0.655282,0.790323,0.0625,0.014845,0.0112477,0.974359,0.983871,0.9375,0.965243,0.978843,1.0,0.0,0.2673724,1.0,,"gate_count, CNOT_count, depth"
variational_n4_transpiled.qasm,small,Other,4,62,fixed,gate_insertion,fixed,0.993259,0.910363,0.121622,0.061343,0.238095,0.0,0.023044,0.0117407,1.0,0.983871,1.0,0.994624,0.991012,0.551431,0.448569,0.2719065,0.489258,,"gate_count, depth increase"
variational_n4_transpiled.qasm,small,Other,4,62,fixed,gate_substitution,fixed,1.0,0.995355,0.0,0.004055,0.016129,0.0,0.0,0.0115033,1.0,1.0,1.0,1.0,1.0,0.565585,0.434415,0.2639574,0.510742,,DAG_topology only
variational_n4_transpiled.qasm,small,Other,4,62,fixed,gate_reorder,fixed,1.0,0.540654,0.702703,0.753195,0.451613,0.0,0.0,0.0112759,1.0,1.0,1.0,1.0,1.0,1.0,0.0,0.2742471,1.0,,DAG_topology only
variational_n4_transpiled.qasm,small,Other,4,62,fixed,trojan_NOT,fixed,0.993259,0.653089,0.337838,0.359077,0.84127,0.0,0.023044,0.0095262,1.0,0.983871,1.0,0.994624,0.991012,1.0,0.0,0.2636902,1.0,,gate_count only
variational_n4_transpiled.qasm,small,Other,4,62,fixed,trojan_H,fixed,0.993259,0.650134,0.337838,0.35845,0.857143,0.0,0.023044,0.0115344,1.0,0.983871,1.0,0.994624,0.991012,0.557464,0.442536,0.2770541,0.498047,,gate_count only
variational_n4_transpiled.qasm,small,Other,4,62,fixed,qubit_swap,fixed,0.985489,0.955878,0.081081,0.040852,0.015873,0.0625,0.019872,0.0120842,0.974359,0.983871,1.0,0.986077,0.980652,1.0,0.0,0.2856573,1.0,,"CNOT_count, DAG_topology"
vqe_n4.qasm,small,Variational,4,94,fixed,none,fixed,1.0,1.0,0.0,0.0,0.0,0.0,0.0,0.0166492,1.0,1.0,1.0,1.0,1.0,0.077457,0.922543,0.2598441,0.058594,,all
vqe_n4.qasm,small,Variational,4,94,fixed,gate_deletion_1q,fixed,0.995212,0.500769,0.480392,0.760407,0.797872,0.0,0.014555,0.0161421,1.0,0.989362,1.0,0.996454,0.993616,0.405181,0.594819,0.2661967,0.353516,,"gate_count, depth"
vqe_n4.qasm,small,Variational,4,94,fixed,gate_deletion_2q,fixed,0.956357,0.504933,0.470588,0.736514,0.712766,0.111111,0.019231,0.0164673,0.964286,0.989362,0.888889,0.947512,0.978847,0.322153,0.677847,0.2647206,0.301758,,"gate_count, CNOT_count, depth"
vqe_n4.qasm,small,Variational,4,94,fixed,gate_insertion,fixed,0.985221,0.507184,0.480392,0.752969,0.778947,0.0,0.014283,0.0169863,0.964286,0.989362,1.0,0.984549,0.980295,0.426355,0.573645,0.2623536,0.401367,,"gate_count, depth increase"
vqe_n4.qasm,small,Variational,4,94,fixed,gate_substitution,fixed,1.0,0.996041,0.0,0.005233,0.010638,0.0,0.0,0.0158681,1.0,1.0,1.0,1.0,1.0,0.522503,0.477497,0.2510648,0.512695,,DAG_topology only
vqe_n4.qasm,small,Variational,4,94,fixed,gate_reorder,fixed,1.0,0.465166,0.54902,0.830797,0.808511,0.0,0.0,0.0163001,1.0,1.0,1.0,1.0,1.0,0.974237,0.025763,0.2631172,0.954102,,DAG_topology only
vqe_n4.qasm,small,Variational,4,94,fixed,trojan_NOT,fixed,0.985221,0.514243,0.480392,0.744832,0.757895,0.0,0.014283,0.0168353,0.964286,0.989362,1.0,0.984549,0.980295,0.273364,0.726636,0.2600482,0.199219,,gate_count only
vqe_n4.qasm,small,Variational,4,94,fixed,trojan_H,fixed,0.985221,0.514483,0.480392,0.744146,0.757895,0.0,0.014283,0.0168425,0.964286,0.989362,1.0,0.984549,0.980295,0.419118,0.580882,0.2543793,0.422852,,gate_count only
vqe_n4.qasm,small,Variational,4,94,fixed,qubit_swap,fixed,0.985207,0.96002,0.039216,0.022625,0.010526,0.111111,0.018519,0.0168148,0.964286,0.989362,1.0,0.984549,0.980276,0.612268,0.387732,0.2622597,0.401367,,"CNOT_count, DAG_topology"
vqe_n4_transpiled.qasm,small,Variational,4,78,fixed,none,fixed,1.0,1.0,0.0,0.0,0.0,0.0,0.0,0.0138158,1.0,1.0,1.0,1.0,1.0,0.059678,0.940322,0.264583,0.043945,,all
vqe_n4_transpiled.qasm,small,Variational,4,78,fixed,gate_deletion_1q,fixed,0.99428,0.450944,0.569767,0.770174,0.961538,0.0,0.017228,0.0139611,1.0,0.987179,1.0,0.995726,0.992374,0.409129,0.590871,0.2698243,0.335938,,"gate_count, depth"
vqe_n4_transpiled.qasm,small,Variational,4,78,fixed,gate_deletion_2q,fixed,0.953548,0.459432,0.55814,0.744448,0.858974,0.111111,0.022727,0.0135265,0.958333,0.987179,0.888889,0.944801,0.975101,0.359818,0.640182,0.2651682,0.331055,,"gate_count, CNOT_count, depth"
vqe_n4_transpiled.qasm,small,Variational,4,78,fixed,gate_insertion,fixed,0.982611,0.587074,0.453488,0.597468,0.670886,0.0,0.016117,0.0142541,0.958333,0.987179,1.0,0.981838,0.976815,0.608678,0.391322,0.2615501,0.569336,,"gate_count, depth increase"
vqe_n4_transpiled.qasm,small,Variational,4,78,fixed,gate_substitution,fixed,1.0,0.995265,0.0,0.006203,0.012821,0.0,0.0,0.01459,1.0,1.0,1.0,1.0,1.0,0.522697,0.477303,0.2641254,0.514648,,DAG_topology only
vqe_n4_transpiled.qasm,small,Variational,4,78,fixed,gate_reorder,fixed,1.0,0.458814,0.697674,0.836985,0.717949,0.0,0.0,0.0137197,1.0,1.0,1.0,1.0,1.0,0.976048,0.023952,0.2675509,0.954102,,DAG_topology only
vqe_n4_transpiled.qasm,small,Variational,4,78,fixed,trojan_NOT,fixed,0.982611,0.466677,0.569767,0.753985,0.911392,0.0,0.01685,0.0150139,0.958333,0.987179,1.0,0.981838,0.976815,0.296793,0.703207,0.286006,0.196289,,gate_count only
vqe_n4_transpiled.qasm,small,Variational,4,78,fixed,trojan_H,fixed,0.982611,0.466961,0.569767,0.753173,0.911392,0.0,0.01685,0.0139732,0.958333,0.987179,1.0,0.981838,0.976815,0.428807,0.571193,0.269325,0.43457,,gate_count only
vqe_n4_transpiled.qasm,small,Variational,4,78,fixed,qubit_swap,fixed,0.982592,0.956709,0.046512,0.026818,0.012658,0.111111,0.021739,0.0138667,0.958333,0.987179,1.0,0.981838,0.97679,0.613947,0.386053,0.2756217,0.40332,,"CNOT_count, DAG_topology"
wstate_n3.qasm,small,State Prep,3,9,fixed,none,fixed,1.0,1.0,0.0,0.0,0.0,0.0,0.0,0.0025,1.0,1.0,1.0,1.0,1.0,0.050962,0.949038,0.2650756,0.049805,,all
wstate_n3.qasm,small,State Prep,3,9,fixed,gate_deletion_1q,fixed,0.906781,0.422434,1.0,0.878517,0.555556,0.0,0.089744,0.0020898,0.833333,0.888889,1.0,0.907407,0.875708,0.661362,0.338638,0.2752179,0.644531,,"gate_count, depth"
wstate_n3.qasm,small,State Prep,3,9,fixed,gate_deletion_2q,fixed,0.899306,0.363611,1.0,0.770524,0.555556,0.5,0.055944,0.0020322,0.833333,0.888889,1.0,0.907407,0.865741,0.422714,0.577286,0.2714307,0.296875,,"gate_count, CNOT_count, depth"
wstate_n3.qasm,small,State Prep,3,9,fixed,gate_insertion,fixed,0.907051,0.785372,0.555556,0.238864,0.2,0.0,0.076923,0.0026571,0.833333,0.888889,1.0,0.907407,0.876067,0.590665,0.409335,0.2804266,0.545898,,"gate_count, depth increase"
wstate_n3.qasm,small,State Prep,3,9,fixed,gate_substitution,fixed,1.0,0.965817,0.0,0.034173,0.111111,0.0,0.0,0.0024476,1.0,1.0,1.0,1.0,1.0,0.56068,0.43932,0.279186,0.484375,,DAG_topology only
wstate_n3.qasm,small,State Prep,3,9,fixed,gate_reorder,fixed,0.98505,0.322222,1.0,1.0,0.888889,0.0,0.0,0.0024132,1.0,1.0,1.0,1.0,0.980066,1.0,0.0,0.2769994,1.0,,DAG_topology only
wstate_n3.qasm,small,State Prep,3,9,fixed,trojan_NOT,fixed,0.956192,0.453523,1.0,0.755398,0.6,0.0,0.120879,0.0025756,1.0,0.888889,1.0,0.962963,0.94159,1.0,0.0,0.2818011,1.0,,gate_count only
wstate_n3.qasm,small,State Prep,3,9,fixed,trojan_H,fixed,0.956192,0.449872,1.0,0.765829,0.6,0.0,0.120879,0.0026345,1.0,0.888889,1.0,0.962963,0.94159,0.565174,0.434826,0.2709598,0.505859,,gate_count only
wstate_n3.qasm,small,State Prep,3,9,fixed,qubit_swap,fixed,0.907549,0.713668,0.444444,0.273037,0.1,0.5,0.041026,0.0027049,0.833333,0.888889,1.0,0.907407,0.876732,0.82895,0.17105,0.2809046,0.703125,,"CNOT_count, DAG_topology"
wstate_n3_transpiled.qasm,small,State Prep,3,38,fixed,none,fixed,1.0,1.0,0.0,0.0,0.0,0.0,0.0,0.0072085,1.0,1.0,1.0,1.0,1.0,0.03288,0.96712,0.2888758,0.032227,,all
wstate_n3_transpiled.qasm,small,State Prep,3,38,fixed,gate_deletion_1q,fixed,0.976481,0.441348,1.0,0.692953,0.815789,0.0,0.029602,0.007651,0.958333,0.973684,1.0,0.977339,0.968641,0.006297,0.993703,0.3138605,0.006836,,"gate_count, depth"
wstate_n3_transpiled.qasm,small,State Prep,3,38,fixed,gate_deletion_2q,fixed,0.921323,0.491726,0.954545,0.596123,0.657895,0.111111,0.026478,0.0071698,0.875,0.973684,0.888889,0.912524,0.932135,0.007031,0.992969,0.2775239,0.007812,,"gate_count, CNOT_count, depth"
wstate_n3_transpiled.qasm,small,State Prep,3,38,fixed,gate_insertion,fixed,0.976483,0.896396,0.25,0.122156,0.102564,0.0,0.028369,0.0074351,0.958333,0.973684,1.0,0.977339,0.968645,0.569737,0.430263,0.2829106,0.514648,,"gate_count, depth increase"
wstate_n3_transpiled.qasm,small,State Prep,3,38,fixed,gate_substitution,fixed,1.0,0.989947,0.0,0.013685,0.026316,0.0,0.0,0.0071133,1.0,1.0,1.0,1.0,1.0,0.026505,0.973495,0.2715396,0.029297,,DAG_topology only
wstate_n3_transpiled.qasm,small,State Prep,3,38,fixed,gate_reorder,fixed,1.0,0.434617,0.954545,0.725087,0.842105,0.0,0.0,0.0073006,1.0,1.0,1.0,1.0,1.0,1.0,0.0,0.2719546,1.0,,DAG_topology only
wstate_n3_transpiled.qasm,small,State Prep,3,38,fixed,trojan_NOT,fixed,0.989058,0.557583,0.75,0.465396,0.820513,0.0,0.029255,0.0071245,1.0,0.973684,1.0,0.991228,0.98541,1.0,0.0,0.2681624,1.0,,gate_count only
wstate_n3_transpiled.qasm,small,State Prep,3,38,fixed,trojan_H,fixed,0.989058,0.558337,0.75,0.463244,0.820513,0.0,0.029255,0.0073864,1.0,0.973684,1.0,0.991228,0.98541,0.555704,0.444296,0.2724873,0.495117,,gate_count only
wstate_n3_transpiled.qasm,small,State Prep,3,38,fixed,qubit_swap,fixed,0.976443,0.936859,0.090909,0.056349,0.025641,0.111111,0.024316,0.0073136,0.958333,0.973684,1.0,0.977339,0.96859,0.820612,0.179388,0.2669239,0.678711,,"CNOT_count, DAG_topology"
bigadder_n18.qasm,medium,Arithmetic,18,21,fixed,none,fixed,1.0,1.0,0.0,0.0,0.0,0.0,0.0,0.0066912,1.0,1.0,1.0,1.0,1.0,,,,,,all
bigadder_n18.qasm,medium,Arithmetic,18,21,fixed,gate_deletion_1q,fixed,0.980561,0.466435,1.0,1.0,0.142857,0.0,0.049933,0.0062156,1.0,0.952381,1.0,0.984127,0.974082,,,,,,"gate_count, depth"
bigadder_n18.qasm,medium,Arithmetic,18,21,fixed,gate_deletion_2q,fixed,1.0,1.0,0.0,0.0,0.0,0.0,0.0,0.0066317,1.0,1.0,1.0,1.0,1.0,,,,,,"gate_count, CNOT_count, depth"
bigadder_n18.qasm,medium,Arithmetic,18,21,fixed,gate_insertion,fixed,0.980601,0.556216,1.0,0.773516,0.090909,0.0,0.048718,0.0065414,1.0,0.952381,1.0,0.984127,0.974135,,,,,,"gate_count, depth increase"
bigadder_n18.qasm,medium,Arithmetic,18,21,fixed,gate_substitution,fixed,1.0,0.990141,0.0,0.000957,0.047619,0.0,0.0,0.0070487,1.0,1.0,1.0,1.0,1.0,,,,,,DAG_topology only
bigadder_n18.qasm,medium,Arithmetic,18,21,fixed,gate_reorder,fixed,1.0,0.309524,1.0,1.0,0.952381,0.0,0.0,0.0069167,1.0,1.0,1.0,1.0,1.0,,,,,,DAG_topology only
bigadder_n18.qasm,medium,Arithmetic,18,21,fixed,trojan_NOT,fixed,0.980601,0.467855,1.0,1.0,0.136364,0.0,0.048718,0.0074787,1.0,0.952381,1.0,0.984127,0.974135,,,,,,gate_count only
bigadder_n18.qasm,medium,Arithmetic,18,21,fixed,trojan_H,fixed,0.980601,0.458765,1.0,1.0,0.181818,0.0,0.048718,0.0069749,1.0,0.952381,1.0,0.984127,0.974135,,,,,,gate_count only
bigadder_n18.qasm,medium,Arithmetic,18,21,fixed,qubit_swap,fixed,0.914877,0.766007,0.1,0.003991,0.045455,1.0,0.085053,0.0065869,0.75,0.952381,1.0,0.900794,0.886502,,,,,,"CNOT_count, DAG_topology"
bigadder_n18_transpiled.qasm,medium,Arithmetic,18,339,fixed,none,fixed,1.0,1.0,0.0,0.0,0.0,0.0,0.0,0.0265012,1.0,1.0,1.0,1.0,1.0,,,,,,all
bigadder_n18_transpiled.qasm,medium,Arithmetic,18,339,fixed,gate_deletion_1q,fixed,0.99876,0.518703,0.822616,0.564669,0.79941,0.0,0.003882,0.0244979,1.0,0.99705,1.0,0.999017,0.998346,,,,,,"gate_count, depth"
bigadder_n18_transpiled.qasm,medium,Arithmetic,18,339,fixed,gate_deletion_2q,fixed,0.994953,0.516505,0.824834,0.56626,0.79646,0.007692,0.007488,0.0244629,0.994475,0.99705,0.992308,0.994611,0.995835,,,,,,"gate_count, CNOT_count, depth"
bigadder_n18_transpiled.qasm,medium,Arithmetic,18,339,fixed,gate_insertion,fixed,0.99876,0.816234,0.388027,0.246649,0.194118,0.0,0.00411,0.0247919,1.0,0.99705,1.0,0.999017,0.998346,,,,,,"gate_count, depth increase"
bigadder_n18_transpiled.qasm,medium,Arithmetic,18,339,fixed,gate_substitution,fixed,1.0,0.999314,0.0,0.000275,0.00295,0.0,0.0,0.0271378,1.0,1.0,1.0,1.0,1.0,,,,,,DAG_topology only
bigadder_n18_transpiled.qasm,medium,Arithmetic,18,339,fixed,gate_reorder,fixed,1.0,0.516925,0.91796,0.659791,0.572271,0.0,0.0,0.0238639,1.0,1.0,1.0,1.0,1.0,,,,,,DAG_topology only
bigadder_n18_transpiled.qasm,medium,Arithmetic,18,339,fixed,trojan_NOT,fixed,0.99876,0.518384,0.827051,0.564955,0.797059,0.0,0.004128,0.0256348,1.0,0.99705,1.0,0.999017,0.998346,,,,,,gate_count only
bigadder_n18_transpiled.qasm,medium,Arithmetic,18,339,fixed,trojan_H,fixed,0.99876,0.517699,0.827051,0.56523,0.8,0.0,0.004128,0.0245822,1.0,0.99705,1.0,0.999017,0.998346,,,,,,gate_count only
bigadder_n18_transpiled.qasm,medium,Arithmetic,18,339,fixed,qubit_swap,fixed,0.998759,0.996011,0.004435,0.001145,0.002941,0.007692,0.007967,0.0258313,1.0,0.99705,1.0,0.999017,0.998346,,,,,,"CNOT_count, DAG_topology"
bv_n14.qasm,medium,Oracle,14,56,fixed,none,fixed,1.0,1.0,0.0,0.0,0.0,0.0,0.0,0.0106123,1.0,1.0,1.0,1.0,1.0,0.002489,0.997511,0.2459196,0.00293,,all
bv_n14.qasm,medium,Oracle,14,56,fixed,gate_deletion_1q,fixed,0.99261,0.655036,1.0,0.469713,0.142857,0.0,0.019933,0.0107315,1.0,0.982143,1.0,0.994048,0.990146,0.551114,0.448886,0.2802927,0.490234,,"gate_count, depth"
bv_n14.qasm,medium,Oracle,14,56,fixed,gate_deletion_2q,fixed,0.955827,0.779573,0.607595,0.275308,0.071429,0.076923,0.032598,0.010327,0.941176,0.982143,0.923077,0.948799,0.966744,1.0,0.0,0.3362986,1.0,,"gate_count, CNOT_count, depth"
bv_n14.qasm,medium,Oracle,14,56,fixed,gate_insertion,fixed,0.992612,0.656708,1.0,0.466486,0.140351,0.0,0.019518,0.0106209,1.0,0.982143,1.0,0.994048,0.990149,0.54057,0.45943,0.2669814,0.475586,,"gate_count, depth increase"
bv_n14.qasm,medium,Oracle,14,56,fixed,gate_substitution,fixed,1.0,0.995887,0.0,0.001548,0.017857,0.0,0.0,0.0106761,1.0,1.0,1.0,1.0,1.0,0.5386,0.4614,0.2702781,0.472656,,DAG_topology only
bv_n14.qasm,medium,Oracle,14,56,fixed,gate_reorder,fixed,1.0,0.362722,1.0,0.86161,0.928571,0.0,0.0,0.0104002,1.0,1.0,1.0,1.0,1.0,1.0,0.0,0.2563559,1.0,,DAG_topology only
bv_n14.qasm,medium,Oracle,14,56,fixed,trojan_NOT,fixed,0.992612,0.651528,1.0,0.471261,0.157895,0.0,0.019518,0.010555,1.0,0.982143,1.0,0.994048,0.990149,0.005806,0.994194,0.2684511,0.006836,,gate_count only
bv_n14.qasm,medium,Oracle,14,56,fixed,trojan_H,fixed,0.992612,0.655579,1.0,0.469713,0.140351,0.0,0.019518,0.010843,1.0,0.982143,1.0,0.994048,0.990149,0.581515,0.418485,0.2635267,0.533203,,gate_count only
bv_n14.qasm,medium,Oracle,14,56,fixed,qubit_swap,fixed,0.976509,0.91631,0.303797,0.04464,0.017544,0.076923,0.036028,0.010625,0.941176,0.982143,1.0,0.97444,0.968678,0.005808,0.994192,0.2639376,0.006836,,"CNOT_count, DAG_topology"
bv_n14_transpiled.qasm,medium,Oracle,14,109,fixed,none,fixed,1.0,1.0,0.0,0.0,0.0,0.0,0.0,0.0205372,1.0,1.0,1.0,1.0,1.0,0.038198,0.961802,0.2921684,0.044922,,all
bv_n14_transpiled.qasm,medium,Oracle,14,109,fixed,gate_deletion_1q,fixed,0.995925,0.619106,1.0,0.341524,0.550459,0.0,0.012686,0.0190645,1.0,0.990826,1.0,0.996942,0.994567,0.002488,0.997512,0.2779553,0.00293,,"gate_count, depth"
bv_n14_transpiled.qasm,medium,Oracle,14,109,fixed,gate_deletion_2q,fixed,0.962414,0.748339,0.742424,0.193274,0.275229,0.076923,0.022214,0.0199378,0.95,0.990826,0.923077,0.954634,0.975526,1.0,0.0,0.2697317,1.0,,"gate_count, CNOT_count, depth"
bv_n14_transpiled.qasm,medium,Oracle,14,109,fixed,gate_insertion,fixed,0.982539,0.630064,1.0,0.328707,0.518182,0.0,0.012516,0.020899,0.95,0.990826,1.0,0.980275,0.976718,0.553787,0.446213,0.2665228,0.494141,,"gate_count, depth increase"
bv_n14_transpiled.qasm,medium,Oracle,14,109,fixed,gate_substitution,fixed,1.0,0.997766,0.0,0.00114,0.009174,0.0,0.0,0.019675,1.0,1.0,1.0,1.0,1.0,0.006636,0.993364,0.2545968,0.007812,,DAG_topology only
bv_n14_transpiled.qasm,medium,Oracle,14,109,fixed,gate_reorder,fixed,1.0,0.445859,1.0,0.693353,0.807339,0.0,0.0,0.0196292,1.0,1.0,1.0,1.0,1.0,1.0,0.0,0.2618813,1.0,,DAG_topology only
bv_n14_transpiled.qasm,medium,Oracle,14,109,fixed,trojan_NOT,fixed,0.982539,0.622022,1.0,0.341297,0.536364,0.0,0.012516,0.0206382,0.95,0.990826,1.0,0.980275,0.976718,0.008295,0.991705,0.2624783,0.009766,,gate_count only
bv_n14_transpiled.qasm,medium,Oracle,14,109,fixed,trojan_H,fixed,0.982539,0.622115,1.0,0.34103,0.536364,0.0,0.012516,0.0205273,0.95,0.990826,1.0,0.980275,0.976718,0.561394,0.438606,0.2521551,0.504883,,gate_count only
bv_n14_transpiled.qasm,medium,Oracle,14,109,fixed,qubit_swap,fixed,0.982538,0.944374,0.181818,0.025268,0.009091,0.076923,0.023063,0.0198469,0.95,0.990826,1.0,0.980275,0.976717,0.006636,0.993364,0.2611135,0.007812,,"CNOT_count, DAG_topology"
bv_n19.qasm,medium,Oracle,19,76,fixed,none,fixed,1.0,1.0,0.0,0.0,0.0,0.0,0.0,0.0147131,1.0,1.0,1.0,1.0,1.0,,,,,,all
bv_n19.qasm,medium,Oracle,19,76,fixed,gate_deletion_1q,fixed,0.994545,0.713803,1.0,0.324759,0.105263,0.0,0.014788,0.0172481,1.0,0.986842,1.0,0.995614,0.992727,,,,,,"gate_count, depth"
bv_n19.qasm,medium,Oracle,19,76,fixed,gate_deletion_2q,fixed,0.967173,0.813452,0.623853,0.196803,0.052632,0.055556,0.024519,0.0060178,0.954545,0.986842,0.944444,0.961944,0.974749,,,,,,"gate_count, CNOT_count, depth"
bv_n19.qasm,medium,Oracle,19,76,fixed,gate_insertion,fixed,0.982114,0.945109,0.247706,0.031668,0.025974,0.0,0.014563,0.0061074,0.954545,0.986842,1.0,0.980463,0.976152,,,,,,"gate_count, depth increase"
bv_n19.qasm,medium,Oracle,19,76,fixed,gate_substitution,fixed,1.0,0.997043,0.0,0.000929,0.013158,0.0,0.0,0.0058417,1.0,1.0,1.0,1.0,1.0,,,,,,DAG_topology only
bv_n19.qasm,medium,Oracle,19,76,fixed,gate_reorder,fixed,1.0,0.398913,1.0,0.747466,0.947368,0.0,0.0,0.0058612,1.0,1.0,1.0,1.0,1.0,,,,,,DAG_topology only
bv_n19.qasm,medium,Oracle,19,76,fixed,trojan_NOT,fixed,0.994546,0.711176,1.0,0.325688,0.116883,0.0,0.014563,0.0061074,1.0,0.986842,1.0,0.995614,0.992728,,,,,,gate_count only
bv_n19.qasm,medium,Oracle,19,76,fixed,trojan_H,fixed,0.994546,0.714099,1.0,0.324759,0.103896,0.0,0.014563,0.0058003,1.0,0.986842,1.0,0.995614,0.992728,,,,,,gate_count only
bv_n19.qasm,medium,Oracle,19,76,fixed,qubit_swap,fixed,0.982137,0.923987,0.311927,0.03647,0.012987,0.055556,0.027506,0.0057753,0.954545,0.986842,1.0,0.980463,0.976183,,,,,,"CNOT_count, DAG_topology"
bv_n19_transpiled.qasm,medium,Oracle,19,149,fixed,none,fixed,1.0,1.0,0.0,0.0,0.0,0.0,0.0,0.0106235,1.0,1.0,1.0,1.0,1.0,,,,,,all
bv_n19_transpiled.qasm,medium,Oracle,19,149,fixed,gate_deletion_1q,fixed,0.997009,0.657448,1.0,0.240651,0.536913,0.0,0.009413,0.0122289,1.0,0.993289,1.0,0.997763,0.996012,,,,,,"gate_count, depth"
bv_n19_transpiled.qasm,medium,Oracle,19,149,fixed,gate_deletion_2q,fixed,0.971807,0.771104,0.758242,0.139118,0.268456,0.055556,0.016665,0.0106219,0.96,0.993289,0.944444,0.965911,0.980928,,,,,,"gate_count, CNOT_count, depth"
bv_n19_transpiled.qasm,medium,Oracle,19,149,fixed,gate_insertion,fixed,0.986354,0.700597,1.0,0.21087,0.373333,0.0,0.009321,0.0106001,0.96,0.993289,1.0,0.98443,0.981806,,,,,,"gate_count, depth increase"
bv_n19_transpiled.qasm,medium,Oracle,19,149,fixed,gate_substitution,fixed,1.0,0.998424,0.0,0.000668,0.006711,0.0,0.0,0.0105462,1.0,1.0,1.0,1.0,1.0,,,,,,DAG_topology only
bv_n19_transpiled.qasm,medium,Oracle,19,149,fixed,gate_reorder,fixed,1.0,0.540197,1.0,0.624367,0.456376,0.0,0.0,0.0107908,1.0,1.0,1.0,1.0,1.0,,,,,,DAG_topology only
bv_n19_transpiled.qasm,medium,Oracle,19,149,fixed,trojan_NOT,fixed,0.986354,0.659553,1.0,0.240518,0.526667,0.0,0.009321,0.0105926,0.96,0.993289,1.0,0.98443,0.981806,,,,,,gate_count only
bv_n19_transpiled.qasm,medium,Oracle,19,149,fixed,trojan_H,fixed,0.986354,0.659608,1.0,0.240361,0.526667,0.0,0.009321,0.0106331,0.96,0.993289,1.0,0.98443,0.981806,,,,,,gate_count only
bv_n19_transpiled.qasm,medium,Oracle,19,149,fixed,qubit_swap,fixed,0.986354,0.950723,0.186813,0.020149,0.006667,0.055556,0.01759,0.0108657,0.96,0.993289,1.0,0.98443,0.981805,,,,,,"CNOT_count, DAG_topology"
cat_state_n22.qasm,medium,State Prep,22,45,fixed,none,fixed,1.0,1.0,0.0,0.0,0.0,0.0,0.0,0.0036748,1.0,1.0,1.0,1.0,1.0,,,,,,all
cat_state_n22.qasm,medium,State Prep,22,45,fixed,gate_deletion_1q,fixed,0.979358,0.719396,1.0,0.316021,0.088889,0.0,0.022187,0.0035317,0.956522,0.977778,1.0,0.9781,0.972478,,,,,,"gate_count, depth"
cat_state_n22.qasm,medium,State Prep,22,45,fixed,gate_deletion_2q,fixed,0.953901,0.713782,1.0,0.31168,0.066667,0.047619,0.042732,0.0034053,0.913043,0.977778,0.952381,0.947734,0.954408,,,,,,"gate_count, CNOT_count, depth"
cat_state_n22.qasm,medium,State Prep,22,45,fixed,gate_insertion,fixed,0.979363,0.956819,0.046875,0.072245,0.043478,0.0,0.021682,0.0035927,0.956522,0.977778,1.0,0.9781,0.972483,,,,,,"gate_count, depth increase"
cat_state_n22.qasm,medium,State Prep,22,45,fixed,gate_substitution,fixed,1.0,0.995,0.0,0.001586,0.022222,0.0,0.0,0.0034591,1.0,1.0,1.0,1.0,1.0,,,,,,DAG_topology only
cat_state_n22.qasm,medium,State Prep,22,45,fixed,gate_reorder,fixed,0.997257,0.468128,0.6875,0.666262,0.977778,0.0,0.0,0.0034075,1.0,1.0,1.0,1.0,0.996342,,,,,,DAG_topology only
cat_state_n22.qasm,medium,State Prep,22,45,fixed,trojan_NOT,fixed,0.991604,0.727199,1.0,0.282478,0.108696,0.0,0.021944,0.0036588,1.0,0.977778,1.0,0.992593,0.988805,,,,,,gate_count only
cat_state_n22.qasm,medium,State Prep,22,45,fixed,trojan_H,fixed,0.991604,0.731377,1.0,0.282963,0.086957,0.0,0.021944,0.0035043,1.0,0.977778,1.0,0.992593,0.988805,,,,,,gate_count only
cat_state_n22.qasm,medium,State Prep,22,45,fixed,qubit_swap,fixed,0.979422,0.946253,0.0625,0.075484,0.021739,0.047619,0.040811,0.0047888,0.956522,0.977778,1.0,0.9781,0.972563,,,,,,"CNOT_count, DAG_topology"
cat_state_n22_transpiled.qasm,medium,State Prep,22,47,fixed,none,fixed,1.0,1.0,0.0,0.0,0.0,0.0,0.0,0.0039171,1.0,1.0,1.0,1.0,1.0,,,,,,all
cat_state_n22_transpiled.qasm,medium,State Prep,22,47,fixed,gate_deletion_1q,fixed,0.980604,0.71037,1.0,0.319939,0.12766,0.0,0.021195,0.0036345,0.96,0.978723,1.0,0.979574,0.974138,,,,,,"gate_count, depth"
cat_state_n22_transpiled.qasm,medium,State Prep,22,47,fixed,gate_deletion_2q,fixed,0.933438,0.71555,1.0,0.308797,0.06383,0.047619,0.040811,0.0044164,0.84,0.978723,0.952381,0.923701,0.927124,,,,,,"gate_count, CNOT_count, depth"
cat_state_n22_transpiled.qasm,medium,State Prep,22,47,fixed,gate_insertion,fixed,0.980608,0.730797,1.0,0.286896,0.083333,0.0,0.021223,0.0037761,0.96,0.978723,1.0,0.979574,0.974143,,,,,,"gate_count, depth increase"
cat_state_n22_transpiled.qasm,medium,State Prep,22,47,fixed,gate_substitution,fixed,1.0,0.995029,0.0,0.002045,0.021277,0.0,0.0,0.0036857,1.0,1.0,1.0,1.0,1.0,,,,,,DAG_topology only
cat_state_n22_transpiled.qasm,medium,State Prep,22,47,fixed,gate_reorder,fixed,0.997342,0.331021,1.0,0.923527,0.978723,0.0,0.0,0.0036999,1.0,1.0,1.0,1.0,0.996456,,,,,,DAG_topology only
cat_state_n22_transpiled.qasm,medium,State Prep,22,47,fixed,trojan_NOT,fixed,0.991936,0.720733,1.0,0.279866,0.145833,0.0,0.021473,0.0037235,1.0,0.978723,1.0,0.992908,0.989249,,,,,,gate_count only
cat_state_n22_transpiled.qasm,medium,State Prep,22,47,fixed,trojan_H,fixed,0.991936,0.720565,1.0,0.280345,0.145833,0.0,0.021473,0.0036444,1.0,0.978723,1.0,0.992908,0.989249,,,,,,gate_count only
cat_state_n22_transpiled.qasm,medium,State Prep,22,47,fixed,qubit_swap,fixed,0.980663,0.947142,0.060606,0.074785,0.020833,0.047619,0.039017,0.003689,0.96,0.978723,1.0,0.979574,0.974217,,,,,,"CNOT_count, DAG_topology"
cc_n12.qasm,medium,Other,12,61,fixed,none,fixed,1.0,1.0,0.0,0.0,0.0,0.0,0.0,0.0329503,1.0,1.0,1.0,1.0,1.0,0.042646,0.957354,0.272055,0.040039,,all
cc_n12.qasm,medium,Other,12,61,fixed,gate_deletion_1q,fixed,0.985699,0.703024,0.6,0.538891,0.081967,0.0,0.019709,0.0351263,0.974359,0.983607,1.0,0.985989,0.980932,0.551243,0.448757,0.2737887,0.487305,,"gate_count, depth"
cc_n12.qasm,medium,Other,12,61,fixed,gate_deletion_2q,fixed,0.961753,0.67324,0.780952,0.504631,0.065574,0.083333,0.032145,0.0329672,0.974359,0.983607,0.909091,0.955685,0.979306,0.707817,0.292183,0.2415639,0.518555,,"gate_count, CNOT_count, depth"
cc_n12.qasm,medium,Other,12,61,fixed,gate_insertion,fixed,0.993358,0.916348,0.314286,0.071147,0.048387,0.0,0.019298,0.0342868,1.0,0.983607,1.0,0.994536,0.991144,0.575466,0.424534,0.2390669,0.521484,,"gate_count, depth increase"
cc_n12.qasm,medium,Other,12,61,fixed,gate_substitution,fixed,1.0,0.996114,0.0,0.001734,0.016393,0.0,0.0,0.0324745,1.0,1.0,1.0,1.0,1.0,0.561708,0.438292,0.245331,0.500977,,DAG_topology only
cc_n12.qasm,medium,Other,12,61,fixed,gate_reorder,fixed,1.0,0.357563,1.0,0.976051,0.754098,0.0,0.0,0.0352111,1.0,1.0,1.0,1.0,1.0,0.908725,0.091275,0.2347285,0.870117,,DAG_topology only
cc_n12.qasm,medium,Other,12,61,fixed,trojan_NOT,fixed,0.985701,0.69664,0.619048,0.540624,0.096774,0.0,0.019298,0.0334171,0.974359,0.983607,1.0,0.985989,0.980934,0.030728,0.969272,0.2436641,0.029297,,gate_count only
cc_n12.qasm,medium,Other,12,61,fixed,trojan_H,fixed,0.985701,0.700472,0.619048,0.538891,0.080645,0.0,0.019298,0.0324014,0.974359,0.983607,1.0,0.985989,0.980934,0.550783,0.449217,0.2382625,0.489258,,gate_count only
cc_n12.qasm,medium,Other,12,61,fixed,qubit_swap,fixed,0.985741,0.933052,0.190476,0.042765,0.016129,0.083333,0.03516,0.035292,0.974359,0.983607,1.0,0.985989,0.980988,0.033352,0.966648,0.2409568,0.030273,,"CNOT_count, DAG_topology"
cc_n12_transpiled.qasm,medium,Other,12,129,fixed,none,fixed,1.0,1.0,0.0,0.0,0.0,0.0,0.0,0.0823559,1.0,1.0,1.0,1.0,1.0,0.027888,0.972112,0.5114836,0.022461,,all
cc_n12_transpiled.qasm,medium,Other,12,129,fixed,gate_deletion_1q,fixed,0.993225,0.708952,0.872832,0.334647,0.209302,0.0,0.011361,0.0618202,0.988506,0.992248,1.0,0.993585,0.990967,0.028131,0.971869,0.3647338,0.030273,,"gate_count, depth"
cc_n12_transpiled.qasm,medium,Other,12,129,fixed,gate_deletion_2q,fixed,0.969842,0.766232,0.739884,0.279772,0.031008,0.083333,0.019967,0.0603909,0.988506,0.992248,0.909091,0.963282,0.990092,0.703394,0.296606,0.3431141,0.501953,,"gate_count, CNOT_count, depth"
cc_n12_transpiled.qasm,medium,Other,12,129,fixed,gate_insertion,fixed,0.996751,0.798964,0.653179,0.278062,0.023077,0.0,0.011223,0.064982,1.0,0.992248,1.0,0.997416,0.995668,0.560372,0.439628,0.3454536,0.500977,,"gate_count, depth increase"
cc_n12_transpiled.qasm,medium,Other,12,129,fixed,gate_substitution,fixed,1.0,0.998012,0.0,0.001251,0.007752,0.0,0.0,0.0613108,1.0,1.0,1.0,1.0,1.0,0.028633,0.971367,0.3417373,0.029297,,DAG_topology only
cc_n12_transpiled.qasm,medium,Other,12,129,fixed,gate_reorder,fixed,1.0,0.371737,0.924855,1.0,0.697674,0.0,0.0,0.0661583,1.0,1.0,1.0,1.0,1.0,0.907166,0.092834,0.3443068,0.867188,,DAG_topology only
cc_n12_transpiled.qasm,medium,Other,12,129,fixed,trojan_NOT,fixed,0.993225,0.710914,0.872832,0.334398,0.2,0.0,0.011223,0.0650095,0.988506,0.992248,1.0,0.993585,0.990967,0.041397,0.958603,0.3414294,0.043945,,gate_count only
cc_n12_transpiled.qasm,medium,Other,12,129,fixed,trojan_H,fixed,0.993225,0.711016,0.872832,0.334105,0.2,0.0,0.011223,0.0604048,0.988506,0.992248,1.0,0.993585,0.990967,0.550904,0.449096,0.341209,0.488281,,gate_count only
cc_n12_transpiled.qasm,medium,Other,12,129,fixed,qubit_swap,fixed,0.993226,0.954118,0.115607,0.023709,0.007692,0.083333,0.020376,0.0615304,0.988506,0.992248,1.0,0.993585,0.990968,0.031606,0.968394,0.337927,0.029297,,"CNOT_count, DAG_topology"
ghz_state_n23.qasm,medium,State Prep,23,47,fixed,none,fixed,1.0,1.0,0.0,0.0,0.0,0.0,0.0,0.0046841,1.0,1.0,1.0,1.0,1.0,,,,,,all
ghz_state_n23.qasm,medium,State Prep,23,47,fixed,gate_deletion_1q,fixed,0.980229,0.725869,1.0,0.299959,0.085106,0.0,0.021245,0.0040368,0.958333,0.978723,1.0,0.979019,0.973639,,,,,,"gate_count, depth"
ghz_state_n23.qasm,medium,State Prep,23,47,fixed,gate_deletion_2q,fixed,0.955876,0.720465,1.0,0.29594,0.06383,0.045455,0.040993,0.0041078,0.916667,0.978723,0.954545,0.949979,0.95632,,,,,,"gate_count, CNOT_count, depth"
ghz_state_n23.qasm,medium,State Prep,23,47,fixed,gate_insertion,fixed,0.991963,0.733767,1.0,0.278538,0.083333,0.0,0.020784,0.004072,1.0,0.978723,1.0,0.992908,0.989285,,,,,,"gate_count, depth increase"
ghz_state_n23.qasm,medium,State Prep,23,47,fixed,gate_substitution,fixed,1.0,0.995231,0.0,0.001468,0.021277,0.0,0.0,0.0044471,1.0,1.0,1.0,1.0,1.0,,,,,,DAG_topology only
ghz_state_n23.qasm,medium,State Prep,23,47,fixed,gate_reorder,fixed,0.997372,0.469352,0.686567,0.662624,0.978723,0.0,0.0,0.0039009,1.0,1.0,1.0,1.0,0.996496,,,,,,DAG_topology only
ghz_state_n23.qasm,medium,State Prep,23,47,fixed,trojan_NOT,fixed,0.991963,0.733481,1.0,0.26738,0.104167,0.0,0.021022,0.004025,1.0,0.978723,1.0,0.992908,0.989285,,,,,,gate_count only
ghz_state_n23.qasm,medium,State Prep,23,47,fixed,trojan_H,fixed,0.991963,0.737491,1.0,0.267828,0.083333,0.0,0.021022,0.0040252,1.0,0.978723,1.0,0.992908,0.989285,,,,,,gate_count only
ghz_state_n23.qasm,medium,State Prep,23,47,fixed,qubit_swap,fixed,0.980288,0.948338,0.059701,0.072931,0.020833,0.045455,0.03923,0.0039407,0.958333,0.978723,1.0,0.979019,0.973717,,,,,,"CNOT_count, DAG_topology"
ghz_state_n23_transpiled.qasm,medium,State Prep,23,49,fixed,none,fixed,1.0,1.0,0.0,0.0,0.0,0.0,0.0,0.0042684,1.0,1.0,1.0,1.0,1.0,,,,,,all
ghz_state_n23_transpiled.qasm,medium,State Prep,23,49,fixed,gate_deletion_1q,fixed,0.981375,0.717173,1.0,0.303725,0.122449,0.0,0.020337,0.0038509,0.961538,0.979592,1.0,0.980377,0.975167,,,,,,"gate_count, depth"
ghz_state_n23_transpiled.qasm,medium,State Prep,23,49,fixed,gate_deletion_2q,fixed,0.936118,0.722049,1.0,0.293405,0.061224,0.045455,0.03923,0.0040766,0.846154,0.979592,0.954545,0.926764,0.929975,,,,,,"gate_count, CNOT_count, depth"
ghz_state_n23_transpiled.qasm,medium,State Prep,23,49,fixed,gate_insertion,fixed,0.981379,0.952273,0.043478,0.089054,0.04,0.0,0.020361,0.0039144,0.961538,0.979592,1.0,0.980377,0.975172,,,,,,"gate_count, depth increase"
ghz_state_n23_transpiled.qasm,medium,State Prep,23,49,fixed,gate_substitution,fixed,1.0,0.995255,0.0,0.001894,0.020408,0.0,0.0,0.003844,1.0,1.0,1.0,1.0,1.0,,,,,,DAG_topology only
ghz_state_n23_transpiled.qasm,medium,State Prep,23,49,fixed,gate_reorder,fixed,0.997451,0.336698,1.0,0.90681,0.979592,0.0,0.0,0.0037015,1.0,1.0,1.0,1.0,0.996601,,,,,,DAG_topology only
ghz_state_n23_transpiled.qasm,medium,State Prep,23,49,fixed,trojan_NOT,fixed,0.992269,0.72716,1.0,0.265089,0.14,0.0,0.02059,0.0038009,1.0,0.979592,1.0,0.993197,0.989692,,,,,,gate_count only
ghz_state_n23_transpiled.qasm,medium,State Prep,23,49,fixed,trojan_H,fixed,0.992269,0.727004,1.0,0.265534,0.14,0.0,0.02059,0.0037701,1.0,0.979592,1.0,0.993197,0.989692,,,,,,gate_count only
ghz_state_n23_transpiled.qasm,medium,State Prep,23,49,fixed,qubit_swap,fixed,0.98143,0.949148,0.057971,0.072306,0.02,0.045455,0.037578,0.0046288,0.961538,0.979592,1.0,0.980377,0.97524,,,,,,"CNOT_count, DAG_topology"
ising_n26.qasm,medium,Simulation,26,307,fixed,none,fixed,1.0,1.0,0.0,0.0,0.0,0.0,0.0,0.0219709,1.0,1.0,1.0,1.0,1.0,,,,,,all
ising_n26.qasm,medium,Simulation,26,307,fixed,gate_deletion_1q,fixed,0.998504,0.654933,0.918539,0.205489,0.674267,0.0,0.005112,0.0215312,1.0,0.996743,1.0,0.998914,0.998006,,,,,,"gate_count, depth"
ising_n26.qasm,medium,Simulation,26,307,fixed,gate_deletion_2q,fixed,0.993163,0.65399,0.910112,0.202738,0.667752,0.02,0.009837,0.0215297,1.0,0.996743,0.98,0.992248,0.99755,,,,,,"gate_count, CNOT_count, depth"
ising_n26.qasm,medium,Simulation,26,307,fixed,gate_insertion,fixed,0.998504,0.720674,0.901685,0.200537,0.366883,0.0,0.005085,0.0225124,1.0,0.996743,1.0,0.998914,0.998006,,,,,,"gate_count, depth increase"
ising_n26.qasm,medium,Simulation,26,307,fixed,gate_substitution,fixed,1.0,0.999275,0.0,0.00021,0.003257,0.0,0.0,0.02132,1.0,1.0,1.0,1.0,1.0,,,,,,DAG_topology only
ising_n26.qasm,medium,Simulation,26,307,fixed,gate_reorder,fixed,1.0,0.560153,1.0,0.407472,0.736156,0.0,0.0,0.0214169,1.0,1.0,1.0,1.0,1.0,,,,,,DAG_topology only
ising_n26.qasm,medium,Simulation,26,307,fixed,trojan_NOT,fixed,0.998504,0.654702,0.918539,0.205553,0.675325,0.0,0.005085,0.0220084,1.0,0.996743,1.0,0.998914,0.998006,,,,,,gate_count only
ising_n26.qasm,medium,Simulation,26,307,fixed,trojan_H,fixed,0.998504,0.655374,0.918539,0.205489,0.672078,0.0,0.005085,0.0224936,1.0,0.996743,1.0,0.998914,0.998006,,,,,,gate_count only
ising_n26.qasm,medium,Simulation,26,307,fixed,qubit_swap,fixed,0.982538,0.98859,0.011236,0.011719,0.003247,0.02,0.009735,0.021508,0.9375,0.996743,1.0,0.978081,0.976718,,,,,,"CNOT_count, DAG_topology"
ising_n26_transpiled.qasm,medium,Simulation,26,204,fixed,none,fixed,1.0,1.0,0.0,0.0,0.0,0.0,0.0,0.0147554,1.0,1.0,1.0,1.0,1.0,,,,,,all
ising_n26_transpiled.qasm,medium,Simulation,26,204,fixed,gate_deletion_1q,fixed,0.997795,0.622094,1.0,0.217783,0.754902,0.0,0.007014,0.0143342,1.0,0.995098,1.0,0.998366,0.997061,,,,,,"gate_count, depth"
ising_n26_transpiled.qasm,medium,Simulation,26,204,fixed,gate_deletion_2q,fixed,0.992305,0.623846,1.0,0.213499,0.730392,0.02,0.013509,0.0156401,1.0,0.995098,0.98,0.991699,0.996407,,,,,,"gate_count, CNOT_count, depth"
ising_n26_transpiled.qasm,medium,Simulation,26,204,fixed,gate_insertion,fixed,0.974091,0.730665,0.962656,0.198904,0.273171,0.0,0.006861,0.0148816,0.909091,0.995098,1.0,0.968063,0.965455,,,,,,"gate_count, depth increase"
ising_n26_transpiled.qasm,medium,Simulation,26,204,fixed,gate_substitution,fixed,1.0,0.998879,0.0,0.000401,0.004902,0.0,0.0,0.0143804,1.0,1.0,1.0,1.0,1.0,,,,,,DAG_topology only
ising_n26_transpiled.qasm,medium,Simulation,26,204,fixed,gate_reorder,fixed,0.988284,0.472546,1.0,0.568636,0.892157,0.0,0.0,0.0143232,1.0,1.0,1.0,1.0,0.984379,,,,,,DAG_topology only
ising_n26_transpiled.qasm,medium,Simulation,26,204,fixed,trojan_NOT,fixed,0.97458,0.624099,1.0,0.216962,0.746341,0.0,0.006964,0.0144917,0.909091,0.995098,1.0,0.968063,0.966107,,,,,,gate_count only
ising_n26_transpiled.qasm,medium,Simulation,26,204,fixed,trojan_H,fixed,0.97458,0.624132,1.0,0.216868,0.746341,0.0,0.006964,0.0143976,0.909091,0.995098,1.0,0.968063,0.966107,,,,,,gate_count only
ising_n26_transpiled.qasm,medium,Simulation,26,204,fixed,qubit_swap,fixed,0.974579,0.985172,0.016598,0.017232,0.004878,0.02,0.013316,0.0154908,0.909091,0.995098,1.0,0.968063,0.966106,,,,,,"CNOT_count, DAG_topology"
knn_n25.qasm,medium,Other,25,39,fixed,none,fixed,1.0,1.0,0.0,0.0,0.0,0.0,0.0,0.0034691,1.0,1.0,1.0,1.0,1.0,,,,,,all
knn_n25.qasm,medium,Other,25,39,fixed,gate_deletion_1q,fixed,0.988619,0.562715,1.0,0.738632,0.128205,0.0,0.031234,0.0029123,1.0,0.974359,1.0,0.991453,0.984825,,,,,,"gate_count, depth"
knn_n25.qasm,medium,Other,25,39,fixed,gate_deletion_2q,fixed,1.0,1.0,0.0,0.0,0.0,0.0,0.0,0.0029472,1.0,1.0,1.0,1.0,1.0,,,,,,"gate_count, CNOT_count, depth"
knn_n25.qasm,medium,Other,25,39,fixed,gate_insertion,fixed,0.988623,0.5861,1.0,0.65964,0.15,0.0,0.030258,0.0031146,1.0,0.974359,1.0,0.991453,0.984831,,,,,,"gate_count, depth increase"
knn_n25.qasm,medium,Other,25,39,fixed,gate_substitution,fixed,1.0,0.993538,0.0,0.003811,0.025641,0.0,0.0,0.0029152,1.0,1.0,1.0,1.0,1.0,,,,,,DAG_topology only
knn_n25.qasm,medium,Other,25,39,fixed,gate_reorder,fixed,1.0,0.391786,1.0,0.869623,0.769231,0.0,0.0,0.0032648,1.0,1.0,1.0,1.0,1.0,,,,,,DAG_topology only
knn_n25.qasm,medium,Other,25,39,fixed,trojan_NOT,fixed,0.969512,0.557129,1.0,0.742416,0.15,0.0,0.030258,0.0031201,0.933333,0.974359,1.0,0.969231,0.959349,,,,,,gate_count only
knn_n25.qasm,medium,Other,25,39,fixed,trojan_H,fixed,0.969512,0.557226,1.0,0.742138,0.15,0.0,0.030258,0.0029664,0.933333,0.974359,1.0,0.969231,0.959349,,,,,,gate_count only
knn_n25.qasm,medium,Other,25,39,fixed,qubit_swap,fixed,0.969547,0.780087,0.052632,0.007214,0.025,1.0,0.044933,0.0029961,0.933333,0.974359,1.0,0.969231,0.959395,,,,,,"CNOT_count, DAG_topology"
knn_n25_transpiled.qasm,medium,Other,25,343,fixed,none,fixed,1.0,1.0,0.0,0.0,0.0,0.0,0.0,0.0267365,1.0,1.0,1.0,1.0,1.0,,,,,,all
knn_n25_transpiled.qasm,medium,Other,25,343,fixed,gate_deletion_1q,fixed,0.998714,0.52204,0.876812,0.480598,0.889213,0.0,0.003869,0.024156,1.0,0.997085,1.0,0.999028,0.998286,,,,,,"gate_count, depth"
knn_n25_transpiled.qasm,medium,Other,25,343,fixed,gate_deletion_2q,fixed,0.99328,0.568515,0.811594,0.458445,0.731778,0.010417,0.008507,0.0254183,0.990909,0.997085,0.989583,0.992526,0.994512,,,,,,"gate_count, CNOT_count, depth"
knn_n25_transpiled.qasm,medium,Other,25,343,fixed,gate_insertion,fixed,0.998714,0.538764,0.833333,0.467716,0.860465,0.0,0.004421,0.0243067,1.0,0.997085,1.0,0.999028,0.998286,,,,,,"gate_count, depth increase"
knn_n25_transpiled.qasm,medium,Other,25,343,fixed,gate_substitution,fixed,1.0,0.999336,0.0,0.000232,0.002915,0.0,0.0,0.0242797,1.0,1.0,1.0,1.0,1.0,,,,,,DAG_topology only
knn_n25_transpiled.qasm,medium,Other,25,343,fixed,gate_reorder,fixed,1.0,0.501885,0.884058,0.707777,0.588921,0.0,0.0,0.0251148,1.0,1.0,1.0,1.0,1.0,,,,,,DAG_topology only
knn_n25_transpiled.qasm,medium,Other,25,343,fixed,trojan_NOT,fixed,0.996163,0.522827,0.871981,0.480076,0.889535,0.0,0.004421,0.0242627,0.990909,0.997085,1.0,0.995998,0.994884,,,,,,gate_count only
knn_n25_transpiled.qasm,medium,Other,25,343,fixed,trojan_H,fixed,0.996163,0.522846,0.871981,0.480022,0.889535,0.0,0.004421,0.0244059,0.990909,0.997085,1.0,0.995998,0.994884,,,,,,gate_count only
knn_n25_transpiled.qasm,medium,Other,25,343,fixed,qubit_swap,fixed,0.996163,0.995606,0.004831,0.000744,0.002907,0.010417,0.007438,0.0248315,0.990909,0.997085,1.0,0.995998,0.994883,,,,,,"CNOT_count, DAG_topology"
multiplier_n15.qasm,medium,Arithmetic,15,73,fixed,none,fixed,1.0,1.0,0.0,0.0,0.0,0.0,0.0,0.005768,1.0,1.0,1.0,1.0,1.0,,,,,,all
multiplier_n15.qasm,medium,Arithmetic,15,73,fixed,gate_deletion_1q,fixed,0.994415,0.673789,0.748148,0.255955,0.616438,0.0,0.011166,0.0054336,1.0,0.986301,1.0,0.995434,0.992553,,,,,,"gate_count, depth"
multiplier_n15.qasm,medium,Arithmetic,15,73,fixed,gate_deletion_2q,fixed,0.985047,0.582518,1.0,0.40357,0.589041,0.033333,0.017572,0.0053927,1.0,0.986301,0.966667,0.984323,0.991174,,,,,,"gate_count, CNOT_count, depth"
multiplier_n15.qasm,medium,Arithmetic,15,73,fixed,gate_insertion,fixed,0.994416,0.755478,0.762963,0.260332,0.189189,0.0,0.011234,0.0070476,1.0,0.986301,1.0,0.995434,0.992554,,,,,,"gate_count, depth increase"
multiplier_n15.qasm,medium,Arithmetic,15,73,fixed,gate_substitution,fixed,1.0,0.996764,0.0,0.001419,0.013699,0.0,0.0,0.0054855,1.0,1.0,1.0,1.0,1.0,,,,,,DAG_topology only
multiplier_n15.qasm,medium,Arithmetic,15,73,fixed,gate_reorder,fixed,1.0,0.506267,1.0,0.528084,0.794521,0.0,0.0,0.0053918,1.0,1.0,1.0,1.0,1.0,,,,,,DAG_topology only
multiplier_n15.qasm,medium,Arithmetic,15,73,fixed,trojan_NOT,fixed,0.994416,0.575605,1.0,0.433287,0.608108,0.0,0.011234,0.0054919,1.0,0.986301,1.0,0.995434,0.992554,,,,,,gate_count only
multiplier_n15.qasm,medium,Arithmetic,15,73,fixed,trojan_H,fixed,0.994416,0.572405,1.0,0.434706,0.621622,0.0,0.011234,0.0055678,1.0,0.986301,1.0,0.995434,0.992554,,,,,,gate_count only
multiplier_n15.qasm,medium,Arithmetic,15,73,fixed,qubit_swap,fixed,0.994444,0.953654,0.088889,0.062055,0.013514,0.033333,0.019241,0.005488,1.0,0.986301,1.0,0.995434,0.992593,,,,,,"CNOT_count, DAG_topology"
multiplier_n15_transpiled.qasm,medium,Arithmetic,15,563,fixed,none,fixed,1.0,1.0,0.0,0.0,0.0,0.0,0.0,0.0445277,1.0,1.0,1.0,1.0,1.0,,,,,,all
multiplier_n15_transpiled.qasm,medium,Arithmetic,15,563,fixed,gate_deletion_1q,fixed,0.998118,0.536673,1.0,0.463178,0.754885,0.0,0.002382,0.0455057,0.996109,0.998224,1.0,0.998111,0.99749,,,,,,"gate_count, depth"
multiplier_n15_transpiled.qasm,medium,Arithmetic,15,563,fixed,gate_deletion_2q,fixed,0.997964,0.538349,1.0,0.460523,0.746004,0.004505,0.003664,0.0449504,1.0,0.998224,0.995495,0.997906,0.998787,,,,,,"gate_count, CNOT_count, depth"
multiplier_n15_transpiled.qasm,medium,Arithmetic,15,563,fixed,gate_insertion,fixed,0.998118,0.712019,0.687013,0.273366,0.445035,0.0,0.002444,0.045746,0.996109,0.998224,1.0,0.998111,0.99749,,,,,,"gate_count, depth increase"
multiplier_n15_transpiled.qasm,medium,Arithmetic,15,563,fixed,gate_substitution,fixed,1.0,0.999548,0.0,0.000277,0.001776,0.0,0.0,0.0452899,1.0,1.0,1.0,1.0,1.0,,,,,,DAG_topology only
multiplier_n15_transpiled.qasm,medium,Arithmetic,15,563,fixed,gate_reorder,fixed,1.0,0.517015,1.0,0.655015,0.51865,0.0,0.0,0.0437471,1.0,1.0,1.0,1.0,1.0,,,,,,DAG_topology only
multiplier_n15_transpiled.qasm,medium,Arithmetic,15,563,fixed,trojan_NOT,fixed,0.999245,0.539756,1.0,0.45408,0.755319,0.0,0.002522,0.0459617,1.0,0.998224,1.0,0.999408,0.998994,,,,,,gate_count only
multiplier_n15_transpiled.qasm,medium,Arithmetic,15,563,fixed,trojan_H,fixed,0.999245,0.539681,1.0,0.454293,0.755319,0.0,0.002522,0.0453768,1.0,0.998224,1.0,0.999408,0.998994,,,,,,gate_count only
multiplier_n15_transpiled.qasm,medium,Arithmetic,15,563,fixed,qubit_swap,fixed,0.999245,0.976634,0.067532,0.032935,0.001773,0.004505,0.004532,0.0448408,1.0,0.998224,1.0,0.999408,0.998994,,,,,,"CNOT_count, DAG_topology"
multiply_n13.qasm,medium,Other,13,21,fixed,none,fixed,1.0,1.0,0.0,0.0,0.0,0.0,0.0,0.0049366,1.0,1.0,1.0,1.0,1.0,0.0,1.0,0.2212577,0.0,,all
multiply_n13.qasm,medium,Other,13,21,fixed,gate_deletion_1q,fixed,0.981734,0.430822,1.0,1.0,0.333333,0.0,0.025114,0.0045952,1.0,0.952381,1.0,0.984127,0.975645,1.0,0.0,0.2733952,1.0,,"gate_count, depth"
multiply_n13.qasm,medium,Other,13,21,fixed,gate_deletion_2q,fixed,0.91661,0.725008,0.384615,0.382694,0.142857,0.25,0.047849,0.0045797,1.0,0.952381,0.75,0.900794,0.972147,1.0,0.0,0.2718667,1.0,,"gate_count, CNOT_count, depth"
multiply_n13.qasm,medium,Other,13,21,fixed,gate_insertion,fixed,0.947608,0.951383,0.076923,0.046902,0.090909,0.0,0.024806,0.0043291,0.875,0.952381,1.0,0.94246,0.930143,0.555842,0.444158,1.5972308,0.49707,,"gate_count, depth increase"
multiply_n13.qasm,medium,Other,13,21,fixed,gate_substitution,fixed,1.0,0.989473,0.0,0.002865,0.047619,0.0,0.0,0.0050077,1.0,1.0,1.0,1.0,1.0,0.564164,0.435836,0.2693836,0.508789,,DAG_topology only
multiply_n13.qasm,medium,Other,13,21,fixed,gate_reorder,fixed,1.0,0.478815,0.615385,0.735569,0.857143,0.0,0.0,0.0066055,1.0,1.0,1.0,1.0,1.0,1.0,0.0,1.7708209,1.0,,DAG_topology only
multiply_n13.qasm,medium,Other,13,21,fixed,trojan_NOT,fixed,0.981781,0.433846,1.0,1.0,0.318182,0.0,0.025176,0.0051739,1.0,0.952381,1.0,0.984127,0.975708,1.0,0.0,0.2994807,1.0,,gate_count only
multiply_n13.qasm,medium,Other,13,21,fixed,trojan_H,fixed,0.981781,0.424755,1.0,1.0,0.363636,0.0,0.025176,0.004874,1.0,0.952381,1.0,0.984127,0.975708,0.552373,0.447627,0.2771367,0.492188,,gate_count only
multiply_n13.qasm,medium,Other,13,21,fixed,qubit_swap,fixed,0.978858,0.903838,0.025641,0.082614,0.045455,0.25,0.043105,0.0049282,1.0,0.952381,1.0,0.984127,0.97181,0.0,1.0,0.2829042,0.0,,"CNOT_count, DAG_topology"
multiply_n13_transpiled.qasm,medium,Other,13,123,fixed,none,fixed,1.0,1.0,0.0,0.0,0.0,0.0,0.0,0.0253971,1.0,1.0,1.0,1.0,1.0,0.0,1.0,0.2998437,0.0,,all
multiply_n13_transpiled.qasm,medium,Other,13,123,fixed,gate_deletion_1q,fixed,0.996572,0.4456,1.0,0.739388,0.723577,0.0,0.008984,0.0227197,1.0,0.99187,1.0,0.99729,0.995429,1.0,0.0,0.274009,1.0,,"gate_count, depth"
multiply_n13_transpiled.qasm,medium,Other,13,123,fixed,gate_deletion_2q,fixed,0.983379,0.488115,1.0,0.634055,0.666667,0.025,0.016325,0.0232725,0.977778,0.99187,0.975,0.981549,0.986171,0.0,1.0,0.2635212,0.0,,"gate_count, CNOT_count, depth"
multiply_n13_transpiled.qasm,medium,Other,13,123,fixed,gate_insertion,fixed,0.996572,0.496508,1.0,0.647988,0.629032,0.0,0.008894,0.0234323,1.0,0.99187,1.0,0.99729,0.99543,0.543346,0.456654,0.2623285,0.479492,,"gate_count, depth increase"
multiply_n13_transpiled.qasm,medium,Other,13,123,fixed,gate_substitution,fixed,1.0,0.998083,0.0,0.000831,0.00813,0.0,0.0,0.0233654,1.0,1.0,1.0,1.0,1.0,0.566937,0.433063,0.2456963,0.512695,,DAG_topology only
multiply_n13_transpiled.qasm,medium,Other,13,123,fixed,gate_reorder,fixed,1.0,0.458665,1.0,0.765021,0.617886,0.0,0.0,0.0328907,1.0,1.0,1.0,1.0,1.0,1.0,0.0,2.5982296,1.0,,DAG_topology only
multiply_n13_transpiled.qasm,medium,Other,13,123,fixed,trojan_NOT,fixed,0.996572,0.447605,1.0,0.736791,0.717742,0.0,0.009698,0.0240503,1.0,0.99187,1.0,0.99729,0.99543,1.0,0.0,0.2642674,1.0,,gate_count only
multiply_n13_transpiled.qasm,medium,Other,13,123,fixed,trojan_H,fixed,0.996572,0.446022,1.0,0.736706,0.725806,0.0,0.009698,0.0232173,1.0,0.99187,1.0,0.99729,0.99543,0.556536,0.443464,0.26872,0.498047,,gate_count only
multiply_n13_transpiled.qasm,medium,Other,13,123,fixed,qubit_swap,fixed,0.995879,0.982591,0.005747,0.023954,0.008065,0.025,0.0155,0.0235387,1.0,0.99187,1.0,0.99729,0.994505,0.0,1.0,0.2563769,0.0,,"CNOT_count, DAG_topology"
qec9xz_n17.qasm,medium,Error Correction,17,61,fixed,none,fixed,1.0,1.0,0.0,0.0,0.0,0.0,0.0,0.0062172,1.0,1.0,1.0,1.0,1.0,,,,,,all
qec9xz_n17.qasm,medium,Error Correction,17,61,fixed,gate_deletion_1q,fixed,0.976016,0.604412,1.0,0.611828,0.147541,0.0,0.019402,0.0062846,0.9375,0.983607,1.0,0.973702,0.968022,,,,,,"gate_count, depth"
qec9xz_n17.qasm,medium,Error Correction,17,61,fixed,gate_deletion_2q,fixed,0.966814,0.602171,1.0,0.605292,0.131148,0.03125,0.034976,0.0065678,0.9375,0.983607,0.96875,0.963286,0.966168,,,,,,"gate_count, CNOT_count, depth"
qec9xz_n17.qasm,medium,Error Correction,17,61,fixed,gate_insertion,fixed,0.993048,0.908489,0.355263,0.094433,0.016129,0.0,0.019446,0.0063158,1.0,0.983607,1.0,0.994536,0.990731,,,,,,"gate_count, depth increase"
qec9xz_n17.qasm,medium,Error Correction,17,61,fixed,gate_substitution,fixed,1.0,0.996167,0.0,0.001584,0.016393,0.0,0.0,0.0059244,1.0,1.0,1.0,1.0,1.0,,,,,,DAG_topology only
qec9xz_n17.qasm,medium,Error Correction,17,61,fixed,gate_reorder,fixed,1.0,0.495571,1.0,0.750361,0.459016,0.0,0.0,0.0057905,1.0,1.0,1.0,1.0,1.0,,,,,,DAG_topology only
qec9xz_n17.qasm,medium,Error Correction,17,61,fixed,trojan_NOT,fixed,0.993048,0.618903,1.0,0.562227,0.16129,0.0,0.02059,0.0057732,1.0,0.983607,1.0,0.994536,0.990731,,,,,,gate_count only
qec9xz_n17.qasm,medium,Error Correction,17,61,fixed,trojan_H,fixed,0.993048,0.62196,1.0,0.562711,0.145161,0.0,0.02059,0.0073064,1.0,0.983607,1.0,0.994536,0.990731,,,,,,gate_count only
qec9xz_n17.qasm,medium,Error Correction,17,61,fixed,qubit_swap,fixed,0.993063,0.780412,0.763158,0.263291,0.016129,0.03125,0.034861,0.0055693,1.0,0.983607,1.0,0.994536,0.99075,,,,,,"CNOT_count, DAG_topology"
qec9xz_n17_transpiled.qasm,medium,Error Correction,17,103,fixed,none,fixed,1.0,1.0,0.0,0.0,0.0,0.0,0.0,0.0076401,1.0,1.0,1.0,1.0,1.0,,,,,,all
qec9xz_n17_transpiled.qasm,medium,Error Correction,17,103,fixed,gate_deletion_1q,fixed,0.984359,0.491196,1.0,0.54989,0.825243,0.0,0.012935,0.0072923,0.958333,0.990291,1.0,0.982875,0.979145,,,,,,"gate_count, depth"
qec9xz_n17_transpiled.qasm,medium,Error Correction,17,103,fixed,gate_deletion_2q,fixed,0.97561,0.493064,1.0,0.540543,0.796117,0.03125,0.022723,0.0072692,0.958333,0.990291,0.96875,0.972458,0.977897,,,,,,"gate_count, CNOT_count, depth"
qec9xz_n17_transpiled.qasm,medium,Error Correction,17,103,fixed,gate_insertion,fixed,0.995705,0.747238,0.669492,0.327092,0.182692,0.0,0.013181,0.0072798,1.0,0.990291,1.0,0.996764,0.994273,,,,,,"gate_count, depth increase"
qec9xz_n17_transpiled.qasm,medium,Error Correction,17,103,fixed,gate_substitution,fixed,1.0,0.997556,0.0,0.001435,0.009709,0.0,0.0,0.007361,1.0,1.0,1.0,1.0,1.0,,,,,,DAG_topology only
qec9xz_n17_transpiled.qasm,medium,Error Correction,17,103,fixed,gate_reorder,fixed,1.0,0.398322,0.983051,0.820658,0.834951,0.0,0.0,0.0078565,1.0,1.0,1.0,1.0,1.0,,,,,,DAG_topology only
qec9xz_n17_transpiled.qasm,medium,Error Correction,17,103,fixed,trojan_NOT,fixed,0.995705,0.517095,0.957627,0.492682,0.826923,0.0,0.014379,0.0073314,1.0,0.990291,1.0,0.996764,0.994273,,,,,,gate_count only
qec9xz_n17_transpiled.qasm,medium,Error Correction,17,103,fixed,trojan_H,fixed,0.995705,0.516977,0.957627,0.493018,0.826923,0.0,0.014379,0.0073191,1.0,0.990291,1.0,0.996764,0.994273,,,,,,gate_count only
qec9xz_n17_transpiled.qasm,medium,Error Correction,17,103,fixed,qubit_swap,fixed,0.995701,0.839124,0.491525,0.21903,0.009615,0.03125,0.023141,0.0084331,1.0,0.990291,1.0,0.996764,0.994268,,,,,,"CNOT_count, DAG_topology"
qf21_n15.qasm,medium,Other,15,79,fixed,none,fixed,1.0,1.0,0.0,0.0,0.0,0.0,0.0,0.0079513,1.0,1.0,1.0,1.0,1.0,,,,,,all
qf21_n15.qasm,medium,Other,15,79,fixed,gate_deletion_1q,fixed,0.994769,0.661705,0.76087,0.543416,0.164557,0.0,0.010575,0.0080477,1.0,0.987342,1.0,0.995781,0.993025,,,,,,"gate_count, depth"
qf21_n15.qasm,medium,Other,15,79,fixed,gate_deletion_2q,fixed,0.989004,0.754066,0.550725,0.382931,0.113924,0.021739,0.021668,0.0078898,0.981132,0.987342,1.0,0.989491,0.985338,,,,,,"gate_count, CNOT_count, depth"
qf21_n15.qasm,medium,Other,15,79,fixed,gate_insertion,fixed,0.994769,0.8225,0.485507,0.238938,0.1,0.0,0.010455,0.0080314,1.0,0.987342,1.0,0.995781,0.993026,,,,,,"gate_count, depth increase"
qf21_n15.qasm,medium,Other,15,79,fixed,gate_substitution,fixed,1.0,0.997059,0.0,0.001171,0.012658,0.0,0.0,0.0079851,1.0,1.0,1.0,1.0,1.0,,,,,,DAG_topology only
qf21_n15.qasm,medium,Other,15,79,fixed,gate_reorder,fixed,1.0,0.634411,0.855072,0.518948,0.278481,0.0,0.0,0.0072747,1.0,1.0,1.0,1.0,1.0,,,,,,DAG_topology only
qf21_n15.qasm,medium,Other,15,79,fixed,trojan_NOT,fixed,0.994769,0.662504,0.775362,0.528821,0.175,0.0,0.011039,0.0081232,1.0,0.987342,1.0,0.995781,0.993026,,,,,,gate_count only
qf21_n15.qasm,medium,Other,15,79,fixed,trojan_H,fixed,0.994769,0.664595,0.775362,0.529992,0.1625,0.0,0.011039,0.008013,1.0,0.987342,1.0,0.995781,0.993026,,,,,,gate_count only
qf21_n15.qasm,medium,Other,15,79,fixed,qubit_swap,fixed,0.994794,0.973485,0.043478,0.032136,0.0125,0.021739,0.018983,0.0082467,1.0,0.987342,1.0,0.995781,0.993058,,,,,,"CNOT_count, DAG_topology"
qf21_n15_transpiled.qasm,medium,Other,15,365,fixed,none,fixed,1.0,1.0,0.0,0.0,0.0,0.0,0.0,0.0302267,1.0,1.0,1.0,1.0,1.0,,,,,,all
qf21_n15_transpiled.qasm,medium,Other,15,365,fixed,gate_deletion_1q,fixed,0.998866,0.510078,1.0,0.513061,0.8,0.0,0.003508,0.0290547,1.0,0.99726,1.0,0.999087,0.998489,,,,,,"gate_count, depth"
qf21_n15_transpiled.qasm,medium,Other,15,365,fixed,gate_deletion_2q,fixed,0.995194,0.540253,1.0,0.461631,0.728767,0.008696,0.006838,0.0280011,0.995798,0.99726,0.991304,0.994788,0.99649,,,,,,"gate_count, CNOT_count, depth"
qf21_n15_transpiled.qasm,medium,Other,15,365,fixed,gate_insertion,fixed,0.998866,0.94526,0.129555,0.051418,0.084699,0.0,0.003707,0.0283624,1.0,0.99726,1.0,0.999087,0.998488,,,,,,"gate_count, depth increase"
qf21_n15_transpiled.qasm,medium,Other,15,365,fixed,gate_substitution,fixed,1.0,0.99932,0.0,0.000377,0.00274,0.0,0.0,0.0277056,1.0,1.0,1.0,1.0,1.0,,,,,,DAG_topology only
qf21_n15_transpiled.qasm,medium,Other,15,365,fixed,gate_reorder,fixed,1.0,0.518852,0.785425,0.775085,0.460274,0.0,0.0,0.0289979,1.0,1.0,1.0,1.0,1.0,,,,,,DAG_topology only
qf21_n15_transpiled.qasm,medium,Other,15,365,fixed,trojan_NOT,fixed,0.998866,0.515078,1.0,0.498394,0.800546,0.0,0.003744,0.0286337,1.0,0.99726,1.0,0.999087,0.998489,,,,,,gate_count only
qf21_n15_transpiled.qasm,medium,Other,15,365,fixed,trojan_H,fixed,0.998866,0.514977,1.0,0.498684,0.800546,0.0,0.003744,0.0288452,1.0,0.99726,1.0,0.999087,0.998489,,,,,,gate_count only
qf21_n15_transpiled.qasm,medium,Other,15,365,fixed,qubit_swap,fixed,0.998866,0.979325,0.080972,0.016027,0.002732,0.008696,0.006347,0.0291677,1.0,0.99726,1.0,0.999087,0.998488,,,,,,"CNOT_count, DAG_topology"
qft_n18.qasm,medium,Linear Algebra,18,802,fixed,none,fixed,1.0,1.0,0.0,0.0,0.0,0.0,0.0,0.065428,1.0,1.0,1.0,1.0,1.0,,,,,,all
qft_n18.qasm,medium,Linear Algebra,18,802,fixed,gate_deletion_1q,fixed,0.999448,0.472696,1.0,0.615119,0.809227,0.0,0.001667,0.0661725,1.0,0.998753,1.0,0.999584,0.999264,,,,,,"gate_count, depth"
qft_n18.qasm,medium,Linear Algebra,18,802,fixed,gate_deletion_2q,fixed,0.996525,0.472641,1.0,0.614421,0.806733,0.003268,0.003115,0.0698566,0.992537,0.998753,0.996732,0.996007,0.996456,,,,,,"gate_count, CNOT_count, depth"
qft_n18.qasm,medium,Linear Algebra,18,802,fixed,gate_insertion,fixed,0.999448,0.848747,0.183379,0.102589,0.438356,0.0,0.001691,0.0696522,1.0,0.998753,1.0,0.999584,0.999264,,,,,,"gate_count, depth increase"
qft_n18.qasm,medium,Linear Algebra,18,802,fixed,gate_substitution,fixed,1.0,0.999712,0.0,0.000112,0.001247,0.0,0.0,0.0696424,1.0,1.0,1.0,1.0,1.0,,,,,,DAG_topology only
qft_n18.qasm,medium,Linear Algebra,18,802,fixed,gate_reorder,fixed,1.0,0.454054,1.0,0.840573,0.508728,0.0,0.0,0.1350745,1.0,1.0,1.0,1.0,1.0,,,,,,DAG_topology only
qft_n18.qasm,medium,Linear Algebra,18,802,fixed,trojan_NOT,fixed,0.999448,0.774521,0.183379,0.102601,0.809465,0.0,0.001691,0.0665655,1.0,0.998753,1.0,0.999584,0.999264,,,,,,gate_count only
qft_n18.qasm,medium,Linear Algebra,18,802,fixed,trojan_H,fixed,0.999448,0.774774,0.183379,0.102589,0.808219,0.0,0.001691,0.0667133,1.0,0.998753,1.0,0.999584,0.999264,,,,,,gate_count only
qft_n18.qasm,medium,Linear Algebra,18,802,fixed,qubit_swap,fixed,0.997462,0.996713,0.003613,0.004377,0.001245,0.003268,0.003104,0.0679201,0.992537,0.998753,1.0,0.997097,0.996616,,,,,,"CNOT_count, DAG_topology"
qft_n18_transpiled.qasm,medium,Linear Algebra,18,838,fixed,none,fixed,1.0,1.0,0.0,0.0,0.0,0.0,0.0,0.0677555,1.0,1.0,1.0,1.0,1.0,,,,,,all
qft_n18_transpiled.qasm,medium,Linear Algebra,18,838,fixed,gate_deletion_1q,fixed,0.997543,0.488866,1.0,0.587435,0.77685,0.0,0.001616,0.0698327,0.992754,0.998807,1.0,0.997187,0.996723,,,,,,"gate_count, depth"
qft_n18_transpiled.qasm,medium,Linear Algebra,18,838,fixed,gate_deletion_2q,fixed,0.99661,0.489067,1.0,0.58664,0.77327,0.003268,0.00302,0.0706742,0.992754,0.998807,0.996732,0.996097,0.996569,,,,,,"gate_count, CNOT_count, depth"
qft_n18_transpiled.qasm,medium,Linear Algebra,18,838,fixed,gate_insertion,fixed,0.99947,0.937124,0.161855,0.077124,0.057211,0.0,0.001616,0.0713077,1.0,0.998807,1.0,0.999602,0.999293,,,,,,"gate_count, depth increase"
qft_n18_transpiled.qasm,medium,Linear Algebra,18,838,fixed,gate_substitution,fixed,1.0,0.999713,0.0,0.000139,0.001193,0.0,0.0,0.0681763,1.0,1.0,1.0,1.0,1.0,,,,,,DAG_topology only
qft_n18_transpiled.qasm,medium,Linear Algebra,18,838,fixed,gate_reorder,fixed,1.0,0.447766,1.0,0.845114,0.53222,0.0,0.0,0.068012,1.0,1.0,1.0,1.0,1.0,,,,,,DAG_topology only
qft_n18_transpiled.qasm,medium,Linear Algebra,18,838,fixed,trojan_NOT,fixed,0.99947,0.783161,0.179353,0.098141,0.777116,0.0,0.001638,0.0725455,1.0,0.998807,1.0,0.999602,0.999293,,,,,,gate_count only
qft_n18_transpiled.qasm,medium,Linear Algebra,18,838,fixed,trojan_H,fixed,0.99947,0.783165,0.179353,0.09813,0.777116,0.0,0.001638,0.0733155,1.0,0.998807,1.0,0.999602,0.999293,,,,,,gate_count only
qft_n18_transpiled.qasm,medium,Linear Algebra,18,838,fixed,qubit_swap,fixed,0.997543,0.996817,0.0035,0.004186,0.001192,0.003268,0.00301,0.070528,0.992754,0.998807,1.0,0.997187,0.996723,,,,,,"CNOT_count, DAG_topology"
qram_n20.qasm,medium,Other,20,45,fixed,none,fixed,1.0,1.0,0.0,0.0,0.0,0.0,0.0,0.0036916,1.0,1.0,1.0,1.0,1.0,,,,,,all
qram_n20.qasm,medium,Other,20,45,fixed,gate_deletion_1q,fixed,0.990785,0.645117,1.0,0.364132,0.377778,0.0,0.018812,0.0033233,1.0,0.977778,1.0,0.992593,0.987713,,,,,,"gate_count, depth"
qram_n20.qasm,medium,Other,20,45,fixed,gate_deletion_2q,fixed,0.973449,0.639039,1.0,0.354142,0.355556,0.0625,0.034003,0.0035692,1.0,0.977778,0.9375,0.971759,0.985433,,,,,,"gate_count, CNOT_count, depth"
qram_n20.qasm,medium,Other,20,45,fixed,gate_insertion,fixed,0.990789,0.824408,0.478261,0.167173,0.217391,0.0,0.018637,0.0036631,1.0,0.977778,1.0,0.992593,0.987719,,,,,,"gate_count, depth increase"
qram_n20.qasm,medium,Other,20,45,fixed,gate_substitution,fixed,1.0,0.994926,0.0,0.001797,0.022222,0.0,0.0,0.0034339,1.0,1.0,1.0,1.0,1.0,,,,,,DAG_topology only
qram_n20.qasm,medium,Other,20,45,fixed,gate_reorder,fixed,1.0,0.587174,1.0,0.44617,0.533333,0.0,0.0,0.003455,1.0,1.0,1.0,1.0,1.0,,,,,,DAG_topology only
qram_n20.qasm,medium,Other,20,45,fixed,trojan_NOT,fixed,0.990789,0.710478,0.884058,0.231598,0.369565,0.0,0.019414,0.0035012,1.0,0.977778,1.0,0.992593,0.987719,,,,,,gate_count only
qram_n20.qasm,medium,Other,20,45,fixed,trojan_H,fixed,0.990789,0.705501,0.884058,0.233396,0.391304,0.0,0.019414,0.0035249,1.0,0.977778,1.0,0.992593,0.987719,,,,,,gate_count only
qram_n20.qasm,medium,Other,20,45,fixed,qubit_swap,fixed,0.97867,0.939255,0.086957,0.078046,0.021739,0.0625,0.035374,0.0035288,0.958333,0.977778,1.0,0.978704,0.97156,,,,,,"CNOT_count, DAG_topology"
qram_n20_transpiled.qasm,medium,Other,20,350,fixed,none,fixed,1.0,1.0,0.0,0.0,0.0,0.0,0.0,0.0258319,1.0,1.0,1.0,1.0,1.0,,,,,,all
qram_n20_transpiled.qasm,medium,Other,20,350,fixed,gate_deletion_1q,fixed,0.998778,0.54197,0.954936,0.450927,0.782857,0.0,0.003937,0.0266261,1.0,0.997143,1.0,0.999048,0.998371,,,,,,"gate_count, depth"
qram_n20_transpiled.qasm,medium,Other,20,350,fixed,gate_deletion_2q,fixed,0.996686,0.548942,0.939914,0.445262,0.76,0.007353,0.007584,0.0296794,1.0,0.997143,0.992647,0.996597,0.998033,,,,,,"gate_count, CNOT_count, depth"
qram_n20_transpiled.qasm,medium,Other,20,350,fixed,gate_insertion,fixed,0.998778,0.958203,0.083691,0.041777,0.071225,0.0,0.00376,0.0253088,1.0,0.997143,1.0,0.999048,0.998371,,,,,,"gate_count, depth increase"
qram_n20_transpiled.qasm,medium,Other,20,350,fixed,gate_substitution,fixed,1.0,0.999346,0.0,0.000236,0.002857,0.0,0.0,0.025762,1.0,1.0,1.0,1.0,1.0,,,,,,DAG_topology only
qram_n20_transpiled.qasm,medium,Other,20,350,fixed,gate_reorder,fixed,1.0,0.524272,0.995708,0.609224,0.565714,0.0,0.0,0.0270549,1.0,1.0,1.0,1.0,1.0,,,,,,DAG_topology only
qram_n20_transpiled.qasm,medium,Other,20,350,fixed,trojan_NOT,fixed,0.998778,0.541672,0.959227,0.451173,0.780627,0.0,0.004081,0.0255178,1.0,0.997143,1.0,0.999048,0.998371,,,,,,gate_count only
qram_n20_transpiled.qasm,medium,Other,20,350,fixed,trojan_H,fixed,0.998778,0.541019,0.959227,0.451409,0.783476,0.0,0.004081,0.0262933,1.0,0.997143,1.0,0.999048,0.998371,,,,,,gate_count only
qram_n20_transpiled.qasm,medium,Other,20,350,fixed,qubit_swap,fixed,0.996789,0.991666,0.012876,0.010242,0.002849,0.007353,0.007775,0.0259306,0.993056,0.997143,1.0,0.996733,0.995718,,,,,,"CNOT_count, DAG_topology"
sat_n11.qasm,medium,Other,11,95,fixed,none,fixed,1.0,1.0,0.0,0.0,0.0,0.0,0.0,0.0175754,1.0,1.0,1.0,1.0,1.0,0.12079,0.87921,0.23265,0.074219,,all
sat_n11.qasm,medium,Other,11,95,fixed,gate_deletion_1q,fixed,0.995357,0.620297,1.0,0.485094,0.294737,0.0,0.009729,0.0170374,1.0,0.989474,1.0,0.996491,0.993809,0.509162,0.490838,0.268811,0.432617,,"gate_count, depth"
sat_n11.qasm,medium,Other,11,95,fixed,gate_deletion_2q,fixed,1.0,1.0,0.0,0.0,0.0,0.0,0.0,0.0171944,1.0,1.0,1.0,1.0,1.0,0.121761,0.878239,0.25977,0.066406,,"gate_count, CNOT_count, depth"
sat_n11.qasm,medium,Other,11,95,fixed,gate_insertion,fixed,0.995357,0.974615,0.060811,0.019572,0.041667,0.0,0.010801,0.017437,1.0,0.989474,1.0,0.996491,0.993809,0.576277,0.423723,0.2516091,0.510742,,"gate_count, depth increase"
sat_n11.qasm,medium,Other,11,95,fixed,gate_substitution,fixed,1.0,0.997448,0.0,0.001277,0.010526,0.0,0.0,0.017113,1.0,1.0,1.0,1.0,1.0,0.487609,0.512391,0.2511169,0.415039,,DAG_topology only
sat_n11.qasm,medium,Other,11,95,fixed,gate_reorder,fixed,1.0,0.482388,1.0,0.617237,0.757895,0.0,0.0,0.0166769,1.0,1.0,1.0,1.0,1.0,0.992452,0.007548,0.6151041,0.993164,,DAG_topology only
sat_n11.qasm,medium,Other,11,95,fixed,trojan_NOT,fixed,0.995357,0.622422,1.0,0.474501,0.302083,0.0,0.010863,0.0170797,1.0,0.989474,1.0,0.996491,0.993809,1.0,0.0,0.2451063,1.0,,gate_count only
sat_n11.qasm,medium,Other,11,95,fixed,trojan_H,fixed,0.995357,0.624058,1.0,0.475778,0.291667,0.0,0.010863,0.0172017,1.0,0.989474,1.0,0.996491,0.993809,0.577976,0.422024,0.2496128,0.510742,,gate_count only
sat_n11.qasm,medium,Other,11,95,fixed,qubit_swap,fixed,0.989466,0.782547,0.054054,0.015526,0.010417,1.0,0.018272,0.0181113,0.980392,0.989474,1.0,0.989955,0.985954,0.711869,0.288131,0.6008917,0.537109,,"CNOT_count, DAG_topology"
sat_n11_transpiled.qasm,medium,Other,11,735,fixed,none,fixed,1.0,1.0,0.0,0.0,0.0,0.0,0.0,0.0674523,1.0,1.0,1.0,1.0,1.0,0.11731,0.88269,0.3173385,0.072266,,all
sat_n11_transpiled.qasm,medium,Other,11,735,fixed,gate_deletion_1q,fixed,0.999431,0.513657,1.0,0.479946,0.840816,0.0,0.001981,0.0620779,1.0,0.998639,1.0,0.999546,0.999241,0.112016,0.887984,0.2393199,0.083984,,"gate_count, depth"
sat_n11_transpiled.qasm,medium,Other,11,735,fixed,gate_deletion_2q,fixed,0.997664,0.523101,0.985656,0.473024,0.812245,0.003968,0.002502,0.062018,0.997817,0.998639,0.996032,0.997496,0.998209,0.081437,0.918563,0.2370049,0.046875,,"gate_count, CNOT_count, depth"
sat_n11_transpiled.qasm,medium,Other,11,735,fixed,gate_insertion,fixed,0.999431,0.807547,0.396516,0.195411,0.322011,0.0,0.001799,0.0603451,1.0,0.998639,1.0,0.999546,0.999241,0.750244,0.249756,0.2379096,0.727539,,"gate_count, depth increase"
sat_n11_transpiled.qasm,medium,Other,11,735,fixed,gate_substitution,fixed,1.0,0.999665,0.0,0.000179,0.001361,0.0,0.0,0.0584592,1.0,1.0,1.0,1.0,1.0,0.091081,0.908919,0.2363749,0.054688,,DAG_topology only
sat_n11_transpiled.qasm,medium,Other,11,735,fixed,gate_reorder,fixed,1.0,0.519668,0.936475,0.599407,0.65034,0.0,0.0,0.072079,1.0,1.0,1.0,1.0,1.0,0.996743,0.003257,1.7146952,0.998047,,DAG_topology only
sat_n11_transpiled.qasm,medium,Other,11,735,fixed,trojan_NOT,fixed,0.999431,0.514171,1.0,0.47991,0.838315,0.0,0.001977,0.062794,1.0,0.998639,1.0,0.999546,0.999241,0.108553,0.891447,0.2435685,0.079102,,gate_count only
sat_n11_transpiled.qasm,medium,Other,11,735,fixed,trojan_H,fixed,0.999431,0.514185,1.0,0.479868,0.838315,0.0,0.001977,0.0613106,1.0,0.998639,1.0,0.999546,0.999241,0.441953,0.558047,0.2344744,0.347656,,gate_count only
sat_n11_transpiled.qasm,medium,Other,11,735,fixed,qubit_swap,fixed,0.998771,0.996758,0.008197,0.001673,0.001359,0.003968,0.003614,0.0727127,0.997817,0.998639,1.0,0.998819,0.998361,0.725086,0.274914,1.7383586,0.556641,,"CNOT_count, DAG_topology"
seca_n11.qasm,medium,Other,11,80,fixed,none,fixed,1.0,1.0,0.0,0.0,0.0,0.0,0.0,0.0225873,1.0,1.0,1.0,1.0,1.0,0.036349,0.963651,1.2655013,0.036133,,all
seca_n11.qasm,medium,Other,11,80,fixed,gate_deletion_1q,fixed,0.987365,0.415,0.905797,0.966425,0.55,0.0,0.008817,0.0201969,0.974359,0.9875,1.0,0.987286,0.983153,0.010122,0.989878,0.7106588,0.010742,,"gate_count, depth"
seca_n11.qasm,medium,Other,11,80,fixed,gate_deletion_2q,fixed,0.973197,0.461808,0.855072,0.858257,0.5125,0.027778,0.014851,0.0203924,0.974359,0.9875,0.947368,0.969742,0.981806,0.724309,0.275691,0.6811443,0.728516,,"gate_count, CNOT_count, depth"
seca_n11.qasm,medium,Other,11,80,fixed,gate_insertion,fixed,0.994821,0.818152,0.246377,0.298466,0.197531,0.0,0.009218,0.0219399,1.0,0.9875,1.0,0.995833,0.993094,0.551496,0.448504,0.6682117,0.490234,,"gate_count, depth increase"
seca_n11.qasm,medium,Other,11,80,fixed,gate_substitution,fixed,1.0,0.997025,0.0,0.001357,0.0125,0.0,0.0,0.0218211,1.0,1.0,1.0,1.0,1.0,1.0,0.0,0.6735997,1.0,,DAG_topology only
seca_n11.qasm,medium,Other,11,80,fixed,gate_reorder,fixed,1.0,0.332138,0.956522,0.99824,0.875,0.0,0.0,0.0217811,1.0,1.0,1.0,1.0,1.0,1.0,0.0,0.6547112,1.0,,DAG_topology only
seca_n11.qasm,medium,Other,11,80,fixed,trojan_NOT,fixed,0.9948,0.412194,0.92029,0.964927,0.555556,0.0,0.009267,0.022312,1.0,0.9875,1.0,0.995833,0.993067,1.0,0.0,0.6693322,1.0,,gate_count only
seca_n11.qasm,medium,Other,11,80,fixed,trojan_H,fixed,0.9948,0.412229,0.92029,0.964828,0.555556,0.0,0.009267,0.0219197,1.0,0.9875,1.0,0.995833,0.993067,0.561216,0.438784,0.6730709,0.503906,,gate_count only
seca_n11.qasm,medium,Other,11,80,fixed,qubit_swap,fixed,0.993776,0.978125,0.021739,0.025651,0.012346,0.027778,0.016113,0.0219963,1.0,0.9875,1.0,0.995833,0.991701,0.700335,0.299665,0.6628678,0.506836,,"CNOT_count, DAG_topology"
seca_n11_transpiled.qasm,medium,Other,11,292,fixed,none,fixed,1.0,1.0,0.0,0.0,0.0,0.0,0.0,0.0729353,1.0,1.0,1.0,1.0,1.0,0.055686,0.944314,1.8378537,0.053711,,all
seca_n11_transpiled.qasm,medium,Other,11,292,fixed,gate_deletion_1q,fixed,0.995697,0.45701,1.0,0.638257,0.84589,0.0,0.004222,0.0632926,0.99,0.996575,1.0,0.995525,0.994263,0.038371,0.961629,0.9926549,0.040039,,"gate_count, depth"
seca_n11_transpiled.qasm,medium,Other,11,292,fixed,gate_deletion_2q,fixed,0.992405,0.470934,1.0,0.598649,0.832192,0.011905,0.007191,0.0674396,0.99,0.996575,0.988095,0.991557,0.993841,0.74056,0.25944,0.9879447,0.745117,,"gate_count, CNOT_count, depth"
seca_n11_transpiled.qasm,medium,Other,11,292,fixed,gate_insertion,fixed,0.995697,0.80595,0.411168,0.230766,0.255973,0.0,0.004123,0.0582123,0.99,0.996575,1.0,0.995525,0.994262,0.55059,0.44941,0.9893558,0.489258,,"gate_count, depth increase"
seca_n11_transpiled.qasm,medium,Other,11,292,fixed,gate_substitution,fixed,1.0,0.999154,0.0,0.00046,0.003425,0.0,0.0,0.0578424,1.0,1.0,1.0,1.0,1.0,0.058138,0.941862,0.9929029,0.06543,,DAG_topology only
seca_n11_transpiled.qasm,medium,Other,11,292,fixed,gate_reorder,fixed,1.0,0.445655,1.0,0.830419,0.568493,0.0,0.0,0.0589591,1.0,1.0,1.0,1.0,1.0,1.0,0.0,0.9920958,1.0,,DAG_topology only
seca_n11_transpiled.qasm,medium,Other,11,292,fixed,trojan_NOT,fixed,0.998512,0.457261,1.0,0.637205,0.846416,0.0,0.004334,0.0544244,1.0,0.996575,1.0,0.998858,0.998016,1.0,0.0,1.0163773,1.0,,gate_count only
seca_n11_transpiled.qasm,medium,Other,11,292,fixed,trojan_H,fixed,0.998512,0.457274,1.0,0.637169,0.846416,0.0,0.004334,0.0378902,1.0,0.996575,1.0,0.998858,0.998016,0.559168,0.440832,1.007815,0.499023,,gate_count only
seca_n11_transpiled.qasm,medium,Other,11,292,fixed,qubit_swap,fixed,0.998197,0.991298,0.007614,0.010639,0.003413,0.011905,0.007727,0.0284654,1.0,0.996575,1.0,0.998858,0.997596,0.716245,0.283755,1.0435538,0.545898,,"CNOT_count, DAG_topology"
square_root_n18.qasm,medium,Other,18,558,fixed,none,fixed,1.0,1.0,0.0,0.0,0.0,0.0,0.0,0.0495521,1.0,1.0,1.0,1.0,1.0,,,,,,all
square_root_n18.qasm,medium,Other,18,558,fixed,gate_deletion_1q,fixed,0.997801,0.615071,1.0,0.56312,0.188172,0.0,0.002022,0.0477407,0.995074,0.998208,1.0,0.997761,0.997069,,,,,,"gate_count, depth"
square_root_n18.qasm,medium,Other,18,558,fixed,gate_deletion_2q,fixed,0.99551,0.614157,1.0,0.561408,0.18638,0.008475,0.003798,0.0437049,0.995074,0.998208,0.991525,0.994936,0.996838,,,,,,"gate_count, CNOT_count, depth"
square_root_n18.qasm,medium,Other,18,558,fixed,gate_insertion,fixed,0.999206,0.7153,0.948417,0.342995,0.110912,0.0,0.002071,0.0429527,1.0,0.998208,1.0,0.999403,0.998941,,,,,,"gate_count, depth increase"
square_root_n18.qasm,medium,Other,18,558,fixed,gate_substitution,fixed,1.0,0.999587,0.0,0.000155,0.001792,0.0,0.0,0.0414868,1.0,1.0,1.0,1.0,1.0,,,,,,DAG_topology only
square_root_n18.qasm,medium,Other,18,558,fixed,gate_reorder,fixed,1.0,0.501176,1.0,0.705807,0.508961,0.0,0.0,0.0417735,1.0,1.0,1.0,1.0,1.0,,,,,,DAG_topology only
square_root_n18.qasm,medium,Other,18,558,fixed,trojan_NOT,fixed,0.999206,0.618359,1.0,0.552866,0.189624,0.0,0.00213,0.0436378,1.0,0.998208,1.0,0.999403,0.998941,,,,,,gate_count only
square_root_n18.qasm,medium,Other,18,558,fixed,trojan_H,fixed,0.999206,0.618733,1.0,0.552819,0.187835,0.0,0.00213,0.0426976,1.0,0.998208,1.0,0.999403,0.998941,,,,,,gate_count only
square_root_n18.qasm,medium,Other,18,558,fixed,qubit_swap,fixed,0.999206,0.991786,0.028136,0.004459,0.001789,0.008475,0.0038,0.0434882,1.0,0.998208,1.0,0.999403,0.998941,,,,,,"CNOT_count, DAG_topology"
swap_test_n25.qasm,medium,Other,25,39,fixed,none,fixed,1.0,1.0,0.0,0.0,0.0,0.0,0.0,0.0030222,1.0,1.0,1.0,1.0,1.0,,,,,,all
swap_test_n25.qasm,medium,Other,25,39,fixed,gate_deletion_1q,fixed,0.988619,0.539965,1.0,0.803631,0.128205,0.0,0.031234,0.0030256,1.0,0.974359,1.0,0.991453,0.984825,,,,,,"gate_count, depth"
swap_test_n25.qasm,medium,Other,25,39,fixed,gate_deletion_2q,fixed,1.0,1.0,0.0,0.0,0.0,0.0,0.0,0.0034048,1.0,1.0,1.0,1.0,1.0,,,,,,"gate_count, CNOT_count, depth"
swap_test_n25.qasm,medium,Other,25,39,fixed,gate_insertion,fixed,0.988623,0.55179,1.0,0.757668,0.15,0.0,0.030258,0.0030011,1.0,0.974359,1.0,0.991453,0.984831,,,,,,"gate_count, depth increase"
swap_test_n25.qasm,medium,Other,25,39,fixed,gate_substitution,fixed,1.0,0.993314,0.0,0.00445,0.025641,0.0,0.0,0.0030384,1.0,1.0,1.0,1.0,1.0,,,,,,DAG_topology only
swap_test_n25.qasm,medium,Other,25,39,fixed,gate_reorder,fixed,1.0,0.368874,1.0,0.935086,0.769231,0.0,0.0,0.0029538,1.0,1.0,1.0,1.0,1.0,,,,,,DAG_topology only
swap_test_n25.qasm,medium,Other,25,39,fixed,trojan_NOT,fixed,0.969512,0.534908,1.0,0.805904,0.15,0.0,0.030258,0.002983,0.933333,0.974359,1.0,0.969231,0.959349,,,,,,gate_count only
swap_test_n25.qasm,medium,Other,25,39,fixed,trojan_H,fixed,0.969512,0.535006,1.0,0.805625,0.15,0.0,0.030258,0.0031326,0.933333,0.974359,1.0,0.969231,0.959349,,,,,,gate_count only
swap_test_n25.qasm,medium,Other,25,39,fixed,qubit_swap,fixed,0.969547,0.780132,0.052632,0.007086,0.025,1.0,0.044933,0.0029957,0.933333,0.974359,1.0,0.969231,0.959395,,,,,,"CNOT_count, DAG_topology"
swap_test_n25_transpiled.qasm,medium,Other,25,367,fixed,none,fixed,1.0,1.0,0.0,0.0,0.0,0.0,0.0,0.028493,1.0,1.0,1.0,1.0,1.0,,,,,,all
swap_test_n25_transpiled.qasm,medium,Other,25,367,fixed,gate_deletion_1q,fixed,0.998791,0.540443,0.828767,0.4632,0.86376,0.0,0.003703,0.0278343,1.0,0.997275,1.0,0.999092,0.998388,,,,,,"gate_count, depth"
swap_test_n25_transpiled.qasm,medium,Other,25,367,fixed,gate_deletion_2q,fixed,0.993406,0.586736,0.767123,0.435791,0.713896,0.010417,0.008058,0.0278935,0.990991,0.997275,0.989583,0.992617,0.99468,,,,,,"gate_count, CNOT_count, depth"
swap_test_n25_transpiled.qasm,medium,Other,25,367,fixed,gate_insertion,fixed,0.998791,0.798516,0.390411,0.241005,0.290761,0.0,0.004189,0.030628,1.0,0.997275,1.0,0.999092,0.998388,,,,,,"gate_count, depth increase"
swap_test_n25_transpiled.qasm,medium,Other,25,367,fixed,gate_substitution,fixed,1.0,0.999379,0.0,0.000217,0.002725,0.0,0.0,0.0274358,1.0,1.0,1.0,1.0,1.0,,,,,,DAG_topology only
swap_test_n25_transpiled.qasm,medium,Other,25,367,fixed,gate_reorder,fixed,1.0,0.489864,0.821918,0.691111,0.724796,0.0,0.0,0.0273613,1.0,1.0,1.0,1.0,1.0,,,,,,DAG_topology only
swap_test_n25_transpiled.qasm,medium,Other,25,367,fixed,trojan_NOT,fixed,0.996275,0.541081,0.824201,0.462983,0.86413,0.0,0.004189,0.0283678,0.990991,0.997275,1.0,0.996089,0.995033,,,,,,gate_count only
swap_test_n25_transpiled.qasm,medium,Other,25,367,fixed,trojan_H,fixed,0.996275,0.541099,0.824201,0.462932,0.86413,0.0,0.004189,0.0294942,0.990991,0.997275,1.0,0.996089,0.995033,,,,,,gate_count only
swap_test_n25_transpiled.qasm,medium,Other,25,367,fixed,qubit_swap,fixed,0.996274,0.995733,0.004566,0.000695,0.002717,0.010417,0.007116,0.0281916,0.990991,0.997275,1.0,0.996089,0.995032,,,,,,"CNOT_count, DAG_topology"
wstate_n27.qasm,medium,State Prep,27,133,fixed,none,fixed,1.0,1.0,0.0,0.0,0.0,0.0,0.0,0.011461,1.0,1.0,1.0,1.0,1.0,,,,,,all
wstate_n27.qasm,medium,State Prep,27,133,fixed,gate_deletion_1q,fixed,0.996874,0.699464,1.0,0.182549,0.428571,0.0,0.009298,0.0096333,1.0,0.992481,1.0,0.997494,0.995832,,,,,,"gate_count, depth"
wstate_n27.qasm,medium,State Prep,27,133,fixed,gate_deletion_2q,fixed,0.991714,0.72604,0.874317,0.15561,0.413534,0.019231,0.01796,0.0096895,0.981818,0.992481,1.0,0.991433,0.988952,,,,,,"gate_count, CNOT_count, depth"
wstate_n27.qasm,medium,State Prep,27,133,fixed,gate_insertion,fixed,0.996874,0.70415,1.0,0.188109,0.395522,0.0,0.009076,0.0097212,1.0,0.992481,1.0,0.997494,0.995832,,,,,,"gate_count, depth increase"
wstate_n27.qasm,medium,State Prep,27,133,fixed,gate_substitution,fixed,1.0,0.998334,0.0,0.000464,0.007519,0.0,0.0,0.0098151,1.0,1.0,1.0,1.0,1.0,,,,,,DAG_topology only
wstate_n27.qasm,medium,State Prep,27,133,fixed,gate_reorder,fixed,0.998762,0.430796,1.0,0.664964,0.932331,0.0,0.0,0.0098684,1.0,1.0,1.0,1.0,0.998349,,,,,,DAG_topology only
wstate_n27.qasm,medium,State Prep,27,133,fixed,trojan_NOT,fixed,0.991709,0.700112,1.0,0.182549,0.425373,0.0,0.00921,0.010783,0.981818,0.992481,1.0,0.991433,0.988946,,,,,,gate_count only
wstate_n27.qasm,medium,State Prep,27,133,fixed,trojan_H,fixed,0.991709,0.700129,1.0,0.182502,0.425373,0.0,0.00921,0.0100207,0.981818,0.992481,1.0,0.991433,0.988946,,,,,,gate_count only
wstate_n27.qasm,medium,State Prep,27,133,fixed,qubit_swap,fixed,0.991714,0.980208,0.021858,0.026918,0.007463,0.019231,0.017533,0.0099261,0.981818,0.992481,1.0,0.991433,0.988953,,,,,,"CNOT_count, DAG_topology"
wstate_n27_transpiled.qasm,medium,State Prep,27,237,fixed,none,fixed,1.0,1.0,0.0,0.0,0.0,0.0,0.0,0.0169587,1.0,1.0,1.0,1.0,1.0,,,,,,all
wstate_n27_transpiled.qasm,medium,State Prep,27,237,fixed,gate_deletion_1q,fixed,0.99822,0.658487,0.909408,0.196057,0.679325,0.0,0.006167,0.0164467,1.0,0.995781,1.0,0.998594,0.997627,,,,,,"gate_count, depth"
wstate_n27_transpiled.qasm,medium,State Prep,27,237,fixed,gate_deletion_2q,fixed,0.990394,0.752312,0.724739,0.124649,0.451477,0.019231,0.01209,0.0174119,0.990826,0.995781,0.980769,0.989125,0.993602,,,,,,"gate_count, CNOT_count, depth"
wstate_n27_transpiled.qasm,medium,State Prep,27,237,fixed,gate_insertion,fixed,0.99822,0.858343,0.554007,0.059921,0.184874,0.0,0.006088,0.0170263,1.0,0.995781,1.0,0.998594,0.997627,,,,,,"gate_count, depth increase"
wstate_n27_transpiled.qasm,medium,State Prep,27,237,fixed,gate_substitution,fixed,1.0,0.998942,0.0,0.00061,0.004219,0.0,0.0,0.0163763,1.0,1.0,1.0,1.0,1.0,,,,,,DAG_topology only
wstate_n27_transpiled.qasm,medium,State Prep,27,237,fixed,gate_reorder,fixed,0.999277,0.403189,1.0,0.861894,0.725738,0.0,0.0,0.0164472,1.0,1.0,1.0,1.0,0.999035,,,,,,DAG_topology only
wstate_n27_transpiled.qasm,medium,State Prep,27,237,fixed,trojan_NOT,fixed,0.99822,0.700821,0.728223,0.151968,0.680672,0.0,0.006229,0.0168937,1.0,0.995781,1.0,0.998594,0.997627,,,,,,gate_count only
wstate_n27_transpiled.qasm,medium,State Prep,27,237,fixed,trojan_H,fixed,0.99822,0.700729,0.728223,0.15223,0.680672,0.0,0.006229,0.0165999,1.0,0.995781,1.0,0.998594,0.997627,,,,,,gate_count only
wstate_n27_transpiled.qasm,medium,State Prep,27,237,fixed,qubit_swap,fixed,0.995564,0.98673,0.013937,0.015197,0.004202,0.019231,0.011737,0.0175871,0.990826,0.995781,1.0,0.995535,0.994086,,,,,,"CNOT_count, DAG_topology"
adder_n28.qasm,large,Arithmetic,28,117,fixed,none,fixed,1.0,1.0,0.0,0.0,0.0,0.0,0.0,0.0086629,1.0,1.0,1.0,1.0,1.0,,,,,,all
adder_n28.qasm,large,Arithmetic,28,117,fixed,gate_deletion_1q,fixed,0.996549,0.618245,1.0,0.405953,0.444444,0.0,0.007822,0.0085561,1.0,0.991453,1.0,0.997151,0.995399,,,,,,"gate_count, depth"
adder_n28.qasm,large,Arithmetic,28,117,fixed,gate_deletion_2q,fixed,0.984404,0.619207,1.0,0.394749,0.435897,0.019608,0.0153,0.00877,0.97619,0.991453,0.980392,0.982679,0.985741,,,,,,"gate_count, CNOT_count, depth"
adder_n28.qasm,large,Arithmetic,28,117,fixed,gate_insertion,fixed,0.99656,0.659079,1.0,0.354401,0.330508,0.0,0.007792,0.0096411,1.0,0.991453,1.0,0.997151,0.995413,,,,,,"gate_count, depth increase"
adder_n28.qasm,large,Arithmetic,28,117,fixed,gate_substitution,fixed,1.0,0.998109,0.0,0.00052,0.008547,0.0,0.0,0.0083766,1.0,1.0,1.0,1.0,1.0,,,,,,DAG_topology only
adder_n28.qasm,large,Arithmetic,28,117,fixed,gate_reorder,fixed,0.996098,0.462491,1.0,0.677377,0.752137,0.0,0.0,0.0085716,1.0,1.0,1.0,1.0,0.994797,,,,,,DAG_topology only
adder_n28.qasm,large,Arithmetic,28,117,fixed,trojan_NOT,fixed,0.996549,0.757441,0.664773,0.153995,0.440678,0.0,0.008096,0.0085529,1.0,0.991453,1.0,0.997151,0.995399,,,,,,gate_count only
adder_n28.qasm,large,Arithmetic,28,117,fixed,trojan_H,fixed,0.996549,0.75569,0.664773,0.154154,0.449153,0.0,0.008096,0.0087805,1.0,0.991453,1.0,0.997151,0.995399,,,,,,gate_count only
adder_n28.qasm,large,Arithmetic,28,117,fixed,qubit_swap,fixed,0.989957,0.978568,0.022727,0.031263,0.008475,0.019608,0.014647,0.008921,0.97619,0.991453,1.0,0.989214,0.98661,,,,,,"CNOT_count, DAG_topology"
adder_n28_transpiled.qasm,large,Arithmetic,28,525,fixed,none,fixed,1.0,1.0,0.0,0.0,0.0,0.0,0.0,0.0404993,1.0,1.0,1.0,1.0,1.0,,,,,,all
adder_n28_transpiled.qasm,large,Arithmetic,28,525,fixed,gate_deletion_1q,fixed,0.999198,0.498087,0.990223,0.584447,0.742857,0.0,0.002519,0.0415937,1.0,0.998095,1.0,0.999365,0.99893,,,,,,"gate_count, depth"
adder_n28_transpiled.qasm,large,Arithmetic,28,525,fixed,gate_deletion_2q,fixed,0.996522,0.496824,1.0,0.581335,0.740952,0.005128,0.004931,0.0409952,0.995726,0.998095,0.994872,0.996231,0.997071,,,,,,"gate_count, CNOT_count, depth"
adder_n28_transpiled.qasm,large,Arithmetic,28,525,fixed,gate_insertion,fixed,0.999198,0.635001,0.74162,0.409225,0.551331,0.0,0.002617,0.0412502,1.0,0.998095,1.0,0.999365,0.99893,,,,,,"gate_count, depth increase"
adder_n28_transpiled.qasm,large,Arithmetic,28,525,fixed,gate_substitution,fixed,1.0,0.999568,0.0,0.000144,0.001905,0.0,0.0,0.0413519,1.0,1.0,1.0,1.0,1.0,,,,,,DAG_topology only
adder_n28_transpiled.qasm,large,Arithmetic,28,525,fixed,gate_reorder,fixed,0.999023,0.450272,1.0,0.780719,0.632381,0.0,0.0,0.0401895,1.0,1.0,1.0,1.0,0.998697,,,,,,DAG_topology only
adder_n28_transpiled.qasm,large,Arithmetic,28,525,fixed,trojan_NOT,fixed,0.999198,0.766528,0.272346,0.1259,0.741445,0.0,0.002663,0.0417409,1.0,0.998095,1.0,0.999365,0.99893,,,,,,gate_count only
adder_n28_transpiled.qasm,large,Arithmetic,28,525,fixed,trojan_H,fixed,0.999198,0.766132,0.272346,0.125944,0.743346,0.0,0.002663,0.0420678,1.0,0.998095,1.0,0.999365,0.99893,,,,,,gate_count only
adder_n28_transpiled.qasm,large,Arithmetic,28,525,fixed,qubit_swap,fixed,0.997966,0.994246,0.005587,0.008684,0.001901,0.005128,0.004704,0.0420463,0.995726,0.998095,1.0,0.997941,0.997289,,,,,,"CNOT_count, DAG_topology"
bv_n30.qasm,large,Oracle,30,109,fixed,none,fixed,1.0,1.0,0.0,0.0,0.0,0.0,0.0,0.0091364,1.0,1.0,1.0,1.0,1.0,,,,,,all
bv_n30.qasm,large,Oracle,30,109,fixed,gate_deletion_1q,fixed,0.99614,0.760825,1.0,0.209843,0.073394,0.0,0.010517,0.0089063,1.0,0.990826,1.0,0.996942,0.994853,,,,,,"gate_count, depth"
bv_n30.qasm,large,Oracle,30,109,fixed,gate_deletion_2q,fixed,0.969325,0.837573,0.636364,0.133335,0.036697,0.055556,0.01855,0.0090473,0.954545,0.990826,0.944444,0.963272,0.977618,,,,,,"gate_count, CNOT_count, depth"
bv_n30.qasm,large,Oracle,30,109,fixed,gate_insertion,fixed,0.983999,0.926267,0.356643,0.044457,0.018182,0.0,0.010404,0.0089457,0.954545,0.990826,1.0,0.98179,0.978666,,,,,,"gate_count, depth increase"
bv_n30.qasm,large,Oracle,30,109,fixed,gate_substitution,fixed,1.0,0.998002,0.0,0.000465,0.009174,0.0,0.0,0.0092502,1.0,1.0,1.0,1.0,1.0,,,,,,DAG_topology only
bv_n30.qasm,large,Oracle,30,109,fixed,gate_reorder,fixed,1.0,0.43525,1.0,0.660753,0.917431,0.0,0.0,0.0087356,1.0,1.0,1.0,1.0,1.0,,,,,,DAG_topology only
bv_n30.qasm,large,Oracle,30,109,fixed,trojan_NOT,fixed,0.99614,0.759152,1.0,0.209823,0.081818,0.0,0.010462,0.0086936,1.0,0.990826,1.0,0.996942,0.994853,,,,,,gate_count only
bv_n30.qasm,large,Oracle,30,109,fixed,trojan_H,fixed,0.99614,0.761133,1.0,0.209358,0.072727,0.0,0.010462,0.0088403,1.0,0.990826,1.0,0.996942,0.994853,,,,,,gate_count only
bv_n30.qasm,large,Oracle,30,109,fixed,qubit_swap,fixed,0.984009,0.916194,0.391608,0.028925,0.009091,0.055556,0.020119,0.0089498,0.954545,0.990826,1.0,0.98179,0.978679,,,,,,"CNOT_count, DAG_topology"
bv_n30_transpiled.qasm,large,Oracle,30,226,fixed,none,fixed,1.0,1.0,0.0,0.0,0.0,0.0,0.0,0.0186555,1.0,1.0,1.0,1.0,1.0,,,,,,all
bv_n30_transpiled.qasm,large,Oracle,30,226,fixed,gate_deletion_1q,fixed,0.997996,0.686263,1.0,0.152456,0.548673,0.0,0.006425,0.0161261,1.0,0.995575,1.0,0.998525,0.997328,,,,,,"gate_count, depth"
bv_n30_transpiled.qasm,large,Oracle,30,226,fixed,gate_deletion_2q,fixed,0.973204,0.782852,0.788462,0.090608,0.274336,0.055556,0.011876,0.0163651,0.96,0.995575,0.944444,0.966673,0.982791,,,,,,"gate_count, CNOT_count, depth"
bv_n30_transpiled.qasm,large,Oracle,30,226,fixed,gate_insertion,fixed,0.987548,0.724079,1.0,0.138945,0.38326,0.0,0.006382,0.0161892,0.96,0.995575,1.0,0.985192,0.983397,,,,,,"gate_count, depth increase"
bv_n30_transpiled.qasm,large,Oracle,30,226,fixed,gate_substitution,fixed,1.0,0.999007,0.0,0.000309,0.004425,0.0,0.0,0.0158696,1.0,1.0,1.0,1.0,1.0,,,,,,DAG_topology only
bv_n30_transpiled.qasm,large,Oracle,30,226,fixed,gate_reorder,fixed,1.0,0.47832,1.0,0.61188,0.787611,0.0,0.0,0.0165913,1.0,1.0,1.0,1.0,1.0,,,,,,DAG_topology only
bv_n30_transpiled.qasm,large,Oracle,30,226,fixed,trojan_NOT,fixed,0.987548,0.685976,1.0,0.152148,0.550661,0.0,0.006404,0.0158142,0.96,0.995575,1.0,0.985192,0.983397,,,,,,gate_count only
bv_n30_transpiled.qasm,large,Oracle,30,226,fixed,trojan_H,fixed,0.987548,0.686001,1.0,0.152075,0.550661,0.0,0.006404,0.0158527,0.96,0.995575,1.0,0.985192,0.983397,,,,,,gate_count only
bv_n30_transpiled.qasm,large,Oracle,30,226,fixed,qubit_swap,fixed,0.987547,0.949307,0.215385,0.014745,0.004405,0.055556,0.01233,0.0158275,0.96,0.995575,1.0,0.985192,0.983396,,,,,,"CNOT_count, DAG_topology"
cat_n35.qasm,large,State Prep,35,71,fixed,none,fixed,1.0,1.0,0.0,0.0,0.0,0.0,0.0,0.0066609,1.0,1.0,1.0,1.0,1.0,,,,,,all
cat_n35.qasm,large,State Prep,35,71,fixed,gate_deletion_1q,fixed,0.986873,0.773404,1.0,0.182632,0.056338,0.0,0.014076,0.0053518,0.972222,0.985915,1.0,0.986046,0.982498,,,,,,"gate_count, depth"
cat_n35.qasm,large,State Prep,35,71,fixed,gate_deletion_2q,fixed,0.970854,0.769654,1.0,0.180747,0.042254,0.029412,0.027517,0.0695325,0.944444,0.985915,0.970588,0.966983,0.970943,,,,,,"gate_count, CNOT_count, depth"
cat_n35.qasm,large,State Prep,35,71,fixed,gate_insertion,fixed,0.994692,0.774585,1.0,0.17976,0.055556,0.0,0.013875,0.005456,1.0,0.985915,1.0,0.995305,0.992923,,,,,,"gate_count, depth increase"
cat_n35.qasm,large,State Prep,35,71,fixed,gate_substitution,fixed,1.0,0.996942,0.0,0.000689,0.014085,0.0,0.0,0.0053817,1.0,1.0,1.0,1.0,1.0,,,,,,DAG_topology only
cat_n35.qasm,large,State Prep,35,71,fixed,gate_reorder,fixed,0.998254,0.48197,0.679612,0.625444,0.985915,0.0,0.0,0.005387,1.0,1.0,1.0,1.0,0.997672,,,,,,DAG_topology only
cat_n35.qasm,large,State Prep,35,71,fixed,trojan_NOT,fixed,0.994692,0.779159,1.0,0.158728,0.069444,0.0,0.013977,0.0066412,1.0,0.985915,1.0,0.995305,0.992923,,,,,,gate_count only
cat_n35.qasm,large,State Prep,35,71,fixed,trojan_H,fixed,0.994692,0.781863,1.0,0.158938,0.055556,0.0,0.013977,0.0057479,1.0,0.985915,1.0,0.995305,0.992923,,,,,,gate_count only
cat_n35.qasm,large,State Prep,35,71,fixed,qubit_swap,fixed,0.986899,0.964831,0.038835,0.051457,0.013889,0.029412,0.026736,0.0054676,0.972222,0.985915,1.0,0.986046,0.982532,,,,,,"CNOT_count, DAG_topology"
cat_n35_transpiled.qasm,large,State Prep,35,73,fixed,none,fixed,1.0,1.0,0.0,0.0,0.0,0.0,0.0,0.0057863,1.0,1.0,1.0,1.0,1.0,,,,,,all
cat_n35_transpiled.qasm,large,State Prep,35,73,fixed,gate_deletion_1q,fixed,0.987391,0.767485,1.0,0.184882,0.082192,0.0,0.013678,0.0054244,0.973684,0.986301,1.0,0.986662,0.983189,,,,,,"gate_count, depth"
cat_n35_transpiled.qasm,large,State Prep,35,73,fixed,gate_deletion_2q,fixed,0.956903,0.770219,1.0,0.180017,0.041096,0.029412,0.026736,0.0053544,0.894737,0.986301,0.970588,0.950542,0.952341,,,,,,"gate_count, CNOT_count, depth"
cat_n35_transpiled.qasm,large,State Prep,35,73,fixed,gate_insertion,fixed,0.987393,0.969241,0.028571,0.056284,0.027027,0.0,0.013685,0.0058356,0.973684,0.986301,1.0,0.986662,0.98319,,,,,,"gate_count, depth increase"
cat_n35_transpiled.qasm,large,State Prep,35,73,fixed,gate_substitution,fixed,1.0,0.996948,0.0,0.000893,0.013699,0.0,0.0,0.0054872,1.0,1.0,1.0,1.0,1.0,,,,,,DAG_topology only
cat_n35_transpiled.qasm,large,State Prep,35,73,fixed,gate_reorder,fixed,0.998289,0.381901,1.0,0.773826,0.986301,0.0,0.0,0.005445,1.0,1.0,1.0,1.0,0.997719,,,,,,DAG_topology only
cat_n35_transpiled.qasm,large,State Prep,35,73,fixed,trojan_NOT,fixed,0.994827,0.774372,1.0,0.158087,0.094595,0.0,0.013785,0.0055962,1.0,0.986301,1.0,0.995434,0.993102,,,,,,gate_count only
cat_n35_transpiled.qasm,large,State Prep,35,73,fixed,trojan_H,fixed,0.994827,0.774299,1.0,0.158296,0.094595,0.0,0.013785,0.0055862,1.0,0.986301,1.0,0.995434,0.993102,,,,,,gate_count only
cat_n35_transpiled.qasm,large,State Prep,35,73,fixed,qubit_swap,fixed,0.987416,0.965165,0.038095,0.051249,0.013514,0.029412,0.025988,0.0055455,0.973684,0.986301,1.0,0.986662,0.983221,,,,,,"CNOT_count, DAG_topology"
cc_n32.qasm,large,Other,32,161,fixed,none,fixed,1.0,1.0,0.0,0.0,0.0,0.0,0.0,0.0501801,1.0,1.0,1.0,1.0,1.0,,,,,,all
cc_n32.qasm,large,Other,32,161,fixed,gate_deletion_1q,fixed,0.994474,0.839232,0.642105,0.164214,0.031056,0.0,0.007658,0.0508852,0.989899,0.993789,1.0,0.994563,0.992631,,,,,,"gate_count, depth"
cc_n32.qasm,large,Other,32,161,fixed,gate_deletion_2q,fixed,0.985933,0.808443,0.849123,0.147603,0.024845,0.03125,0.013082,0.0499658,0.989899,0.993789,0.967742,0.98381,0.991997,,,,,,"gate_count, CNOT_count, depth"
cc_n32.qasm,large,Other,32,161,fixed,gate_insertion,fixed,0.997479,0.810922,0.852632,0.155002,0.030864,0.0,0.007598,0.0510198,1.0,0.993789,1.0,0.99793,0.996639,,,,,,"gate_count, depth increase"
cc_n32.qasm,large,Other,32,161,fixed,gate_substitution,fixed,1.0,0.998651,0.0,0.000305,0.006211,0.0,0.0,0.0505807,1.0,1.0,1.0,1.0,1.0,,,,,,DAG_topology only
cc_n32.qasm,large,Other,32,161,fixed,gate_reorder,fixed,1.0,0.44657,1.0,0.705453,0.782609,0.0,0.0,0.0573786,1.0,1.0,1.0,1.0,1.0,,,,,,DAG_topology only
cc_n32.qasm,large,Other,32,161,fixed,trojan_NOT,fixed,0.994474,0.836883,0.649123,0.164519,0.037037,0.0,0.007598,0.0510655,0.989899,0.993789,1.0,0.994563,0.992631,,,,,,gate_count only
cc_n32.qasm,large,Other,32,161,fixed,trojan_H,fixed,0.994474,0.838224,0.649123,0.164214,0.030864,0.0,0.007598,0.049958,0.989899,0.993789,1.0,0.994563,0.992631,,,,,,gate_count only
cc_n32.qasm,large,Other,32,161,fixed,qubit_swap,fixed,0.99448,0.952387,0.210526,0.020224,0.006173,0.03125,0.01471,0.050453,0.989899,0.993789,1.0,0.994563,0.992639,,,,,,"CNOT_count, DAG_topology"
cc_n32_transpiled.qasm,large,Other,32,349,fixed,none,fixed,1.0,1.0,0.0,0.0,0.0,0.0,0.0,0.1145993,1.0,1.0,1.0,1.0,1.0,,,,,,all
cc_n32_transpiled.qasm,large,Other,32,349,fixed,gate_deletion_1q,fixed,0.997449,0.790036,0.911205,0.098425,0.191977,0.0,0.004392,0.1112479,0.995595,0.997135,1.0,0.997576,0.996598,,,,,,"gate_count, depth"
cc_n32_transpiled.qasm,large,Other,32,349,fixed,gate_deletion_2q,fixed,0.989139,0.847972,0.778013,0.074238,0.011461,0.03125,0.008006,0.1126228,0.995595,0.997135,0.967742,0.986824,0.996272,,,,,,"gate_count, CNOT_count, depth"
cc_n32_transpiled.qasm,large,Other,32,349,fixed,gate_insertion,fixed,0.998794,0.943959,0.319239,0.017155,0.008571,0.0,0.004372,0.1144347,1.0,0.997135,1.0,0.999045,0.998392,,,,,,"gate_count, depth increase"
cc_n32_transpiled.qasm,large,Other,32,349,fixed,gate_substitution,fixed,1.0,0.999357,0.0,0.000199,0.002865,0.0,0.0,0.1133263,1.0,1.0,1.0,1.0,1.0,,,,,,DAG_topology only
cc_n32_transpiled.qasm,large,Other,32,349,fixed,gate_reorder,fixed,1.0,0.396619,0.955603,0.90507,0.716332,0.0,0.0,0.1190126,1.0,1.0,1.0,1.0,1.0,,,,,,DAG_topology only
cc_n32_transpiled.qasm,large,Other,32,349,fixed,trojan_NOT,fixed,0.997449,0.790733,0.911205,0.098385,0.188571,0.0,0.004372,0.1164438,0.995595,0.997135,1.0,0.997576,0.996598,,,,,,gate_count only
cc_n32_transpiled.qasm,large,Other,32,349,fixed,trojan_H,fixed,0.997449,0.790749,0.911205,0.098338,0.188571,0.0,0.004372,0.1124569,0.995595,0.997135,1.0,0.997576,0.996598,,,,,,gate_count only
cc_n32_transpiled.qasm,large,Other,32,349,fixed,qubit_swap,fixed,0.997449,0.969745,0.12685,0.010172,0.002857,0.03125,0.008461,0.111674,0.995595,0.997135,1.0,0.997576,0.996598,,,,,,"CNOT_count, DAG_topology"
dnn_n33.qasm,large,Other,33,176,fixed,none,fixed,1.0,1.0,0.0,0.0,0.0,0.0,0.0,0.0168512,1.0,1.0,1.0,1.0,1.0,,,,,,all
dnn_n33.qasm,large,Other,33,176,fixed,gate_deletion_1q,fixed,0.997453,0.622748,1.0,0.420235,0.397727,0.0,0.006243,0.01676,1.0,0.994318,1.0,0.998106,0.996603,,,,,,"gate_count, depth"
dnn_n33.qasm,large,Other,33,176,fixed,gate_deletion_2q,fixed,0.990641,0.658034,1.0,0.415267,0.210227,0.016667,0.012438,0.016739,0.975,0.994318,1.0,0.989773,0.987521,,,,,,"gate_count, CNOT_count, depth"
dnn_n33.qasm,large,Other,33,176,fixed,gate_insertion,fixed,0.997453,0.822638,0.647059,0.204971,0.039548,0.0,0.006534,0.0172456,1.0,0.994318,1.0,0.998106,0.996603,,,,,,"gate_count, depth increase"
dnn_n33.qasm,large,Other,33,176,fixed,gate_substitution,fixed,1.0,0.998748,0.0,0.000332,0.005682,0.0,0.0,0.0167162,1.0,1.0,1.0,1.0,1.0,,,,,,DAG_topology only
dnn_n33.qasm,large,Other,33,176,fixed,gate_reorder,fixed,0.982033,0.393058,1.0,0.876976,0.75,0.0,0.0,0.0148188,1.0,1.0,1.0,1.0,0.976044,,,,,,DAG_topology only
dnn_n33.qasm,large,Other,33,176,fixed,trojan_NOT,fixed,0.997453,0.679227,0.864253,0.315015,0.40113,0.0,0.006534,0.0207823,1.0,0.994318,1.0,0.998106,0.996603,,,,,,gate_count only
dnn_n33.qasm,large,Other,33,176,fixed,trojan_H,fixed,0.997453,0.68037,0.864253,0.314978,0.39548,0.0,0.006534,0.0168003,1.0,0.994318,1.0,0.998106,0.996603,,,,,,gate_count only
dnn_n33.qasm,large,Other,33,176,fixed,qubit_swap,fixed,0.990643,0.983443,0.0181,0.023377,0.00565,0.016667,0.011965,0.0167404,0.975,0.994318,1.0,0.989773,0.987524,,,,,,"CNOT_count, DAG_topology"
dnn_n33_transpiled.qasm,large,Other,33,908,fixed,none,fixed,1.0,1.0,0.0,0.0,0.0,0.0,0.0,0.0732375,1.0,1.0,1.0,1.0,1.0,,,,,,all
dnn_n33_transpiled.qasm,large,Other,33,908,fixed,gate_deletion_1q,fixed,0.999509,0.56549,0.796313,0.390608,0.890969,0.0,0.00156,0.0763141,1.0,0.998899,1.0,0.999633,0.999346,,,,,,"gate_count, depth"
dnn_n33_transpiled.qasm,large,Other,33,908,fixed,gate_deletion_2q,fixed,0.99706,0.568166,0.791923,0.389007,0.878855,0.004032,0.003157,0.078387,0.995098,0.998899,0.995968,0.996655,0.997424,,,,,,"gate_count, CNOT_count, depth"
dnn_n33_transpiled.qasm,large,Other,33,908,fixed,gate_insertion,fixed,0.999509,0.601277,0.675154,0.354662,0.865787,0.0,0.001611,0.0749551,1.0,0.998899,1.0,0.999633,0.999346,,,,,,"gate_count, depth increase"
dnn_n33_transpiled.qasm,large,Other,33,908,fixed,gate_substitution,fixed,1.0,0.99975,0.0,8.6e-05,0.001101,0.0,0.0,0.0748899,1.0,1.0,1.0,1.0,1.0,,,,,,DAG_topology only
dnn_n33_transpiled.qasm,large,Other,33,908,fixed,gate_reorder,fixed,0.996553,0.421301,0.844601,0.906307,0.674009,0.0,0.0,0.0739423,1.0,1.0,1.0,1.0,0.995404,,,,,,DAG_topology only
dnn_n33_transpiled.qasm,large,Other,33,908,fixed,trojan_NOT,fixed,0.999509,0.647218,0.476734,0.293969,0.891089,0.0,0.001652,0.0766063,1.0,0.998899,1.0,0.999633,0.999346,,,,,,gate_count only
dnn_n33_transpiled.qasm,large,Other,33,908,fixed,trojan_H,fixed,0.999509,0.647225,0.476734,0.293949,0.891089,0.0,0.001652,0.0755777,1.0,0.998899,1.0,0.999633,0.999346,,,,,,gate_count only
dnn_n33_transpiled.qasm,large,Other,33,908,fixed,qubit_swap,fixed,0.998176,0.996513,0.003512,0.004657,0.0011,0.004032,0.003039,0.0772564,0.995098,0.998899,1.0,0.997999,0.997568,,,,,,"CNOT_count, DAG_topology"
ghz_n40.qasm,large,State Prep,40,81,fixed,none,fixed,1.0,1.0,0.0,0.0,0.0,0.0,0.0,0.0090416,1.0,1.0,1.0,1.0,1.0,,,,,,all
ghz_n40.qasm,large,State Prep,40,81,fixed,gate_deletion_1q,fixed,0.988486,0.784273,1.0,0.156046,0.049383,0.0,0.01234,0.0063378,0.97561,0.987654,1.0,0.987755,0.984648,,,,,,"gate_count, depth"
ghz_n40.qasm,large,State Prep,40,81,fixed,gate_deletion_2q,fixed,0.974465,0.780943,1.0,0.154576,0.037037,0.025641,0.024196,0.0061677,0.95122,0.987654,0.974359,0.971078,0.9745,,,,,,"gate_count, CNOT_count, depth"
ghz_n40.qasm,large,State Prep,40,81,fixed,gate_insertion,fixed,0.988487,0.972507,0.025424,0.050236,0.02439,0.0,0.012186,0.0062419,0.97561,0.987654,1.0,0.987755,0.984649,,,,,,"gate_count, depth increase"
ghz_n40.qasm,large,State Prep,40,81,fixed,gate_substitution,fixed,1.0,0.997343,0.0,0.000537,0.012346,0.0,0.0,0.0061359,1.0,1.0,1.0,1.0,1.0,,,,,,DAG_topology only
ghz_n40.qasm,large,State Prep,40,81,fixed,gate_reorder,fixed,0.998468,0.485943,0.677966,0.613803,0.987654,0.0,0.0,0.006169,1.0,1.0,1.0,1.0,0.997957,,,,,,DAG_topology only
ghz_n40.qasm,large,State Prep,40,81,fixed,trojan_NOT,fixed,0.99535,0.789468,1.0,0.134602,0.060976,0.0,0.012264,0.0075583,1.0,0.987654,1.0,0.995885,0.9938,,,,,,gate_count only
ghz_n40.qasm,large,State Prep,40,81,fixed,trojan_H,fixed,0.99535,0.791849,1.0,0.134766,0.04878,0.0,0.012264,0.0063177,1.0,0.987654,1.0,0.995885,0.9938,,,,,,gate_count only
ghz_n40.qasm,large,State Prep,40,81,fixed,qubit_swap,fixed,0.988505,0.968982,0.033898,0.045733,0.012195,0.025641,0.023595,0.0062203,0.97561,0.987654,1.0,0.987755,0.984674,,,,,,"CNOT_count, DAG_topology"
ghz_n40_transpiled.qasm,large,State Prep,40,83,fixed,none,fixed,1.0,1.0,0.0,0.0,0.0,0.0,0.0,0.0062859,1.0,1.0,1.0,1.0,1.0,,,,,,all
ghz_n40_transpiled.qasm,large,State Prep,40,83,fixed,gate_deletion_1q,fixed,0.988887,0.779079,1.0,0.157886,0.072289,0.0,0.012034,0.0062865,0.976744,0.987952,1.0,0.988232,0.985182,,,,,,"gate_count, depth"
ghz_n40_transpiled.qasm,large,State Prep,40,83,fixed,gate_deletion_2q,fixed,0.962043,0.781353,1.0,0.154088,0.036145,0.025641,0.023595,0.0061435,0.906977,0.987952,0.974359,0.956429,0.957938,,,,,,"gate_count, CNOT_count, depth"
ghz_n40_transpiled.qasm,large,State Prep,40,83,fixed,gate_insertion,fixed,0.988887,0.971389,0.025,0.053985,0.02381,0.0,0.012039,0.0075011,0.976744,0.987952,1.0,0.988232,0.985183,,,,,,"gate_count, depth increase"
ghz_n40_transpiled.qasm,large,State Prep,40,83,fixed,gate_substitution,fixed,1.0,0.997346,0.0,0.000697,0.012048,0.0,0.0,0.0061781,1.0,1.0,1.0,1.0,1.0,,,,,,DAG_topology only
ghz_n40_transpiled.qasm,large,State Prep,40,83,fixed,gate_reorder,fixed,0.998495,0.393255,1.0,0.740442,0.987952,0.0,0.0,0.0062629,1.0,1.0,1.0,1.0,0.997994,,,,,,DAG_topology only
ghz_n40_transpiled.qasm,large,State Prep,40,83,fixed,trojan_NOT,fixed,0.995454,0.785159,1.0,0.134178,0.083333,0.0,0.012116,0.0062148,1.0,0.987952,1.0,0.995984,0.993938,,,,,,gate_count only
ghz_n40_transpiled.qasm,large,State Prep,40,83,fixed,trojan_H,fixed,0.995454,0.785102,1.0,0.134341,0.083333,0.0,0.012116,0.0063426,1.0,0.987952,1.0,0.995984,0.993938,,,,,,gate_count only
ghz_n40_transpiled.qasm,large,State Prep,40,83,fixed,qubit_swap,fixed,0.988905,0.969233,0.033333,0.045589,0.011905,0.025641,0.023016,0.0062511,0.976744,0.987952,1.0,0.988232,0.985207,,,,,,"CNOT_count, DAG_topology"
ising_n34.qasm,large,Simulation,34,403,fixed,none,fixed,1.0,1.0,0.0,0.0,0.0,0.0,0.0,0.0305571,1.0,1.0,1.0,1.0,1.0,,,,,,all
ising_n34.qasm,large,Simulation,34,403,fixed,gate_deletion_1q,fixed,0.998858,0.671344,0.92094,0.158951,0.672457,0.0,0.003912,0.0318075,1.0,0.997519,1.0,0.999173,0.998477,,,,,,"gate_count, depth"
ising_n34.qasm,large,Simulation,34,403,fixed,gate_deletion_2q,fixed,0.994808,0.670476,0.91453,0.1573,0.667494,0.015152,0.007602,0.0321245,1.0,0.997519,0.984848,0.994122,0.998128,,,,,,"gate_count, CNOT_count, depth"
ising_n34.qasm,large,Simulation,34,403,fixed,gate_insertion,fixed,0.998858,0.810966,0.480769,0.068452,0.462871,0.0,0.003857,0.0302977,1.0,0.997519,1.0,0.999173,0.998477,,,,,,"gate_count, depth increase"
ising_n34.qasm,large,Simulation,34,403,fixed,gate_substitution,fixed,1.0,0.99946,0.0,0.000126,0.002481,0.0,0.0,0.0303397,1.0,1.0,1.0,1.0,1.0,,,,,,DAG_topology only
ising_n34.qasm,large,Simulation,34,403,fixed,gate_reorder,fixed,1.0,0.559127,0.952991,0.403143,0.784119,0.0,0.0,0.0301987,1.0,1.0,1.0,1.0,1.0,,,,,,DAG_topology only
ising_n34.qasm,large,Simulation,34,403,fixed,trojan_NOT,fixed,0.998858,0.671169,0.92094,0.158989,0.673267,0.0,0.003897,0.030981,1.0,0.997519,1.0,0.999173,0.998477,,,,,,gate_count only
ising_n34.qasm,large,Simulation,34,403,fixed,trojan_H,fixed,0.998858,0.671678,0.92094,0.158951,0.670792,0.0,0.003897,0.0300538,1.0,0.997519,1.0,0.999173,0.998477,,,,,,gate_count only
ising_n34.qasm,large,Simulation,34,403,fixed,qubit_swap,fixed,0.982971,0.991233,0.008547,0.009159,0.002475,0.015152,0.007541,0.0314206,0.9375,0.997519,1.0,0.97834,0.977295,,,,,,"CNOT_count, DAG_topology"
ising_n34_transpiled.qasm,large,Simulation,34,268,fixed,none,fixed,1.0,1.0,0.0,0.0,0.0,0.0,0.0,0.022163,1.0,1.0,1.0,1.0,1.0,,,,,,all
ising_n34_transpiled.qasm,large,Simulation,34,268,fixed,gate_deletion_1q,fixed,0.998317,0.640355,1.0,0.166749,0.753731,0.0,0.00536,0.0189877,1.0,0.996269,1.0,0.998756,0.997756,,,,,,"gate_count, depth"
ising_n34_transpiled.qasm,large,Simulation,34,268,fixed,gate_deletion_2q,fixed,0.994154,0.641391,1.0,0.164348,0.735075,0.015152,0.010421,0.0200301,1.0,0.996269,0.984848,0.993706,0.997256,,,,,,"gate_count, CNOT_count, depth"
ising_n34_transpiled.qasm,large,Simulation,34,268,fixed,gate_insertion,fixed,0.975216,0.836246,0.438486,0.063889,0.375465,0.0,0.005272,0.0191194,0.909091,0.996269,1.0,0.968453,0.966954,,,,,,"gate_count, depth increase"
ising_n34_transpiled.qasm,large,Simulation,34,268,fixed,gate_substitution,fixed,1.0,0.999169,0.0,0.000242,0.003731,0.0,0.0,0.0190922,1.0,1.0,1.0,1.0,1.0,,,,,,DAG_topology only
ising_n34_transpiled.qasm,large,Simulation,34,268,fixed,gate_reorder,fixed,0.988026,0.513461,1.0,0.526571,0.761194,0.0,0.0,0.0192462,1.0,1.0,1.0,1.0,0.984035,,,,,,DAG_topology only
ising_n34_transpiled.qasm,large,Simulation,34,268,fixed,trojan_NOT,fixed,0.975216,0.641777,1.0,0.16642,0.747212,0.0,0.005331,0.0191053,0.909091,0.996269,1.0,0.968453,0.966954,,,,,,gate_count only
ising_n34_transpiled.qasm,large,Simulation,34,268,fixed,trojan_H,fixed,0.975216,0.641797,1.0,0.166364,0.747212,0.0,0.005331,0.0202621,0.909091,0.996269,1.0,0.968453,0.966954,,,,,,gate_count only
ising_n34_transpiled.qasm,large,Simulation,34,268,fixed,qubit_swap,fixed,0.975215,0.98857,0.012618,0.013522,0.003717,0.015152,0.010308,0.0190284,0.909091,0.996269,1.0,0.968453,0.966954,,,,,,"CNOT_count, DAG_topology"
knn_n31.qasm,large,Other,31,48,fixed,none,fixed,1.0,1.0,0.0,0.0,0.0,0.0,0.0,0.0036651,1.0,1.0,1.0,1.0,1.0,,,,,,all
knn_n31.qasm,large,Other,31,48,fixed,gate_deletion_1q,fixed,0.990681,0.57093,1.0,0.730588,0.104167,0.0,0.025308,0.0035201,1.0,0.979167,1.0,0.993056,0.987574,,,,,,"gate_count, depth"
knn_n31.qasm,large,Other,31,48,fixed,gate_deletion_2q,fixed,1.0,1.0,0.0,0.0,0.0,0.0,0.0,0.0036016,1.0,1.0,1.0,1.0,1.0,,,,,,"gate_count, CNOT_count, depth"
knn_n31.qasm,large,Other,31,48,fixed,gate_insertion,fixed,0.990683,0.570052,1.0,0.722834,0.122449,0.0,0.024667,0.0038007,1.0,0.979167,1.0,0.993056,0.987577,,,,,,"gate_count, depth increase"
knn_n31.qasm,large,Other,31,48,fixed,gate_substitution,fixed,1.0,0.994887,0.0,0.002705,0.020833,0.0,0.0,0.0035187,1.0,1.0,1.0,1.0,1.0,,,,,,DAG_topology only
knn_n31.qasm,large,Other,31,48,fixed,gate_reorder,fixed,1.0,0.401091,1.0,0.854025,0.75,0.0,0.0,0.0036226,1.0,1.0,1.0,1.0,1.0,,,,,,DAG_topology only
knn_n31.qasm,large,Other,31,48,fixed,trojan_NOT,fixed,0.974766,0.567186,1.0,0.731022,0.122449,0.0,0.024667,0.0036014,0.944444,0.979167,1.0,0.974537,0.966355,,,,,,gate_count only
knn_n31.qasm,large,Other,31,48,fixed,trojan_H,fixed,0.974766,0.567171,1.0,0.731064,0.122449,0.0,0.024667,0.0048098,0.944444,0.979167,1.0,0.974537,0.966355,,,,,,gate_count only
knn_n31.qasm,large,Other,31,48,fixed,qubit_swap,fixed,0.97479,0.78412,0.042553,0.004851,0.020408,1.0,0.037179,0.0036013,0.944444,0.979167,1.0,0.974537,0.966387,,,,,,"CNOT_count, DAG_topology"
knn_n31_transpiled.qasm,large,Other,31,427,fixed,none,fixed,1.0,1.0,0.0,0.0,0.0,0.0,0.0,0.0321374,1.0,1.0,1.0,1.0,1.0,,,,,,all
knn_n31_transpiled.qasm,large,Other,31,427,fixed,gate_deletion_1q,fixed,0.998966,0.524824,0.877907,0.47198,0.88993,0.0,0.003114,0.0326376,1.0,0.997658,1.0,0.999219,0.998621,,,,,,"gate_count, depth"
knn_n31_transpiled.qasm,large,Other,31,427,fixed,gate_deletion_2q,fixed,0.994567,0.569917,0.813953,0.453025,0.735363,0.008333,0.006924,0.0348058,0.992537,0.997658,0.991667,0.993954,0.995534,,,,,,"gate_count, CNOT_count, depth"
knn_n31_transpiled.qasm,large,Other,31,427,fixed,gate_insertion,fixed,0.998966,0.89206,0.277132,0.172589,0.028037,0.0,0.00357,0.0327678,1.0,0.997658,1.0,0.999219,0.998621,,,,,,"gate_count, depth increase"
knn_n31_transpiled.qasm,large,Other,31,427,fixed,gate_substitution,fixed,1.0,0.999477,0.0,0.000155,0.002342,0.0,0.0,0.0332839,1.0,1.0,1.0,1.0,1.0,,,,,,DAG_topology only
knn_n31_transpiled.qasm,large,Other,31,427,fixed,gate_reorder,fixed,1.0,0.49418,0.875969,0.703106,0.641686,0.0,0.0,0.0334833,1.0,1.0,1.0,1.0,1.0,,,,,,DAG_topology only
knn_n31_transpiled.qasm,large,Other,31,427,fixed,trojan_NOT,fixed,0.996876,0.52543,0.874031,0.471632,0.890187,0.0,0.00357,0.0351387,0.992537,0.997658,1.0,0.996732,0.995834,,,,,,gate_count only
knn_n31_transpiled.qasm,large,Other,31,427,fixed,trojan_H,fixed,0.996876,0.525443,0.874031,0.471595,0.890187,0.0,0.00357,0.0332039,0.992537,0.997658,1.0,0.996732,0.995834,,,,,,gate_count only
knn_n31_transpiled.qasm,large,Other,31,427,fixed,qubit_swap,fixed,0.996875,0.996507,0.003876,0.000497,0.002336,0.008333,0.006034,0.034348,0.992537,0.997658,1.0,0.996732,0.995834,,,,,,"CNOT_count, DAG_topology"
qugan_n39.qasm,large,Other,39,150,fixed,none,fixed,1.0,1.0,0.0,0.0,0.0,0.0,0.0,0.0182163,1.0,1.0,1.0,1.0,1.0,,,,,,all
qugan_n39.qasm,large,Other,39,150,fixed,gate_deletion_1q,fixed,0.996896,0.72177,1.0,0.341342,0.04,0.0,0.007603,0.0178707,1.0,0.993333,1.0,0.997778,0.995861,,,,,,"gate_count, depth"
qugan_n39.qasm,large,Other,39,150,fixed,gate_deletion_2q,fixed,0.996896,0.720216,1.0,0.339569,0.033333,0.013889,0.014908,0.0176548,1.0,0.993333,1.0,0.997778,0.995861,,,,,,"gate_count, CNOT_count, depth"
qugan_n39.qasm,large,Other,39,150,fixed,gate_insertion,fixed,0.996896,0.81477,0.708108,0.208485,0.02649,0.0,0.007457,0.0186941,1.0,0.993333,1.0,0.997778,0.995861,,,,,,"gate_count, depth increase"
qugan_n39.qasm,large,Other,39,150,fixed,gate_substitution,fixed,1.0,0.998471,0.0,0.000558,0.006667,0.0,0.0,0.0178696,1.0,1.0,1.0,1.0,1.0,,,,,,DAG_topology only
qugan_n39.qasm,large,Other,39,150,fixed,gate_reorder,fixed,1.0,0.52373,1.0,0.635058,0.52,0.0,0.0,0.0149777,1.0,1.0,1.0,1.0,1.0,,,,,,DAG_topology only
qugan_n39.qasm,large,Other,39,150,fixed,trojan_NOT,fixed,0.98993,0.720493,1.0,0.341373,0.046358,0.0,0.007545,0.0181398,0.975,0.993333,1.0,0.989444,0.986573,,,,,,gate_count only
qugan_n39.qasm,large,Other,39,150,fixed,trojan_H,fixed,0.98993,0.720474,1.0,0.34143,0.046358,0.0,0.007545,0.0183787,0.975,0.993333,1.0,0.989444,0.986573,,,,,,gate_count only
qugan_n39.qasm,large,Other,39,150,fixed,qubit_swap,fixed,0.989932,0.955717,0.205405,0.022829,0.006623,0.013889,0.013799,0.0179059,0.975,0.993333,1.0,0.989444,0.986576,,,,,,"CNOT_count, DAG_topology"
qugan_n39_transpiled.qasm,large,Other,39,1055,fixed,none,fixed,1.0,1.0,0.0,0.0,0.0,0.0,0.0,0.089015,1.0,1.0,1.0,1.0,1.0,,,,,,all
qugan_n39_transpiled.qasm,large,Other,39,1055,fixed,gate_deletion_1q,fixed,0.999576,0.604094,0.822409,0.292457,0.850237,0.0,0.001371,0.0895214,1.0,0.999052,1.0,0.999684,0.999435,,,,,,"gate_count, depth"
qugan_n39_transpiled.qasm,large,Other,39,1055,fixed,gate_deletion_2q,fixed,0.998638,0.605398,0.818598,0.291799,0.843602,0.003378,0.002862,0.0949313,1.0,0.999052,0.996622,0.998558,0.99931,,,,,,"gate_count, CNOT_count, depth"
qugan_n39_transpiled.qasm,large,Other,39,1055,fixed,gate_insertion,fixed,0.999576,0.760243,0.660823,0.26287,0.242424,0.0,0.001446,0.0907817,1.0,0.999052,1.0,0.999684,0.999435,,,,,,"gate_count, depth increase"
qugan_n39_transpiled.qasm,large,Other,39,1055,fixed,gate_substitution,fixed,1.0,0.999792,0.0,5.2e-05,0.000948,0.0,0.0,0.0883242,1.0,1.0,1.0,1.0,1.0,,,,,,DAG_topology only
qugan_n39_transpiled.qasm,large,Other,39,1055,fixed,gate_reorder,fixed,1.0,0.50779,0.818598,0.682841,0.652133,0.0,0.0,0.1540363,1.0,1.0,1.0,1.0,1.0,,,,,,DAG_topology only
qugan_n39_transpiled.qasm,large,Other,39,1055,fixed,trojan_NOT,fixed,0.998521,0.604332,0.820884,0.292324,0.850379,0.0,0.001461,0.088521,0.996154,0.999052,1.0,0.998402,0.998028,,,,,,gate_count only
qugan_n39_transpiled.qasm,large,Other,39,1055,fixed,trojan_H,fixed,0.998521,0.604336,0.820884,0.292312,0.850379,0.0,0.001461,0.0897945,0.996154,0.999052,1.0,0.998402,0.998028,,,,,,gate_count only
qugan_n39_transpiled.qasm,large,Other,39,1055,fixed,qubit_swap,fixed,0.998521,0.9917,0.035061,0.005445,0.000947,0.003378,0.002698,0.0933451,0.996154,0.999052,1.0,0.998402,0.998028,,,,,,"CNOT_count, DAG_topology"
wstate_n36.qasm,large,State Prep,36,178,fixed,none,fixed,1.0,1.0,0.0,0.0,0.0,0.0,0.0,0.0130053,1.0,1.0,1.0,1.0,1.0,,,,,,all
wstate_n36.qasm,large,State Prep,36,178,fixed,gate_deletion_1q,fixed,0.997663,0.717948,1.0,0.134529,0.421348,0.0,0.006967,0.0131205,1.0,0.994382,1.0,0.998127,0.996884,,,,,,"gate_count, depth"
wstate_n36.qasm,large,State Prep,36,178,fixed,gate_deletion_2q,fixed,0.993777,0.743749,0.869919,0.11293,0.410112,0.014286,0.013581,0.0134792,0.986301,0.994382,1.0,0.993561,0.991703,,,,,,"gate_count, CNOT_count, depth"
wstate_n36.qasm,large,State Prep,36,178,fixed,gate_insertion,fixed,0.997663,0.88855,0.565041,0.061544,0.022346,0.0,0.006843,0.0130874,1.0,0.994382,1.0,0.998127,0.996884,,,,,,"gate_count, depth increase"
wstate_n36.qasm,large,State Prep,36,178,fixed,gate_substitution,fixed,1.0,0.998782,0.0,0.00027,0.005618,0.0,0.0,0.0134164,1.0,1.0,1.0,1.0,1.0,,,,,,DAG_topology only
wstate_n36.qasm,large,State Prep,36,178,fixed,gate_reorder,fixed,0.999072,0.437672,1.0,0.645175,0.932584,0.0,0.0,0.0143585,1.0,1.0,1.0,1.0,0.998763,,,,,,DAG_topology only
wstate_n36.qasm,large,State Prep,36,178,fixed,trojan_NOT,fixed,0.993774,0.718424,1.0,0.134529,0.418994,0.0,0.006918,0.0130171,0.986301,0.994382,1.0,0.993561,0.991699,,,,,,gate_count only
wstate_n36.qasm,large,State Prep,36,178,fixed,trojan_H,fixed,0.993774,0.718434,1.0,0.134502,0.418994,0.0,0.006918,0.0129807,0.986301,0.994382,1.0,0.993561,0.991699,,,,,,gate_count only
wstate_n36.qasm,large,State Prep,36,178,fixed,qubit_swap,fixed,0.993777,0.985001,0.01626,0.020718,0.005587,0.014286,0.013341,0.013087,0.986301,0.994382,1.0,0.993561,0.991703,,,,,,"CNOT_count, DAG_topology"
wstate_n36_transpiled.qasm,large,State Prep,36,318,fixed,none,fixed,1.0,1.0,0.0,0.0,0.0,0.0,0.0,0.0246629,1.0,1.0,1.0,1.0,1.0,,,,,,all
wstate_n36_transpiled.qasm,large,State Prep,36,318,fixed,gate_deletion_1q,fixed,0.998672,0.675975,0.909326,0.148408,0.676101,0.0,0.004627,0.0235962,1.0,0.996855,1.0,0.998952,0.99823,,,,,,"gate_count, depth"
wstate_n36_transpiled.qasm,large,State Prep,36,318,fixed,gate_deletion_2q,fixed,0.992836,0.765296,0.725389,0.091971,0.449686,0.014286,0.009119,0.0925578,0.993103,0.996855,0.985714,0.991891,0.995209,,,,,,"gate_count, CNOT_count, depth"
wstate_n36_transpiled.qasm,large,State Prep,36,318,fixed,gate_insertion,fixed,0.998672,0.790343,0.878238,0.142506,0.137931,0.0,0.004583,0.023034,1.0,0.996855,1.0,0.998952,0.99823,,,,,,"gate_count, depth increase"
wstate_n36_transpiled.qasm,large,State Prep,36,318,fixed,gate_substitution,fixed,1.0,0.999247,0.0,0.000353,0.003145,0.0,0.0,0.0225512,1.0,1.0,1.0,1.0,1.0,,,,,,DAG_topology only
wstate_n36_transpiled.qasm,large,State Prep,36,318,fixed,gate_reorder,fixed,0.99946,0.379649,1.0,0.837121,0.886792,0.0,0.0,0.0223454,1.0,1.0,1.0,1.0,0.999279,,,,,,DAG_topology only
wstate_n36_transpiled.qasm,large,State Prep,36,318,fixed,trojan_NOT,fixed,0.998672,0.715054,0.727979,0.113885,0.677116,0.0,0.004661,0.0229123,1.0,0.996855,1.0,0.998952,0.99823,,,,,,gate_count only
wstate_n36_transpiled.qasm,large,State Prep,36,318,fixed,trojan_H,fixed,0.998672,0.715001,0.727979,0.114036,0.677116,0.0,0.004661,0.0222783,1.0,0.996855,1.0,0.998952,0.99823,,,,,,gate_count only
wstate_n36_transpiled.qasm,large,State Prep,36,318,fixed,qubit_swap,fixed,0.996678,0.989996,0.010363,0.011637,0.003135,0.014286,0.008922,0.0220537,0.993103,0.996855,1.0,0.996653,0.99557,,,,,,"CNOT_count, DAG_topology"
