name,size_category,family,qubits,gates,mode,anomaly,severity,SIS,IGSL,IGSL_edge_diff,IGSL_node_diff,IGSL_order_diff,IGSL_interaction_diff,IGSL_usage_diff,IGSL_time_sec,JSD_dist,OIS_sim,OIS_time_sec,TVD
adder_n10.qasm,small,Arithmetic,10,19,severity,gate_deletion_1q,0.1,0.97805,0.727641,0.863636,0.24315,0.263158,0.0,0.050794,0.0059368,1.0,0.0,0.4009867,1.0
adder_n10.qasm,small,Arithmetic,10,19,severity,gate_deletion_1q,0.3,0.934503,0.610013,0.863636,0.435924,0.473684,0.0,0.131313,0.0059844,1.0,0.0,0.3900972,1.0
adder_n10.qasm,small,Arithmetic,10,19,severity,gate_deletion_1q,0.6,0.841646,0.433978,1.0,0.683538,0.789474,0.0,0.188889,0.0049203,1.0,0.0,0.4178951,1.0
adder_n10.qasm,small,Arithmetic,10,19,severity,gate_deletion_2q,0.1,0.696726,0.594113,0.681818,0.17687,0.157895,1.0,0.101307,0.0074184,1.0,0.0,0.414007,1.0
adder_n10.qasm,small,Arithmetic,10,19,severity,gate_deletion_2q,0.3,0.696726,0.594113,0.681818,0.17687,0.157895,1.0,0.101307,0.0058506,1.0,0.0,0.4580823,1.0
adder_n10.qasm,small,Arithmetic,10,19,severity,gate_deletion_2q,0.6,0.696726,0.594113,0.681818,0.17687,0.157895,1.0,0.101307,0.0064059,1.0,0.0,0.3746797,1.0
adder_n10.qasm,small,Arithmetic,10,19,severity,gate_insertion,0.1,0.956229,0.629591,0.909091,0.397069,0.428571,0.0,0.093567,0.0078641,0.562777,0.437223,0.279436,0.506836
adder_n10.qasm,small,Arithmetic,10,19,severity,gate_insertion,0.3,0.842496,0.38693,1.0,0.905007,0.68,0.0,0.103175,0.0079955,1.0,0.0,0.5693246,1.0
adder_n10.qasm,small,Arithmetic,10,19,severity,gate_insertion,0.6,0.777303,0.335556,1.0,1.0,0.75,0.0,0.144444,0.0085943,1.0,0.0,0.4258995,1.0
adder_n10.qasm,small,Arithmetic,10,19,severity,gate_substitution,0.1,1.0,0.98747,0.0,0.005725,0.052632,0.0,0.0,0.0078946,0.564164,0.435836,0.4020228,0.508789
adder_n10.qasm,small,Arithmetic,10,19,severity,gate_substitution,0.3,1.0,0.97494,0.0,0.011451,0.105263,0.0,0.0,0.00735,0.733948,0.266052,0.3790738,0.741211
adder_n10.qasm,small,Arithmetic,10,19,severity,gate_substitution,0.6,1.0,0.962409,0.0,0.017176,0.157895,0.0,0.0,0.0070695,0.841259,0.158741,0.3244858,0.869141
adder_n10.qasm,small,Arithmetic,10,19,severity,gate_reorder,0.1,0.891971,0.720004,1.0,0.311268,0.105263,0.0,0.0,0.0066342,1.0,0.0,0.376313,1.0
adder_n10.qasm,small,Arithmetic,10,19,severity,gate_reorder,0.3,0.918429,0.656096,1.0,0.373561,0.315789,0.0,0.0,0.0066106,1.0,0.0,0.589705,1.0
adder_n10.qasm,small,Arithmetic,10,19,severity,gate_reorder,0.6,0.865512,0.589926,1.0,0.442316,0.526316,0.0,0.0,0.0060395,1.0,0.0,0.5924084,1.0
adder_n10.qasm,small,Arithmetic,10,19,severity,trojan_NOT,0.1,0.956229,0.622767,1.0,0.435368,0.333333,0.0,0.081871,0.0071028,1.0,0.0,0.4383358,1.0
adder_n10.qasm,small,Arithmetic,10,19,severity,trojan_NOT,0.3,0.842496,0.43002,1.0,0.878039,0.48,0.0,0.166667,0.007949,1.0,0.0,0.6470642,1.0
adder_n10.qasm,small,Arithmetic,10,19,severity,trojan_NOT,0.6,0.750405,0.366349,1.0,1.0,0.607143,0.0,0.122222,0.0112895,1.0,0.0,0.5055367,1.0
adder_n10.qasm,small,Arithmetic,10,19,severity,trojan_H,0.1,0.956229,0.801826,0.545455,0.199374,0.190476,0.0,0.084795,0.0079148,0.727895,0.272105,0.4601125,0.733398
adder_n10.qasm,small,Arithmetic,10,19,severity,trojan_H,0.3,0.842496,0.411439,1.0,0.848768,0.64,0.0,0.134921,0.0101981,0.968941,0.031059,0.6454395,0.983398
adder_n10.qasm,small,Arithmetic,10,19,severity,trojan_H,0.6,0.750405,0.31746,1.0,1.0,0.857143,0.0,0.111111,0.0112225,1.0,0.0,0.6405988,1.0
adder_n10.qasm,small,Arithmetic,10,19,severity,qubit_swap,0.1,0.95694,0.610484,0.636364,0.180991,0.095238,1.0,0.116667,0.009148,0.0,1.0,0.7315931,0.0
adder_n10.qasm,small,Arithmetic,10,19,severity,qubit_swap,0.3,0.790158,0.51527,0.636364,0.359993,0.24,1.0,0.152778,0.007739,1.0,0.0,1.0476989,1.0
adder_n10.qasm,small,Arithmetic,10,19,severity,qubit_swap,0.6,0.671798,0.392956,1.0,0.471372,0.321429,1.0,0.277778,0.01057,0.0,1.0,0.6468834,0.0
adder_n10_transpiled.qasm,small,Arithmetic,10,171,severity,gate_deletion_1q,0.1,0.963384,0.563677,0.756637,0.5704,0.602339,0.0,0.027194,0.0320601,1.0,0.0,0.2931145,1.0
adder_n10_transpiled.qasm,small,Arithmetic,10,171,severity,gate_deletion_1q,0.3,0.87979,0.521576,0.823009,0.630225,0.649123,0.0,0.045696,0.0267847,1.0,0.0,0.3252051,1.0
adder_n10_transpiled.qasm,small,Arithmetic,10,171,severity,gate_deletion_1q,0.6,0.759511,0.433686,0.964602,0.753177,0.754386,0.0,0.071344,0.0210996,1.0,0.0,0.3394835,1.0
adder_n10_transpiled.qasm,small,Arithmetic,10,171,severity,gate_deletion_2q,0.1,0.942774,0.581538,0.716814,0.529485,0.502924,0.107692,0.034967,0.0303255,1.0,0.0,0.3416781,1.0
adder_n10_transpiled.qasm,small,Arithmetic,10,171,severity,gate_deletion_2q,0.3,0.822261,0.452932,0.814159,0.659135,0.637427,0.307692,0.052231,0.0279989,1.0,0.0,0.3178454,1.0
adder_n10_transpiled.qasm,small,Arithmetic,10,171,severity,gate_deletion_2q,0.6,0.554276,0.364937,0.809735,0.717485,0.654971,0.6,0.11489,0.025012,1.0,0.0,0.3323222,1.0
adder_n10_transpiled.qasm,small,Arithmetic,10,171,severity,gate_insertion,0.1,0.956783,0.446346,0.99115,0.778091,0.634921,0.0,0.056653,0.033981,1.0,0.0,0.3520224,1.0
adder_n10_transpiled.qasm,small,Arithmetic,10,171,severity,gate_insertion,0.3,0.859867,0.341992,1.0,0.991425,0.757848,0.0,0.094397,0.0562768,1.0,0.0,0.6777442,1.0
adder_n10_transpiled.qasm,small,Arithmetic,10,171,severity,gate_insertion,0.6,0.773024,0.314868,1.0,1.0,0.828125,0.0,0.195074,0.0458551,0.997202,0.002798,0.3684823,0.999023
adder_n10_transpiled.qasm,small,Arithmetic,10,171,severity,gate_substitution,0.1,1.0,0.981819,0.0,0.015188,0.064327,0.0,0.0,0.0322813,0.994887,0.005113,0.33415,0.998047
adder_n10_transpiled.qasm,small,Arithmetic,10,171,severity,gate_substitution,0.3,1.0,0.947993,0.0,0.044999,0.181287,0.0,0.0,0.0320946,0.992752,0.007248,0.3509283,0.99707
adder_n10_transpiled.qasm,small,Arithmetic,10,171,severity,gate_substitution,0.6,1.0,0.898147,0.0,0.087165,0.356725,0.0,0.0,0.0350318,1.0,0.0,0.3323026,1.0
adder_n10_transpiled.qasm,small,Arithmetic,10,171,severity,gate_reorder,0.1,0.966827,0.63691,0.889381,0.592745,0.111111,0.0,0.0,0.0433346,1.0,0.0,0.6856106,1.0
adder_n10_transpiled.qasm,small,Arithmetic,10,171,severity,gate_reorder,0.3,0.915784,0.615288,0.929204,0.57062,0.22807,0.0,0.0,0.0431496,1.0,0.0,0.6763221,1.0
adder_n10_transpiled.qasm,small,Arithmetic,10,171,severity,gate_reorder,0.6,0.885169,0.546221,0.920354,0.638081,0.461988,0.0,0.0,0.0404983,1.0,0.0,0.6650147,1.0
adder_n10_transpiled.qasm,small,Arithmetic,10,171,severity,trojan_NOT,0.1,0.95168,0.430194,0.99115,0.792252,0.687831,0.0,0.062792,0.0425279,1.0,0.0,0.4786237,1.0
adder_n10_transpiled.qasm,small,Arithmetic,10,171,severity,trojan_NOT,0.3,0.862418,0.356212,1.0,0.948712,0.757848,0.0,0.101695,0.0525694,1.0,0.0,0.7640533,1.0
adder_n10_transpiled.qasm,small,Arithmetic,10,171,severity,trojan_NOT,0.6,0.770473,0.327042,1.0,1.0,0.789062,0.0,0.15146,0.0469196,1.0,0.0,0.3826885,1.0
adder_n10_transpiled.qasm,small,Arithmetic,10,171,severity,trojan_H,0.1,0.954232,0.467535,0.920354,0.739749,0.645503,0.0,0.063993,0.0344101,1.0,0.0,0.3608527,1.0
adder_n10_transpiled.qasm,small,Arithmetic,10,171,severity,trojan_H,0.3,0.867521,0.334749,1.0,1.0,0.766816,0.0,0.118879,0.0425016,1.0,0.0,0.3447779,1.0
adder_n10_transpiled.qasm,small,Arithmetic,10,171,severity,trojan_H,0.6,0.775576,0.315383,1.0,1.0,0.832031,0.0,0.182111,0.040268,1.0,0.0,0.7569892,1.0
adder_n10_transpiled.qasm,small,Arithmetic,10,171,severity,qubit_swap,0.1,0.941464,0.742921,0.402655,0.324427,0.095238,0.276923,0.086989,0.0386517,1.0,0.0,0.7316214,1.0
adder_n10_transpiled.qasm,small,Arithmetic,10,171,severity,qubit_swap,0.3,0.816467,0.554591,0.473451,0.420076,0.233184,0.8,0.207278,0.0534598,1.0,0.0,0.6679223,1.0
adder_n10_transpiled.qasm,small,Arithmetic,10,171,severity,qubit_swap,0.6,0.688796,0.272705,0.964602,0.847663,0.332031,1.0,0.195166,0.0653619,1.0,0.0,0.9499972,1.0
adder_n4.qasm,small,Arithmetic,4,27,severity,gate_deletion_1q,0.1,0.969155,0.601385,0.969697,0.47639,0.407407,0.0,0.049421,0.0065403,0.0,1.0,0.3031118,0.0
adder_n4.qasm,small,Arithmetic,4,27,severity,gate_deletion_1q,0.3,0.88344,0.41196,1.0,0.741853,0.851852,0.0,0.080209,0.0046594,1.0,0.0,0.3277736,1.0
adder_n4.qasm,small,Arithmetic,4,27,severity,gate_deletion_1q,0.6,0.758939,0.382132,1.0,0.813166,0.851852,0.0,0.128898,0.0038539,1.0,0.0,0.410094,1.0
adder_n4.qasm,small,Arithmetic,4,27,severity,gate_deletion_2q,0.1,0.932734,0.566238,1.0,0.505798,0.407407,0.1,0.05251,0.0073631,0.0,1.0,0.3486714,0.0
adder_n4.qasm,small,Arithmetic,4,27,severity,gate_deletion_2q,0.3,0.821988,0.449518,1.0,0.580634,0.62963,0.3,0.113339,0.0051745,0.730916,0.269084,0.4395269,0.737305
adder_n4.qasm,small,Arithmetic,4,27,severity,gate_deletion_2q,0.6,0.667351,0.363017,1.0,0.604856,0.740741,0.6,0.071351,0.0046233,0.738514,0.261486,0.4073239,0.74707
adder_n4.qasm,small,Arithmetic,4,27,severity,gate_insertion,0.1,0.906155,0.523622,1.0,0.618481,0.533333,0.0,0.032432,0.0050132,1.0,0.0,0.4593315,1.0
adder_n4.qasm,small,Arithmetic,4,27,severity,gate_insertion,0.3,0.813999,0.31982,1.0,1.0,0.833333,0.0,0.135135,0.0067078,1.0,0.0,0.4076187,1.0
adder_n4.qasm,small,Arithmetic,4,27,severity,gate_insertion,0.6,0.705005,0.346135,1.0,1.0,0.725,0.0,0.088649,0.0074068,1.0,0.0,0.3595418,1.0
adder_n4.qasm,small,Arithmetic,4,27,severity,gate_substitution,0.1,1.0,0.988484,0.0,0.01174,0.037037,0.0,0.0,0.0054938,0.0,1.0,0.3743029,0.0
adder_n4.qasm,small,Arithmetic,4,27,severity,gate_substitution,0.3,1.0,0.966559,0.0,0.032054,0.111111,0.0,0.0,0.0053274,0.56139,0.43861,0.2844741,0.504883
adder_n4.qasm,small,Arithmetic,4,27,severity,gate_substitution,0.6,1.0,0.934226,0.0,0.060942,0.222222,0.0,0.0,0.0053993,0.845797,0.154203,0.2743927,0.874023
adder_n4.qasm,small,Arithmetic,4,27,severity,gate_reorder,0.1,0.952117,0.623182,1.0,0.521066,0.222222,0.0,0.0,0.0054212,0.741573,0.258427,0.2819385,0.750977
adder_n4.qasm,small,Arithmetic,4,27,severity,gate_reorder,0.3,0.975725,0.569099,1.0,0.569771,0.407407,0.0,0.0,0.0054639,0.73016,0.26984,0.2893975,0.736328
adder_n4.qasm,small,Arithmetic,4,27,severity,gate_reorder,0.6,0.975503,0.480918,1.0,0.715896,0.592593,0.0,0.0,0.0053547,0.814909,0.185091,0.292182,0.839844
adder_n4.qasm,small,Arithmetic,4,27,severity,trojan_NOT,0.1,0.906155,0.556444,1.0,0.533327,0.5,0.0,0.068919,0.0060716,1.0,0.0,0.286946,1.0
adder_n4.qasm,small,Arithmetic,4,27,severity,trojan_NOT,0.3,0.790168,0.331753,1.0,1.0,0.777778,0.0,0.12691,0.0066483,1.0,0.0,0.2812421,1.0
adder_n4.qasm,small,Arithmetic,4,27,severity,trojan_NOT,0.6,0.705005,0.316892,1.0,1.0,0.875,0.0,0.081081,0.0073903,1.0,0.0,0.2963726,1.0
adder_n4.qasm,small,Arithmetic,4,27,severity,trojan_H,0.1,0.929986,0.487173,1.0,0.70872,0.533333,0.0,0.081081,0.0057893,0.53987,0.46013,0.273671,0.474609
adder_n4.qasm,small,Arithmetic,4,27,severity,trojan_H,0.3,0.790168,0.353631,1.0,0.975861,0.75,0.0,0.048179,0.0056263,1.0,0.0,0.2913893,1.0
adder_n4.qasm,small,Arithmetic,4,27,severity,trojan_H,0.6,0.657344,0.331892,1.0,1.0,0.8,0.0,0.081081,0.0073058,0.721882,0.278118,0.2912157,0.725586
adder_n4.qasm,small,Arithmetic,4,27,severity,qubit_swap,0.1,0.882546,0.834895,0.151515,0.154877,0.1,0.3,0.08171,0.0058023,1.0,0.0,0.2905933,1.0
adder_n4.qasm,small,Arithmetic,4,27,severity,qubit_swap,0.3,0.695067,0.51766,0.575758,0.440804,0.25,0.9,0.116953,0.0070538,1.0,0.0,0.2893074,1.0
adder_n4.qasm,small,Arithmetic,4,27,severity,qubit_swap,0.6,0.586374,0.412318,0.69697,0.604616,0.325,1.0,0.065208,0.0076157,1.0,0.0,0.2935232,1.0
adder_n4_transpiled.qasm,small,Arithmetic,4,31,severity,gate_deletion_1q,0.1,0.95971,0.416847,1.0,0.740713,0.83871,0.0,0.061617,0.0054762,1.0,0.0,0.2764482,1.0
adder_n4_transpiled.qasm,small,Arithmetic,4,31,severity,gate_deletion_1q,0.3,0.851323,0.418919,1.0,0.784742,0.741935,0.0,0.080344,0.0050146,1.0,0.0,0.2715355,1.0
adder_n4_transpiled.qasm,small,Arithmetic,4,31,severity,gate_deletion_1q,0.6,0.716243,0.406289,1.0,0.813436,0.709677,0.0,0.170732,0.0041485,1.0,0.0,0.2732346,1.0
adder_n4_transpiled.qasm,small,Arithmetic,4,31,severity,gate_deletion_2q,0.1,0.958904,0.726484,0.594595,0.286454,0.290323,0.1,0.060038,0.0059875,0.743106,0.256894,0.2705798,0.75293
adder_n4_transpiled.qasm,small,Arithmetic,4,31,severity,gate_deletion_2q,0.3,0.840179,0.593858,0.756757,0.429915,0.387097,0.3,0.047387,0.0055212,0.754698,0.245302,0.267998,0.767578
adder_n4_transpiled.qasm,small,Arithmetic,4,31,severity,gate_deletion_2q,0.6,0.680238,0.364937,1.0,0.623259,0.677419,0.6,0.114382,0.0050551,1.0,0.0,0.2787971,1.0
adder_n4_transpiled.qasm,small,Arithmetic,4,31,severity,gate_insertion,0.1,0.909871,0.430628,1.0,0.729913,0.8,0.0,0.039024,0.0067171,1.0,0.0,0.2852596,1.0
adder_n4_transpiled.qasm,small,Arithmetic,4,31,severity,gate_insertion,0.3,0.829562,0.327834,1.0,1.0,0.804878,0.0,0.111908,0.0075916,0.77123,0.22877,0.2753136,0.788086
adder_n4_transpiled.qasm,small,Arithmetic,4,31,severity,gate_insertion,0.6,0.689721,0.340414,1.0,1.0,0.73913,0.0,0.117596,0.0084268,1.0,0.0,0.2789087,1.0
adder_n4_transpiled.qasm,small,Arithmetic,4,31,severity,gate_substitution,0.1,1.0,0.979025,0.0,0.023063,0.064516,0.0,0.0,0.0062101,0.818343,0.181657,0.2775919,0.84375
adder_n4_transpiled.qasm,small,Arithmetic,4,31,severity,gate_substitution,0.3,1.0,0.93425,0.0,0.077258,0.193548,0.0,0.0,0.0061291,0.283123,0.716877,0.2731338,0.151367
adder_n4_transpiled.qasm,small,Arithmetic,4,31,severity,gate_substitution,0.6,1.0,0.888227,0.0,0.116586,0.354839,0.0,0.0,0.0059716,1.0,0.0,0.2750237,1.0
adder_n4_transpiled.qasm,small,Arithmetic,4,31,severity,gate_reorder,0.1,1.0,0.782489,0.702703,0.24657,0.129032,0.0,0.0,0.0061415,0.75159,0.24841,0.2731631,0.763672
adder_n4_transpiled.qasm,small,Arithmetic,4,31,severity,gate_reorder,0.3,1.0,0.60626,0.918919,0.546817,0.322581,0.0,0.0,0.0061108,1.0,0.0,0.2870681,1.0
adder_n4_transpiled.qasm,small,Arithmetic,4,31,severity,gate_reorder,0.6,0.98175,0.521434,1.0,0.625397,0.548387,0.0,0.0,0.0061462,1.0,0.0,0.2898998,1.0
adder_n4_transpiled.qasm,small,Arithmetic,4,31,severity,trojan_NOT,0.1,0.946371,0.410322,1.0,0.719128,0.885714,0.0,0.108401,0.0067785,1.0,0.0,0.2790535,1.0
adder_n4_transpiled.qasm,small,Arithmetic,4,31,severity,trojan_NOT,0.3,0.793062,0.350342,1.0,0.983241,0.756098,0.0,0.043042,0.0076397,1.0,0.0,0.2806958,1.0
adder_n4_transpiled.qasm,small,Arithmetic,4,31,severity,trojan_NOT,0.6,0.707971,0.341467,1.0,1.0,0.76087,0.0,0.063589,0.0086394,1.0,0.0,0.2804667,1.0
adder_n4_transpiled.qasm,small,Arithmetic,4,31,severity,trojan_H,0.1,0.909871,0.509738,1.0,0.611048,0.6,0.0,0.063957,0.006981,0.737752,0.262248,0.2744642,0.746094
adder_n4_transpiled.qasm,small,Arithmetic,4,31,severity,trojan_H,0.3,0.793062,0.346198,1.0,1.0,0.731707,0.0,0.074605,0.0077533,0.971972,0.028028,0.270304,0.985352
adder_n4_transpiled.qasm,small,Arithmetic,4,31,severity,trojan_H,0.6,0.762722,0.312324,1.0,1.0,0.869565,0.0,0.137631,0.0086346,0.992752,0.007248,0.2906704,0.99707
adder_n4_transpiled.qasm,small,Arithmetic,4,31,severity,qubit_swap,0.1,0.928363,0.794537,0.216216,0.164087,0.114286,0.4,0.127427,0.0070162,0.0,1.0,0.2800236,0.0
adder_n4_transpiled.qasm,small,Arithmetic,4,31,severity,qubit_swap,0.3,0.738187,0.523716,0.540541,0.397787,0.243902,1.0,0.071971,0.0079585,1.0,0.0,0.2894492,1.0
adder_n4_transpiled.qasm,small,Arithmetic,4,31,severity,qubit_swap,0.6,0.58051,0.414195,0.702703,0.594194,0.326087,1.0,0.07214,0.0092772,1.0,0.0,0.2952232,1.0
basis_change_n3.qasm,small,Other,3,36,severity,gate_deletion_1q,0.1,0.964262,0.601193,0.813953,0.501702,0.472222,0.0,0.066734,0.0065183,0.129629,0.870371,0.2852606,0.033203
basis_change_n3.qasm,small,Other,3,36,severity,gate_deletion_1q,0.3,0.876705,0.52283,0.837209,0.644217,0.611111,0.0,0.038902,0.0062108,0.880023,0.119977,0.2836576,0.90918
basis_change_n3.qasm,small,Other,3,36,severity,gate_deletion_1q,0.6,0.75339,0.47066,0.860465,0.717819,0.694444,0.0,0.101449,0.0048377,1.0,0.0,0.2934128,1.0
basis_change_n3.qasm,small,Other,3,36,severity,gate_deletion_2q,0.1,0.974155,0.645037,0.837209,0.447471,0.25,0.1,0.027668,0.0073013,0.745411,0.254589,0.3273819,0.755859
basis_change_n3.qasm,small,Other,3,36,severity,gate_deletion_2q,0.3,0.922449,0.497065,1.0,0.578641,0.444444,0.3,0.015217,0.0068024,0.960268,0.039732,0.3073968,0.977539
basis_change_n3.qasm,small,Other,3,36,severity,gate_deletion_2q,0.6,0.84484,0.479492,0.837209,0.536449,0.416667,0.6,0.038363,0.006479,0.718889,0.281111,0.2970867,0.72168
basis_change_n3.qasm,small,Other,3,36,severity,gate_insertion,0.1,0.896804,0.470021,1.0,0.704661,0.625,0.0,0.083478,0.0080126,0.637992,0.362008,0.2970519,0.612305
basis_change_n3.qasm,small,Other,3,36,severity,gate_insertion,0.3,0.75782,0.383463,1.0,0.944249,0.638298,0.0,0.083905,0.0320207,0.827908,0.172092,0.4628618,0.854492
basis_change_n3.qasm,small,Other,3,36,severity,gate_insertion,0.6,0.674282,0.358514,1.0,1.0,0.666667,0.0,0.081522,0.0120099,0.979956,0.020044,0.3807025,0.990234
basis_change_n3.qasm,small,Other,3,36,severity,gate_substitution,0.1,1.0,1.0,0.0,0.0,0.0,0.0,0.0,0.031805,0.0,1.0,0.351064,0.0
basis_change_n3.qasm,small,Other,3,36,severity,gate_substitution,0.3,1.0,1.0,0.0,0.0,0.0,0.0,0.0,0.0077218,0.0,1.0,0.3526659,0.0
basis_change_n3.qasm,small,Other,3,36,severity,gate_substitution,0.6,1.0,1.0,0.0,0.0,0.0,0.0,0.0,0.0072213,0.0,1.0,0.2795889,0.0
basis_change_n3.qasm,small,Other,3,36,severity,gate_reorder,0.1,0.986154,0.726059,0.883721,0.372206,0.055556,0.0,0.0,0.0069052,0.958874,0.041126,0.2795876,0.976562
basis_change_n3.qasm,small,Other,3,36,severity,gate_reorder,0.3,0.972171,0.574811,1.0,0.659269,0.222222,0.0,0.0,0.007157,0.946854,0.053146,0.2763119,0.967773
basis_change_n3.qasm,small,Other,3,36,severity,gate_reorder,0.6,0.972033,0.543675,1.0,0.668866,0.361111,0.0,0.0,0.0070285,0.956125,0.043875,0.2850596,0.974609
basis_change_n3.qasm,small,Other,3,36,severity,trojan_NOT,0.1,0.938341,0.546791,0.930233,0.588634,0.5,0.0,0.076522,0.0079822,1.0,0.0,0.2788875,1.0
basis_change_n3.qasm,small,Other,3,36,severity,trojan_NOT,0.3,0.827049,0.397313,1.0,0.905984,0.638298,0.0,0.079329,0.0100908,1.0,0.0,0.303591,1.0
basis_change_n3.qasm,small,Other,3,36,severity,trojan_NOT,0.6,0.688128,0.347066,1.0,1.0,0.685185,0.0,0.158967,0.0117737,1.0,0.0,0.3401129,1.0
basis_change_n3.qasm,small,Other,3,36,severity,trojan_H,0.1,0.910649,0.513256,0.976744,0.6311,0.575,0.0,0.043478,0.0079195,0.899482,0.100518,0.3208776,0.927734
basis_change_n3.qasm,small,Other,3,36,severity,trojan_H,0.3,0.827049,0.348133,1.0,1.0,0.702128,0.0,0.114416,0.0086788,0.975088,0.024912,0.309851,0.987305
basis_change_n3.qasm,small,Other,3,36,severity,trojan_H,0.6,0.701974,0.344278,1.0,1.0,0.722222,0.0,0.112772,0.0118093,0.983361,0.016639,0.3505953,0.992188
basis_change_n3.qasm,small,Other,3,36,severity,qubit_swap,0.1,0.896666,0.798117,0.232558,0.182685,0.1,0.4,0.030596,0.0084622,0.0,1.0,0.3116014,0.0
basis_change_n3.qasm,small,Other,3,36,severity,qubit_swap,0.3,0.716383,0.537848,0.418605,0.40627,0.234043,1.0,0.103581,0.0097192,0.0,1.0,0.3083351,0.0
basis_change_n3.qasm,small,Other,3,36,severity,qubit_swap,0.6,0.536009,0.386272,0.674419,0.687114,0.333333,1.0,0.054083,0.0101348,0.0,1.0,0.2903986,0.0
basis_change_n3_transpiled.qasm,small,Other,3,88,severity,gate_deletion_1q,0.1,0.937107,0.569526,0.736842,0.641438,0.454545,0.0,0.045351,0.0139375,0.873126,0.126874,0.2634386,0.902344
basis_change_n3_transpiled.qasm,small,Other,3,88,severity,gate_deletion_1q,0.3,0.823071,0.440754,0.863158,0.794435,0.704545,0.0,0.108108,0.0118366,0.854084,0.145916,0.2730767,0.882812
basis_change_n3_transpiled.qasm,small,Other,3,88,severity,gate_deletion_1q,0.6,0.671685,0.355984,0.947368,0.906402,0.863636,0.0,0.119426,0.0088051,0.811496,0.188504,0.2749122,0.835938
basis_change_n3_transpiled.qasm,small,Other,3,88,severity,gate_deletion_2q,0.1,0.957189,0.588645,0.568421,0.507874,0.636364,0.1,0.010629,0.015158,0.764888,0.235112,0.2770399,0.780273
basis_change_n3_transpiled.qasm,small,Other,3,88,severity,gate_deletion_2q,0.3,0.883424,0.592331,0.631579,0.544424,0.306818,0.3,0.010204,0.0147337,0.753143,0.246857,0.2820496,0.765625
basis_change_n3_transpiled.qasm,small,Other,3,88,severity,gate_deletion_2q,0.6,0.76684,0.424824,0.568421,0.67337,0.670455,0.6,0.001424,0.014402,0.992752,0.007248,0.2754144,0.99707
basis_change_n3_transpiled.qasm,small,Other,3,88,severity,gate_insertion,0.1,0.932189,0.436429,0.789474,0.839694,0.742268,0.0,0.028037,0.0172447,0.971972,0.028028,0.2756174,0.985352
basis_change_n3_transpiled.qasm,small,Other,3,88,severity,gate_insertion,0.3,0.808444,0.319943,0.936842,1.0,0.895652,0.0,0.104,0.0205281,0.729404,0.270596,0.2885412,0.735352
basis_change_n3_transpiled.qasm,small,Other,3,88,severity,gate_insertion,0.6,0.683683,0.31178,1.0,1.0,0.863636,0.0,0.15493,0.0229998,0.89321,0.10679,0.2872354,0.921875
basis_change_n3_transpiled.qasm,small,Other,3,88,severity,gate_substitution,0.1,1.0,0.965711,0.0,0.046021,0.090909,0.0,0.0,0.0155415,0.835873,0.164127,0.2632979,0.863281
basis_change_n3_transpiled.qasm,small,Other,3,88,severity,gate_substitution,0.3,1.0,0.896652,0.0,0.145929,0.261364,0.0,0.0,0.0152479,0.817482,0.182518,0.2738816,0.842773
basis_change_n3_transpiled.qasm,small,Other,3,88,severity,gate_substitution,0.6,1.0,0.804125,0.0,0.267434,0.511364,0.0,0.0,0.0152443,0.769639,0.230361,0.2782843,0.786133
basis_change_n3_transpiled.qasm,small,Other,3,88,severity,gate_reorder,0.1,0.988142,0.649591,0.652632,0.630559,0.159091,0.0,0.0,0.0152823,0.798882,0.201118,0.2842063,0.821289
basis_change_n3_transpiled.qasm,small,Other,3,88,severity,gate_reorder,0.3,0.994071,0.598893,0.631579,0.641578,0.409091,0.0,0.0,0.0155689,0.816623,0.183377,0.2895056,0.841797
basis_change_n3_transpiled.qasm,small,Other,3,88,severity,gate_reorder,0.6,0.994048,0.618846,0.621053,0.608559,0.375,0.0,0.0,0.0154232,1.0,0.0,0.2632453,1.0
basis_change_n3_transpiled.qasm,small,Other,3,88,severity,trojan_NOT,0.1,0.938118,0.440214,0.768421,0.808998,0.783505,0.0,0.046729,0.0191469,1.0,0.0,0.3241607,1.0
basis_change_n3_transpiled.qasm,small,Other,3,88,severity,trojan_NOT,0.3,0.796586,0.368639,0.936842,1.0,0.652174,0.0,0.104,0.0223872,1.0,0.0,0.3227427,1.0
basis_change_n3_transpiled.qasm,small,Other,3,88,severity,trojan_NOT,0.6,0.665896,0.329833,0.968421,1.0,0.818182,0.0,0.112676,0.027477,1.0,0.0,0.5349825,1.0
basis_change_n3_transpiled.qasm,small,Other,3,88,severity,trojan_H,0.1,0.938118,0.471591,0.789474,0.778887,0.670103,0.0,0.033569,0.0208502,0.789803,0.210197,0.5994947,0.810547
basis_change_n3_transpiled.qasm,small,Other,3,88,severity,trojan_H,0.3,0.820302,0.342552,0.936842,1.0,0.782609,0.0,0.104,0.0247658,0.975088,0.024912,0.3379245,0.987305
basis_change_n3_transpiled.qasm,small,Other,3,88,severity,trojan_H,0.6,0.671825,0.33679,1.0,1.0,0.787879,0.0,0.056338,0.0257755,0.943025,0.056975,0.330566,0.964844
basis_change_n3_transpiled.qasm,small,Other,3,88,severity,qubit_swap,0.1,0.902495,0.724306,0.147368,0.132604,0.092784,0.9,0.086207,0.0204038,0.0,1.0,0.3138277,0.0
basis_change_n3_transpiled.qasm,small,Other,3,88,severity,qubit_swap,0.3,0.707525,0.533955,0.463158,0.393636,0.234783,1.0,0.118421,0.022001,0.0,1.0,0.3071758,0.0
basis_change_n3_transpiled.qasm,small,Other,3,88,severity,qubit_swap,0.6,0.523366,0.386706,0.757895,0.634829,0.333333,1.0,0.107527,0.0240892,0.0,1.0,0.2984305,0.0
basis_test_n4.qasm,small,Other,4,102,severity,gate_deletion_1q,0.1,0.960513,0.51967,0.787879,0.632292,0.686275,0.0,0.03591,0.0154479,0.56347,0.43653,0.2664708,0.507812
basis_test_n4.qasm,small,Other,4,102,severity,gate_deletion_1q,0.3,0.876305,0.431001,0.810606,0.817001,0.794118,0.0,0.026343,0.0144457,0.707747,0.292253,0.3148879,0.707031
basis_test_n4.qasm,small,Other,4,102,severity,gate_deletion_1q,0.6,0.735945,0.388157,0.886364,0.890073,0.803922,0.0,0.065789,0.0138203,0.882019,0.117981,0.356393,0.911133
basis_test_n4.qasm,small,Other,4,102,severity,gate_deletion_2q,0.1,0.953382,0.764281,0.409091,0.266717,0.27451,0.117647,0.025735,0.0189662,0.0,1.0,0.3179523,0.0
basis_test_n4.qasm,small,Other,4,102,severity,gate_deletion_2q,0.3,0.825152,0.421975,0.772727,0.722809,0.696078,0.323529,0.052116,0.0172312,0.0,1.0,0.2750921,0.0
basis_test_n4.qasm,small,Other,4,102,severity,gate_deletion_2q,0.6,0.65896,0.388374,0.727273,0.695543,0.656863,0.617647,0.041927,0.0150208,0.0,1.0,0.2685791,0.0
basis_test_n4.qasm,small,Other,4,102,severity,gate_insertion,0.1,0.933454,0.599439,0.75,0.574953,0.40708,0.0,0.054122,0.0203494,1.0,0.0,0.2697148,1.0
basis_test_n4.qasm,small,Other,4,102,severity,gate_insertion,0.3,0.819152,0.336158,0.992424,1.0,0.774436,0.0,0.100916,0.0230063,0.870209,0.129791,0.2726346,0.899414
basis_test_n4.qasm,small,Other,4,102,severity,gate_insertion,0.6,0.715343,0.318865,1.0,1.0,0.856209,0.0,0.09893,0.0271587,0.956125,0.043875,0.2861387,0.974609
basis_test_n4.qasm,small,Other,4,102,severity,gate_substitution,0.1,1.0,0.976667,0.0,0.027451,0.068627,0.0,0.0,0.0189511,0.730916,0.269084,0.2639679,0.737305
basis_test_n4.qasm,small,Other,4,102,severity,gate_substitution,0.3,1.0,0.936253,0.0,0.070089,0.196078,0.0,0.0,0.0187639,0.812347,0.187653,0.279817,0.836914
basis_test_n4.qasm,small,Other,4,102,severity,gate_substitution,0.6,1.0,0.873583,0.0,0.142704,0.382353,0.0,0.0,0.018382,0.862539,0.137461,0.2741218,0.891602
basis_test_n4.qasm,small,Other,4,102,severity,gate_reorder,0.1,0.952892,0.712092,0.681818,0.451956,0.137255,0.0,0.0,0.0194992,0.871179,0.128821,0.3080883,0.900391
basis_test_n4.qasm,small,Other,4,102,severity,gate_reorder,0.3,0.984275,0.565543,0.833333,0.676881,0.362745,0.0,0.0,0.0199034,0.994887,0.005113,0.3131415,0.998047
basis_test_n4.qasm,small,Other,4,102,severity,gate_reorder,0.6,0.99467,0.541618,0.818182,0.662094,0.519608,0.0,0.0,0.0206825,0.994887,0.005113,0.3105197,0.998047
basis_test_n4.qasm,small,Other,4,102,severity,trojan_NOT,0.1,0.938684,0.500454,0.780303,0.685586,0.681416,0.0,0.062625,0.0214382,1.0,0.0,0.2811378,1.0
basis_test_n4.qasm,small,Other,4,102,severity,trojan_NOT,0.3,0.813922,0.331497,0.977273,1.0,0.827068,0.0,0.064988,0.0234432,1.0,0.0,0.2790986,1.0
basis_test_n4.qasm,small,Other,4,102,severity,trojan_NOT,0.6,0.673499,0.336215,1.0,1.0,0.79085,0.0,0.05615,0.0261848,1.0,0.0,0.2907162,1.0
basis_test_n4.qasm,small,Other,4,102,severity,trojan_H,0.1,0.928223,0.527475,0.734848,0.673321,0.619469,0.0,0.027411,0.0203014,0.80726,0.19274,0.2682389,0.831055
basis_test_n4.qasm,small,Other,4,102,severity,trojan_H,0.3,0.803461,0.33221,0.992424,1.0,0.796992,0.0,0.09528,0.0283246,0.857821,0.142179,0.4385216,0.886719
basis_test_n4.qasm,small,Other,4,102,severity,trojan_H,0.6,0.725804,0.32243,1.0,1.0,0.816993,0.0,0.141711,0.0284568,0.997202,0.002798,0.2999935,0.999023
basis_test_n4.qasm,small,Other,4,102,severity,qubit_swap,0.1,0.907289,0.83688,0.166667,0.146151,0.097345,0.323529,0.027923,0.021494,0.0,1.0,0.2806369,0.0
basis_test_n4.qasm,small,Other,4,102,severity,qubit_swap,0.3,0.745914,0.557729,0.416667,0.405313,0.233083,0.911765,0.089424,0.0248049,0.0,1.0,0.2894,0.0
basis_test_n4.qasm,small,Other,4,102,severity,qubit_swap,0.6,0.563614,0.381119,0.719697,0.667874,0.333333,1.0,0.105042,0.0304293,0.0,1.0,0.2833182,0.0
basis_test_n4_transpiled.qasm,small,Other,4,117,severity,gate_deletion_1q,0.1,0.951445,0.588933,0.666667,0.563161,0.564103,0.0,0.011399,0.0222207,0.811496,0.188504,0.252918,0.835938
basis_test_n4_transpiled.qasm,small,Other,4,117,severity,gate_deletion_1q,0.3,0.881707,0.471032,0.768707,0.773918,0.700855,0.0,0.026193,0.0179812,0.902668,0.097332,0.275846,0.930664
basis_test_n4_transpiled.qasm,small,Other,4,117,severity,gate_deletion_1q,0.6,0.766921,0.456699,0.755102,0.801262,0.726496,0.0,0.042945,0.0147565,0.842163,0.157837,0.2635129,0.870117
basis_test_n4_transpiled.qasm,small,Other,4,117,severity,gate_deletion_2q,0.1,0.939495,0.606871,0.687075,0.483274,0.478632,0.108696,0.034564,0.0198289,0.0,1.0,0.2799065,0.0
basis_test_n4_transpiled.qasm,small,Other,4,117,severity,gate_deletion_2q,0.3,0.820034,0.471368,0.721088,0.658375,0.632479,0.304348,0.026721,0.019494,0.0,1.0,0.271173,0.0
basis_test_n4_transpiled.qasm,small,Other,4,117,severity,gate_deletion_2q,0.6,0.664382,0.35788,0.714286,0.784434,0.641026,0.608696,0.104811,0.0166996,0.0,1.0,0.2660083,0.0
basis_test_n4_transpiled.qasm,small,Other,4,117,severity,gate_insertion,0.1,0.937319,0.549253,0.707483,0.594956,0.666667,0.0,0.03057,0.0238541,0.992752,0.007248,0.2727301,0.99707
basis_test_n4_transpiled.qasm,small,Other,4,117,severity,gate_insertion,0.3,0.811989,0.34117,1.0,1.0,0.784314,0.0,0.019669,0.0271182,0.997202,0.002798,0.2686773,0.999023
basis_test_n4_transpiled.qasm,small,Other,4,117,severity,gate_insertion,0.6,0.710035,0.325285,1.0,1.0,0.822857,0.0,0.101435,0.030577,0.994887,0.005113,0.2613211,0.998047
basis_test_n4_transpiled.qasm,small,Other,4,117,severity,gate_substitution,0.1,1.0,0.979825,0.0,0.023453,0.059829,0.0,0.0,0.0219008,0.671373,0.328627,0.2643902,0.658203
basis_test_n4_transpiled.qasm,small,Other,4,117,severity,gate_substitution,0.3,1.0,0.939471,0.0,0.070375,0.179487,0.0,0.0,0.0246433,1.0,0.0,0.2806958,1.0
basis_test_n4_transpiled.qasm,small,Other,4,117,severity,gate_substitution,0.6,1.0,0.883,0.0,0.134041,0.350427,0.0,0.0,0.0210556,0.716651,0.283349,0.2728684,0.71875
basis_test_n4_transpiled.qasm,small,Other,4,117,severity,gate_reorder,0.1,0.963327,0.774092,0.578231,0.329261,0.119658,0.0,0.0,0.0211668,0.764888,0.235112,0.275098,0.780273
basis_test_n4_transpiled.qasm,small,Other,4,117,severity,gate_reorder,0.3,0.983705,0.688431,0.673469,0.440395,0.282051,0.0,0.0,0.0215829,0.877051,0.122949,0.2641191,0.90625
basis_test_n4_transpiled.qasm,small,Other,4,117,severity,gate_reorder,0.6,0.971469,0.588409,0.809524,0.609255,0.384615,0.0,0.0,0.0220775,0.968941,0.031059,0.2894076,0.983398
basis_test_n4_transpiled.qasm,small,Other,4,117,severity,trojan_NOT,0.1,0.929188,0.493375,0.782313,0.717368,0.666667,0.0,0.048659,0.0232583,1.0,0.0,0.2721862,1.0
basis_test_n4_transpiled.qasm,small,Other,4,117,severity,trojan_NOT,0.3,0.799804,0.346331,0.986395,1.0,0.738562,0.0,0.07997,0.0267942,1.0,0.0,0.2600116,1.0
basis_test_n4_transpiled.qasm,small,Other,4,117,severity,trojan_NOT,0.6,0.710043,0.324856,1.0,1.0,0.811429,0.0,0.128585,0.0296806,1.0,0.0,0.2742272,1.0
basis_test_n4_transpiled.qasm,small,Other,4,117,severity,trojan_H,0.1,0.933259,0.495263,0.782313,0.728008,0.643411,0.0,0.039053,0.0235043,0.918025,0.081975,0.2798421,0.944336
basis_test_n4_transpiled.qasm,small,Other,4,117,severity,trojan_H,0.3,0.811998,0.360605,0.959184,1.0,0.705882,0.0,0.043407,0.0300901,0.988799,0.011201,0.2934288,0.995117
basis_test_n4_transpiled.qasm,small,Other,4,117,severity,trojan_H,0.6,0.705972,0.319762,1.0,1.0,0.868571,0.0,0.065236,0.0311479,0.926056,0.073944,0.2790135,0.951172
basis_test_n4_transpiled.qasm,small,Other,4,117,severity,qubit_swap,0.1,0.912892,0.85803,0.14966,0.130697,0.093023,0.26087,0.029986,0.0239764,0.0,1.0,0.2786296,0.0
basis_test_n4_transpiled.qasm,small,Other,4,117,severity,qubit_swap,0.3,0.759027,0.581933,0.435374,0.385101,0.235294,0.782609,0.14395,0.0289358,0.0,1.0,0.2794186,0.0
basis_test_n4_transpiled.qasm,small,Other,4,117,severity,qubit_swap,0.6,0.587852,0.384346,0.70068,0.647893,0.331429,1.0,0.175034,0.0315855,0.0,1.0,0.2767227,0.0
basis_trotter_n4.qasm,small,Simulation,4,1510,severity,gate_deletion_1q,0.1,0.960004,0.467472,0.823171,0.707671,0.803311,0.0,0.007048,0.1914195,0.886045,0.113955,0.2966662,0.915039
basis_trotter_n4.qasm,small,Simulation,4,1510,severity,gate_deletion_1q,0.3,0.871603,0.433353,0.855691,0.760904,0.853642,0.0,0.012481,0.1723559,0.836766,0.163234,0.2500404,0.864258
basis_trotter_n4.qasm,small,Simulation,4,1510,severity,gate_deletion_1q,0.6,0.730323,0.408226,0.862297,0.820692,0.869536,0.0,0.012799,0.1529313,0.963097,0.036903,0.2459317,0.979492
basis_trotter_n4.qasm,small,Simulation,4,1510,severity,gate_deletion_2q,0.1,0.950304,0.480319,0.772358,0.6589,0.761589,0.101732,0.005477,0.1912623,0.986933,0.013067,0.2482941,0.994141
basis_trotter_n4.qasm,small,Simulation,4,1510,severity,gate_deletion_2q,0.3,0.847822,0.425509,0.765244,0.688559,0.790066,0.300866,0.005222,0.1892173,0.957493,0.042507,0.2458029,0.975586
basis_trotter_n4.qasm,small,Simulation,4,1510,severity,gate_deletion_2q,0.6,0.67176,0.340358,0.746951,0.753628,0.812583,0.601732,0.009669,0.1716836,0.64222,0.35778,0.2511408,0.618164
basis_trotter_n4.qasm,small,Simulation,4,1510,severity,gate_insertion,0.1,0.934534,0.412352,0.868394,0.814058,0.844672,0.0,0.035343,0.2093031,0.884026,0.115974,0.2559247,0.913086
basis_trotter_n4.qasm,small,Simulation,4,1510,severity,gate_insertion,0.3,0.814575,0.314947,1.0,1.0,0.887927,0.0,0.074679,0.2399933,1.0,0.0,0.4370298,1.0
basis_trotter_n4.qasm,small,Simulation,4,1510,severity,gate_insertion,0.6,0.688035,0.311961,1.0,1.0,0.881678,0.0,0.117038,0.2752465,0.934372,0.065628,0.4884337,0.958008
basis_trotter_n4.qasm,small,Simulation,4,1510,severity,gate_substitution,0.1,1.0,0.981131,0.0,0.022503,0.054967,0.0,0.0,0.1925904,0.892177,0.107823,0.2595587,0.920898
basis_trotter_n4.qasm,small,Simulation,4,1510,severity,gate_substitution,0.3,1.0,0.943731,0.0,0.066539,0.164901,0.0,0.0,0.1959103,0.913548,0.086452,0.2512757,0.94043
basis_trotter_n4.qasm,small,Simulation,4,1510,severity,gate_substitution,0.6,1.0,0.88714,0.0,0.134377,0.329139,0.0,0.0,0.1963408,0.968941,0.031059,0.2508695,0.983398
basis_trotter_n4.qasm,small,Simulation,4,1510,severity,gate_reorder,0.1,0.979155,0.691623,0.697663,0.50223,0.139735,0.0,0.0,0.203411,0.965986,0.034014,0.4134038,0.981445
basis_trotter_n4.qasm,small,Simulation,4,1510,severity,gate_reorder,0.3,0.975862,0.596261,0.793191,0.604709,0.365563,0.0,0.0,0.3672187,0.961675,0.038325,0.4108657,0.978516
basis_trotter_n4.qasm,small,Simulation,4,1510,severity,gate_reorder,0.6,0.979518,0.542742,0.800305,0.650501,0.547682,0.0,0.0,0.1944742,0.970446,0.029554,0.3929264,0.984375
basis_trotter_n4.qasm,small,Simulation,4,1510,severity,trojan_NOT,0.1,0.934534,0.431894,0.877541,0.779581,0.803733,0.0,0.028748,0.218777,1.0,0.0,0.2560056,1.0
basis_trotter_n4.qasm,small,Simulation,4,1510,severity,trojan_NOT,0.3,0.806896,0.314214,1.0,1.0,0.892002,0.0,0.073855,0.242809,1.0,0.0,0.2605967,1.0
basis_trotter_n4.qasm,small,Simulation,4,1510,severity,trojan_NOT,0.6,0.689498,0.308571,1.0,1.0,0.90596,0.0,0.10237,0.2969568,1.0,0.0,0.5211053,1.0
basis_trotter_n4.qasm,small,Simulation,4,1510,severity,trojan_H,0.1,0.935266,0.416177,0.89685,0.810438,0.813365,0.0,0.02969,0.2120743,0.837662,0.162338,0.2578125,0.865234
basis_trotter_n4.qasm,small,Simulation,4,1510,severity,trojan_H,0.3,0.80909,0.318969,1.0,1.0,0.871116,0.0,0.068081,0.263996,0.976683,0.023317,0.4658617,0.988281
basis_trotter_n4.qasm,small,Simulation,4,1510,severity,trojan_H,0.6,0.69608,0.309787,1.0,1.0,0.88521,0.0,0.131706,0.3000331,0.934372,0.065628,0.5190647,0.958008
basis_trotter_n4.qasm,small,Simulation,4,1510,severity,qubit_swap,0.1,0.911497,0.847966,0.134146,0.123848,0.090909,0.32684,0.05016,0.2272731,0.0,1.0,0.4041354,0.0
basis_trotter_n4.qasm,small,Simulation,4,1510,severity,qubit_swap,0.3,0.727178,0.556066,0.410569,0.366289,0.230769,0.980519,0.1189,0.2677044,0.0,1.0,0.4051099,0.0
basis_trotter_n4.qasm,small,Simulation,4,1510,severity,qubit_swap,0.6,0.55493,0.395656,0.682927,0.621866,0.333333,1.0,0.175854,0.3105499,0.0,1.0,0.4154384,0.0
bb84_n8.qasm,small,Communication,8,43,severity,gate_deletion_1q,0.1,0.907627,0.592043,0.906977,0.464594,0.488372,0.0,0.116279,0.0070651,0.564835,0.435165,0.2780223,0.500977
bb84_n8.qasm,small,Communication,8,43,severity,gate_deletion_1q,0.3,0.859225,0.414157,1.0,0.659663,0.930233,0.0,0.189147,0.0058652,1.0,0.0,0.3017695,1.0
bb84_n8.qasm,small,Communication,8,43,severity,gate_deletion_1q,0.6,0.696154,0.36559,1.0,0.805955,0.883721,0.0,0.255814,0.004553,1.0,0.0,0.2868263,1.0
bb84_n8.qasm,small,Communication,8,43,severity,gate_deletion_2q,0.1,1.0,1.0,0.0,0.0,0.0,0.0,0.0,0.0077532,0.09348,0.90652,0.291049,0.092773
bb84_n8.qasm,small,Communication,8,43,severity,gate_deletion_2q,0.3,1.0,1.0,0.0,0.0,0.0,0.0,0.0,0.0078535,0.079992,0.920008,0.2881066,0.075195
bb84_n8.qasm,small,Communication,8,43,severity,gate_deletion_2q,0.6,1.0,1.0,0.0,0.0,0.0,0.0,0.0,0.0075651,0.096029,0.903971,0.2852733,0.094727
bb84_n8.qasm,small,Communication,8,43,severity,gate_insertion,0.1,0.907451,0.552796,1.0,0.609951,0.375,0.0,0.087209,0.0085909,0.861291,0.138709,0.2903436,0.759766
bb84_n8.qasm,small,Communication,8,43,severity,gate_insertion,0.3,0.820598,0.356977,1.0,1.0,0.642857,0.0,0.144518,0.0096231,1.0,0.0,0.2839304,1.0
bb84_n8.qasm,small,Communication,8,43,severity,gate_insertion,0.6,0.580922,0.311773,1.0,1.0,0.875,0.0,0.132267,0.0110047,0.840396,0.159604,0.2845359,0.863281
bb84_n8.qasm,small,Communication,8,43,severity,gate_substitution,0.1,1.0,0.98139,0.0,0.013303,0.069767,0.0,0.0,0.0080986,0.568122,0.431878,0.2722607,0.50293
bb84_n8.qasm,small,Communication,8,43,severity,gate_substitution,0.3,1.0,0.944171,0.0,0.039909,0.209302,0.0,0.0,0.0077523,0.912227,0.087773,0.2860246,0.867188
bb84_n8.qasm,small,Communication,8,43,severity,gate_substitution,0.6,1.0,0.894546,0.0,0.075383,0.395349,0.0,0.0,0.0076088,0.915874,0.084126,0.2869285,0.882812
bb84_n8.qasm,small,Communication,8,43,severity,gate_reorder,0.1,0.999767,0.807435,0.651163,0.191383,0.139535,0.0,0.0,0.0075043,1.0,0.0,0.2888448,1.0
bb84_n8.qasm,small,Communication,8,43,severity,gate_reorder,0.3,0.99965,0.650395,0.906977,0.463988,0.255814,0.0,0.0,0.0076814,0.796981,0.203019,0.2869973,0.71875
bb84_n8.qasm,small,Communication,8,43,severity,gate_reorder,0.6,0.999767,0.725223,0.790698,0.193716,0.44186,0.0,0.0,0.0076907,0.936296,0.063704,0.2845959,0.884766
bb84_n8.qasm,small,Communication,8,43,severity,trojan_NOT,0.1,0.86923,0.49206,1.0,0.69738,0.520833,0.0,0.096899,0.0084631,1.0,0.0,0.2833875,1.0
bb84_n8.qasm,small,Communication,8,43,severity,trojan_NOT,0.3,0.782378,0.323671,1.0,1.0,0.821429,0.0,0.120432,0.0095851,1.0,0.0,0.2862283,1.0
bb84_n8.qasm,small,Communication,8,43,severity,trojan_NOT,0.6,0.657364,0.313372,1.0,1.0,0.84375,0.0,0.178779,0.0110841,1.0,0.0,0.2885116,1.0
bb84_n8.qasm,small,Communication,8,43,severity,trojan_H,0.1,0.907451,0.487322,1.0,0.682956,0.5625,0.0,0.111434,0.0086,0.890137,0.109863,0.2806135,0.888672
bb84_n8.qasm,small,Communication,8,43,severity,trojan_H,0.3,0.744157,0.342276,1.0,1.0,0.732143,0.0,0.112957,0.0093709,0.921149,0.078851,0.2847293,0.928711
bb84_n8.qasm,small,Communication,8,43,severity,trojan_H,0.6,0.580922,0.327616,1.0,1.0,0.78125,0.0,0.161337,0.0108288,0.952209,0.047791,0.2870208,0.928711
bb84_n8.qasm,small,Communication,8,43,severity,qubit_swap,0.1,0.869097,0.499776,0.744186,0.443215,0.104167,1.0,0.126371,0.0085118,0.969812,0.030188,0.2799518,0.943359
bb84_n8.qasm,small,Communication,8,43,severity,qubit_swap,0.3,0.552756,0.443879,0.744186,0.53027,0.232143,1.0,0.124705,0.0100347,0.986438,0.013562,0.2831765,0.976562
bb84_n8.qasm,small,Communication,8,43,severity,qubit_swap,0.6,0.312957,0.225355,1.0,0.968864,0.328125,1.0,0.199179,0.0114399,0.986848,0.013152,0.2854084,0.976562
bb84_n8_transpiled.qasm,small,Communication,8,39,severity,gate_deletion_1q,0.1,0.918755,0.607016,0.648649,0.384745,0.74359,0.0,0.123077,0.006534,1.0,0.0,0.2792416,1.0
bb84_n8_transpiled.qasm,small,Communication,8,39,severity,gate_deletion_1q,0.3,0.82428,0.449032,1.0,0.640942,0.769231,0.0,0.22792,0.0054246,1.0,0.0,0.2845522,1.0
bb84_n8_transpiled.qasm,small,Communication,8,39,severity,gate_deletion_1q,0.6,0.673684,0.346617,0.945946,0.887044,0.820513,0.0,0.369231,0.0043145,1.0,0.0,0.2938443,1.0
bb84_n8_transpiled.qasm,small,Communication,8,39,severity,gate_deletion_2q,0.1,1.0,1.0,0.0,0.0,0.0,0.0,0.0,0.007236,0.123526,0.876474,0.2868518,0.123047
bb84_n8_transpiled.qasm,small,Communication,8,39,severity,gate_deletion_2q,0.3,1.0,1.0,0.0,0.0,0.0,0.0,0.0,0.0073443,0.095566,0.904434,0.2889839,0.094727
bb84_n8_transpiled.qasm,small,Communication,8,39,severity,gate_deletion_2q,0.6,1.0,1.0,0.0,0.0,0.0,0.0,0.0,0.0072366,0.118331,0.881669,0.2865937,0.109375
bb84_n8_transpiled.qasm,small,Communication,8,39,severity,gate_insertion,0.1,0.918787,0.547507,1.0,0.607005,0.395349,0.0,0.10972,0.0083572,1.0,0.0,0.2879572,1.0
bb84_n8_transpiled.qasm,small,Communication,8,39,severity,gate_insertion,0.3,0.823963,0.337707,1.0,1.0,0.72549,0.0,0.171946,0.0089432,1.0,0.0,0.2855308,1.0
bb84_n8_transpiled.qasm,small,Communication,8,39,severity,gate_insertion,0.6,0.673271,0.316622,1.0,1.0,0.810345,0.0,0.213086,0.0104323,1.0,0.0,0.2899436,1.0
bb84_n8_transpiled.qasm,small,Communication,8,39,severity,gate_substitution,0.1,1.0,0.976669,0.0,0.022705,0.076923,0.0,0.0,0.0073978,0.107478,0.892522,0.2854026,0.097656
bb84_n8_transpiled.qasm,small,Communication,8,39,severity,gate_substitution,0.3,1.0,0.943769,0.0,0.058095,0.179487,0.0,0.0,0.0072808,0.113445,0.886555,0.2918744,0.109375
bb84_n8_transpiled.qasm,small,Communication,8,39,severity,gate_substitution,0.6,1.0,0.893682,0.0,0.098638,0.358974,0.0,0.0,0.0070027,0.566683,0.433317,0.279951,0.49707
bb84_n8_transpiled.qasm,small,Communication,8,39,severity,gate_reorder,0.1,0.999862,0.919422,0.081081,0.107563,0.153846,0.0,0.0,0.0070973,0.695244,0.304756,0.2794588,0.52832
bb84_n8_transpiled.qasm,small,Communication,8,39,severity,gate_reorder,0.3,0.999585,0.688809,0.837838,0.427479,0.179487,0.0,0.0,0.0070923,1.0,0.0,0.2839049,1.0
bb84_n8_transpiled.qasm,small,Communication,8,39,severity,gate_reorder,0.6,0.999862,0.610004,0.675676,0.560963,0.461538,0.0,0.0,0.0071698,1.0,0.0,0.2824722,1.0
bb84_n8_transpiled.qasm,small,Communication,8,39,severity,trojan_NOT,0.1,0.952608,0.591628,0.972973,0.55352,0.27907,0.0,0.128801,0.0077822,1.0,0.0,0.2954052,1.0
bb84_n8_transpiled.qasm,small,Communication,8,39,severity,trojan_NOT,0.3,0.857909,0.302413,1.0,1.0,0.882353,0.0,0.211161,0.0092285,1.0,0.0,0.2813443,1.0
bb84_n8_transpiled.qasm,small,Communication,8,39,severity,trojan_NOT,0.6,0.707217,0.325022,1.0,1.0,0.775862,0.0,0.198055,0.0099767,1.0,0.0,0.2847234,1.0
bb84_n8_transpiled.qasm,small,Communication,8,39,severity,trojan_H,0.1,0.918662,0.441234,1.0,0.70483,0.767442,0.0,0.085868,0.0080194,0.808181,0.191819,0.2844247,0.742188
bb84_n8_transpiled.qasm,small,Communication,8,39,severity,trojan_H,0.3,0.75607,0.324434,1.0,1.0,0.803922,0.0,0.147813,0.0092062,0.947402,0.052598,0.2946029,0.942383
bb84_n8_transpiled.qasm,small,Communication,8,39,severity,trojan_H,0.6,0.673271,0.326967,1.0,1.0,0.758621,0.0,0.213086,0.0102373,1.0,0.0,0.2951539,1.0
bb84_n8_transpiled.qasm,small,Communication,8,39,severity,qubit_swap,0.1,0.884574,0.555283,0.702703,0.30404,0.093023,1.0,0.142935,0.0080791,0.941796,0.058204,0.2841734,0.899414
bb84_n8_transpiled.qasm,small,Communication,8,39,severity,qubit_swap,0.3,0.620032,0.351435,0.891892,0.694452,0.235294,1.0,0.246642,0.0092662,0.945627,0.054373,0.2754929,0.907227
bb84_n8_transpiled.qasm,small,Communication,8,39,severity,qubit_swap,0.6,0.537173,0.296973,1.0,0.780546,0.327586,1.0,0.14319,0.0108009,0.968271,0.031729,0.2873522,0.943359
bell_n4.qasm,small,State Prep,4,37,severity,gate_deletion_1q,0.1,0.944509,0.445898,1.0,0.689597,0.783784,0.0,0.059867,0.0066193,0.721541,0.278459,0.2704025,0.71582
bell_n4.qasm,small,State Prep,4,37,severity,gate_deletion_1q,0.3,0.874221,0.391185,1.0,0.787148,0.891892,0.0,0.049351,0.005693,0.754346,0.245654,0.2878657,0.614258
bell_n4.qasm,small,State Prep,4,37,severity,gate_deletion_1q,0.6,0.687082,0.332883,0.9,0.991621,0.837838,0.0,0.174825,0.0044816,0.880597,0.119403,0.2883461,0.827148
bell_n4.qasm,small,State Prep,4,37,severity,gate_deletion_2q,0.1,0.950009,0.740166,0.4,0.197107,0.486486,0.142857,0.049784,0.0069477,0.431874,0.568126,0.2859142,0.37793
bell_n4.qasm,small,State Prep,4,37,severity,gate_deletion_2q,0.3,0.809374,0.401552,0.8,0.636497,0.837838,0.428571,0.023923,0.0067671,0.504502,0.495498,0.2874796,0.4375
bell_n4.qasm,small,State Prep,4,37,severity,gate_deletion_2q,0.6,0.709325,0.353451,0.95,0.594362,0.72973,0.714286,0.072193,0.0061919,0.549017,0.450983,0.2696285,0.535156
bell_n4.qasm,small,State Prep,4,37,severity,gate_insertion,0.1,0.932822,0.424892,1.0,0.724492,0.829268,0.0,0.056818,0.0079077,0.600861,0.399139,0.2861221,0.569336
bell_n4.qasm,small,State Prep,4,37,severity,gate_insertion,0.3,0.798559,0.306818,1.0,1.0,0.857143,0.0,0.217532,0.0100544,0.316699,0.683301,0.3314275,0.329102
bell_n4.qasm,small,State Prep,4,37,severity,gate_insertion,0.6,0.667446,0.309384,1.0,1.0,0.909091,0.0,0.087977,0.0105466,1.0,0.0,0.2985672,1.0
bell_n4.qasm,small,State Prep,4,37,severity,gate_substitution,0.1,1.0,0.975684,0.0,0.038586,0.054054,0.0,0.0,0.0071916,0.499056,0.500944,0.2780013,0.492188
bell_n4.qasm,small,State Prep,4,37,severity,gate_substitution,0.3,1.0,0.942608,0.0,0.071313,0.162162,0.0,0.0,0.0074864,0.544645,0.455355,0.2873332,0.523438
bell_n4.qasm,small,State Prep,4,37,severity,gate_substitution,0.6,1.0,0.885849,0.0,0.156262,0.297297,0.0,0.0,0.0070533,0.630751,0.369249,0.281722,0.520508
bell_n4.qasm,small,State Prep,4,37,severity,gate_reorder,0.1,0.857807,0.554352,0.9,0.810345,0.135135,0.0,0.0,0.0072347,0.494937,0.505063,0.2850172,0.418945
bell_n4.qasm,small,State Prep,4,37,severity,gate_reorder,0.3,1.0,0.444397,1.0,0.896317,0.459459,0.0,0.0,0.0072062,0.900428,0.099572,0.293635,0.898438
bell_n4.qasm,small,State Prep,4,37,severity,gate_reorder,0.6,1.0,0.405619,1.0,0.88356,0.675676,0.0,0.0,0.0071531,0.913616,0.086384,0.2880647,0.923828
bell_n4.qasm,small,State Prep,4,37,severity,trojan_NOT,0.1,0.912509,0.549739,1.0,0.554383,0.512195,0.0,0.037879,0.0078043,0.459708,0.540292,0.2763664,0.394531
bell_n4.qasm,small,State Prep,4,37,severity,trojan_NOT,0.3,0.778246,0.328108,1.0,1.0,0.836735,0.0,0.045455,0.0092388,1.0,0.0,0.2911088,1.0
bell_n4.qasm,small,State Prep,4,37,severity,trojan_NOT,0.6,0.687759,0.306862,1.0,1.0,0.890909,0.0,0.14956,0.0102252,1.0,0.0,0.2870873,1.0
bell_n4.qasm,small,State Prep,4,37,severity,trojan_H,0.1,0.932822,0.445553,1.0,0.63975,0.878049,0.0,0.049242,0.0079096,0.472797,0.527203,0.2812141,0.415039
bell_n4.qasm,small,State Prep,4,37,severity,trojan_H,0.3,0.757932,0.31526,1.0,1.0,0.857143,0.0,0.133117,0.0091001,0.500824,0.499176,0.2789735,0.423828
bell_n4.qasm,small,State Prep,4,37,severity,trojan_H,0.6,0.708072,0.32132,1.0,1.0,0.854545,0.0,0.077713,0.0100555,0.689605,0.310395,0.2966168,0.655273
bell_n4.qasm,small,State Prep,4,37,severity,qubit_swap,0.1,0.892001,0.757802,0.3,0.162163,0.097561,0.571429,0.066434,0.0080412,0.816729,0.183271,0.2810956,0.69043
bell_n4.qasm,small,State Prep,4,37,severity,qubit_swap,0.3,0.635665,0.488254,0.625,0.447764,0.244898,1.0,0.122995,0.0099972,0.808878,0.191122,0.2835803,0.679688
bell_n4.qasm,small,State Prep,4,37,severity,qubit_swap,0.6,0.504466,0.336587,0.95,0.692218,0.327273,1.0,0.131818,0.0110647,0.816872,0.183128,0.2838484,0.69043
bell_n4_transpiled.qasm,small,State Prep,4,57,severity,gate_deletion_1q,0.1,0.913281,0.622997,0.55,0.454317,0.649123,0.0,0.056674,0.0097931,0.771112,0.228888,0.2625985,0.710938
bell_n4_transpiled.qasm,small,State Prep,4,57,severity,gate_deletion_1q,0.3,0.848287,0.411953,0.85,0.789459,0.824561,0.0,0.19324,0.0078911,0.707944,0.292056,0.2787564,0.635742
bell_n4_transpiled.qasm,small,State Prep,4,57,severity,gate_deletion_1q,0.6,0.651358,0.373693,0.966667,0.916204,0.77193,0.0,0.0625,0.0060359,1.0,0.0,0.2807072,1.0
bell_n4_transpiled.qasm,small,State Prep,4,57,severity,gate_deletion_2q,0.1,0.918676,0.777465,0.3,0.246257,0.298246,0.142857,0.03125,0.010179,0.305851,0.694149,0.282055,0.238281
bell_n4_transpiled.qasm,small,State Prep,4,57,severity,gate_deletion_2q,0.3,0.82842,0.540338,0.533333,0.498249,0.578947,0.428571,0.037716,0.0099544,0.317471,0.682529,0.2689516,0.204102
bell_n4_transpiled.qasm,small,State Prep,4,57,severity,gate_deletion_2q,0.6,0.689885,0.518057,0.533333,0.409958,0.54386,0.714286,0.068287,0.0093197,0.476859,0.523141,0.2821933,0.40625
bell_n4_transpiled.qasm,small,State Prep,4,57,severity,gate_insertion,0.1,0.941737,0.559259,0.633333,0.546732,0.746032,0.0,0.051786,0.0112132,0.494069,0.505931,0.286594,0.488281
bell_n4_transpiled.qasm,small,State Prep,4,57,severity,gate_insertion,0.3,0.801115,0.361411,0.933333,0.979578,0.733333,0.0,0.090701,0.013602,1.0,0.0,0.2917343,1.0
bell_n4_transpiled.qasm,small,State Prep,4,57,severity,gate_insertion,0.6,0.675912,0.308819,1.0,1.0,0.929412,0.0,0.052989,0.0146866,0.388938,0.611062,0.2889762,0.326172
bell_n4_transpiled.qasm,small,State Prep,4,57,severity,gate_substitution,0.1,1.0,0.968198,0.0,0.040738,0.087719,0.0,0.0,0.0106782,0.502333,0.497667,0.2720756,0.498047
bell_n4_transpiled.qasm,small,State Prep,4,57,severity,gate_substitution,0.3,1.0,0.915256,0.0,0.101774,0.245614,0.0,0.0,0.0104273,0.459841,0.540159,0.2797317,0.40625
bell_n4_transpiled.qasm,small,State Prep,4,57,severity,gate_substitution,0.6,1.0,0.832427,0.0,0.198079,0.491228,0.0,0.0,0.010411,0.574051,0.425949,0.2858492,0.55957
bell_n4_transpiled.qasm,small,State Prep,4,57,severity,gate_reorder,0.1,0.951733,0.827903,0.566667,0.1887,0.105263,0.0,0.0,0.0104542,0.846903,0.153097,0.2877484,0.826172
bell_n4_transpiled.qasm,small,State Prep,4,57,severity,gate_reorder,0.3,0.987933,0.652038,0.666667,0.578138,0.22807,0.0,0.0,0.0104388,0.929116,0.070884,0.2840922,0.912109
bell_n4_transpiled.qasm,small,State Prep,4,57,severity,gate_reorder,0.6,0.9638,0.562634,0.7,0.688965,0.45614,0.0,0.0,0.0102351,0.830362,0.169638,0.2896955,0.819336
bell_n4_transpiled.qasm,small,State Prep,4,57,severity,trojan_NOT,0.1,0.917603,0.647029,0.533333,0.435529,0.571429,0.0,0.0625,0.0111798,0.439338,0.560662,0.2838282,0.367188
bell_n4_transpiled.qasm,small,State Prep,4,57,severity,trojan_NOT,0.3,0.813182,0.383671,0.833333,0.921614,0.813333,0.0,0.060976,0.0134593,0.466986,0.533014,0.268938,0.397461
bell_n4_transpiled.qasm,small,State Prep,4,57,severity,trojan_NOT,0.6,0.724179,0.322164,1.0,1.0,0.847059,0.0,0.084239,0.0149137,1.0,0.0,0.2899621,1.0
bell_n4_transpiled.qasm,small,State Prep,4,57,severity,trojan_H,0.1,0.941737,0.652012,0.533333,0.454881,0.52381,0.0,0.040179,0.0114087,0.707731,0.292269,0.2766869,0.595703
bell_n4_transpiled.qasm,small,State Prep,4,57,severity,trojan_H,0.3,0.849382,0.405784,0.9,0.906053,0.68,0.0,0.060976,0.0133592,0.563337,0.436663,0.2693514,0.553711
bell_n4_transpiled.qasm,small,State Prep,4,57,severity,trojan_H,0.6,0.712112,0.318768,1.0,1.0,0.847059,0.0,0.118207,0.0148169,0.764898,0.235102,0.2670232,0.731445
bell_n4_transpiled.qasm,small,State Prep,4,57,severity,qubit_swap,0.1,0.905396,0.734953,0.183333,0.118041,0.095238,0.857143,0.057566,0.0124904,0.859937,0.140063,0.2836851,0.763672
bell_n4_transpiled.qasm,small,State Prep,4,57,severity,qubit_swap,0.3,0.668115,0.521169,0.583333,0.394874,0.24,1.0,0.05125,0.013502,0.865661,0.134339,0.2858312,0.768555
bell_n4_transpiled.qasm,small,State Prep,4,57,severity,qubit_swap,0.6,0.482332,0.391307,0.866667,0.570529,0.329412,1.0,0.13125,0.0151003,0.80805,0.19195,0.2806577,0.657227
cat_state_n4.qasm,small,State Prep,4,8,severity,gate_deletion_1q,0.1,0.952491,0.762546,0.714286,0.259332,0.125,0.0,0.145455,0.0019341,0.706111,0.293889,0.2895474,0.504883
cat_state_n4.qasm,small,State Prep,4,8,severity,gate_deletion_1q,0.3,0.90475,0.740201,0.571429,0.285265,0.25,0.0,0.242424,0.0017528,0.702606,0.297394,0.2942053,0.495117
cat_state_n4.qasm,small,State Prep,4,8,severity,gate_deletion_1q,0.6,0.856639,0.654457,0.714286,0.427897,0.375,0.0,0.136364,0.0017212,0.712502,0.287498,0.291855,0.522461
cat_state_n4.qasm,small,State Prep,4,8,severity,gate_deletion_2q,0.1,0.803315,0.558064,0.857143,0.49273,0.25,0.333333,0.242424,0.0019015,0.707169,0.292831,0.286603,0.507812
cat_state_n4.qasm,small,State Prep,4,8,severity,gate_deletion_2q,0.3,0.745533,0.548489,0.857143,0.53163,0.25,0.333333,0.20202,0.0019295,0.698096,0.301904,0.2865712,0.492188
cat_state_n4.qasm,small,State Prep,4,8,severity,gate_deletion_2q,0.6,0.548525,0.318423,1.0,0.829861,0.5,0.666667,0.077922,0.0017111,0.705759,0.294241,0.2784256,0.503906
cat_state_n4.qasm,small,State Prep,4,8,severity,gate_insertion,0.1,0.893566,0.64179,1.0,0.433268,0.222222,0.0,0.121212,0.0022489,0.020737,0.979263,0.2940394,0.024414
cat_state_n4.qasm,small,State Prep,4,8,severity,gate_insertion,0.3,0.855047,0.371429,1.0,1.0,0.545455,0.0,0.194805,0.002616,1.0,0.0,0.2914621,1.0
cat_state_n4.qasm,small,State Prep,4,8,severity,gate_insertion,0.6,0.749449,0.337879,1.0,1.0,0.75,0.0,0.121212,0.0026569,0.846994,0.153006,0.2833298,0.875
cat_state_n4.qasm,small,State Prep,4,8,severity,gate_substitution,0.1,1.0,0.961936,0.0,0.037327,0.125,0.0,0.0,0.0020768,0.56347,0.43653,0.2902938,0.507812
cat_state_n4.qasm,small,State Prep,4,8,severity,gate_substitution,0.3,1.0,0.961936,0.0,0.037327,0.125,0.0,0.0,0.00208,0.56347,0.43653,0.2991277,0.507812
cat_state_n4.qasm,small,State Prep,4,8,severity,gate_substitution,0.6,1.0,0.961936,0.0,0.037327,0.125,0.0,0.0,0.0023307,0.56347,0.43653,0.3310227,0.507812
cat_state_n4.qasm,small,State Prep,4,8,severity,gate_reorder,0.1,1.0,0.623006,1.0,0.505697,0.25,0.0,0.0,0.0022259,0.710004,0.289996,0.3127762,0.515625
cat_state_n4.qasm,small,State Prep,4,8,severity,gate_reorder,0.3,0.884436,0.475472,1.0,0.855794,0.375,0.0,0.0,0.00228,0.707169,0.292831,0.3300213,0.507812
cat_state_n4.qasm,small,State Prep,4,8,severity,gate_reorder,0.6,0.884436,0.375,1.0,1.0,0.625,0.0,0.0,0.0024587,0.692275,0.307725,0.3227417,0.492188
cat_state_n4.qasm,small,State Prep,4,8,severity,trojan_NOT,0.1,0.893566,0.64367,1.0,0.427897,0.222222,0.0,0.121212,0.0023243,1.0,0.0,0.3196667,1.0
cat_state_n4.qasm,small,State Prep,4,8,severity,trojan_NOT,0.3,0.797265,0.506259,1.0,0.752062,0.363636,0.0,0.077922,0.0024997,1.0,0.0,0.2970995,1.0
cat_state_n4.qasm,small,State Prep,4,8,severity,trojan_NOT,0.6,0.749449,0.34387,1.0,0.972494,0.75,0.0,0.157576,0.0026074,1.0,0.0,0.3008691,1.0
cat_state_n4.qasm,small,State Prep,4,8,severity,trojan_H,0.1,0.951348,0.535771,1.0,0.672689,0.333333,0.0,0.121212,0.002299,0.57669,0.42331,0.2838892,0.526367
cat_state_n4.qasm,small,State Prep,4,8,severity,trojan_H,0.3,0.739483,0.367532,1.0,1.0,0.545455,0.0,0.233766,0.002493,0.858803,0.141197,0.2918565,0.887695
cat_state_n4.qasm,small,State Prep,4,8,severity,trojan_H,0.6,0.749449,0.341563,1.0,0.988607,0.666667,0.0,0.290909,0.0028936,0.711787,0.288213,0.2923201,0.520508
cat_state_n4.qasm,small,State Prep,4,8,severity,qubit_swap,0.1,0.894863,0.77432,0.285714,0.220432,0.111111,0.333333,0.167832,0.0022698,0.0141,0.9859,0.3021814,0.016602
cat_state_n4.qasm,small,State Prep,4,8,severity,qubit_swap,0.3,0.684885,0.36297,0.857143,0.661296,0.272727,1.0,0.224599,0.0026482,0.004977,0.995023,0.3109691,0.005859
cat_state_n4.qasm,small,State Prep,4,8,severity,qubit_swap,0.6,0.636479,0.208453,1.0,1.0,0.333333,1.0,0.248804,0.0027719,0.012441,0.987559,0.2887989,0.014648
cat_state_n4_transpiled.qasm,small,State Prep,4,10,severity,gate_deletion_1q,0.1,0.918139,0.60441,0.555556,0.634286,0.4,0.0,0.102564,0.0022463,0.56971,0.43029,0.2940986,0.516602
cat_state_n4_transpiled.qasm,small,State Prep,4,10,severity,gate_deletion_1q,0.3,0.882654,0.728118,0.555556,0.318931,0.3,0.0,0.169231,0.0019372,0.710692,0.289308,0.2773939,0.516602
cat_state_n4_transpiled.qasm,small,State Prep,4,10,severity,gate_deletion_1q,0.6,0.678335,0.368774,0.777778,0.91962,0.8,0.0,0.326923,0.0016851,0.56971,0.43029,0.2874559,0.516602
cat_state_n4_transpiled.qasm,small,State Prep,4,10,severity,gate_deletion_2q,0.1,0.786124,0.621198,0.666667,0.435872,0.2,0.333333,0.195804,0.002326,0.71036,0.28964,0.2846997,0.516602
cat_state_n4_transpiled.qasm,small,State Prep,4,10,severity,gate_deletion_2q,0.3,0.786124,0.621198,0.666667,0.435872,0.2,0.333333,0.195804,0.0021311,0.711689,0.288311,0.293821,0.516602
cat_state_n4_transpiled.qasm,small,State Prep,4,10,severity,gate_deletion_2q,0.6,0.614354,0.378395,0.888889,0.712279,0.4,0.666667,0.25641,0.0021224,0.714698,0.285302,0.2815981,0.516602
cat_state_n4_transpiled.qasm,small,State Prep,4,10,severity,gate_insertion,0.1,0.918367,0.7042,0.777778,0.373376,0.181818,0.0,0.120879,0.0025619,0.55731,0.44269,0.272907,0.499023
cat_state_n4_transpiled.qasm,small,State Prep,4,10,severity,gate_insertion,0.3,0.840265,0.456443,1.0,0.80302,0.461538,0.0,0.201923,0.0028825,1.0,0.0,0.2800018,1.0
cat_state_n4_transpiled.qasm,small,State Prep,4,10,severity,gate_insertion,0.6,0.720238,0.279145,1.0,1.0,0.933333,0.0,0.34188,0.0031486,1.0,0.0,0.2802018,1.0
cat_state_n4_transpiled.qasm,small,State Prep,4,10,severity,gate_substitution,0.1,1.0,0.966062,0.0,0.039824,0.1,0.0,0.0,0.0024026,0.022396,0.977604,0.2798505,0.026367
cat_state_n4_transpiled.qasm,small,State Prep,4,10,severity,gate_substitution,0.3,1.0,0.955044,0.0,0.071303,0.1,0.0,0.0,0.0024049,0.01742,0.98258,0.2790103,0.020508
cat_state_n4_transpiled.qasm,small,State Prep,4,10,severity,gate_substitution,0.6,1.0,0.932123,0.0,0.079648,0.2,0.0,0.0,0.0024859,0.018249,0.981751,0.283355,0.021484
cat_state_n4_transpiled.qasm,small,State Prep,4,10,severity,gate_reorder,0.1,0.957654,0.492509,1.0,0.907117,0.2,0.0,0.0,0.0024808,0.707388,0.292612,0.2835579,0.516602
cat_state_n4_transpiled.qasm,small,State Prep,4,10,severity,gate_reorder,0.3,0.915309,0.527216,1.0,0.693669,0.4,0.0,0.0,0.0025162,0.71875,0.28125,0.279495,0.516602
cat_state_n4_transpiled.qasm,small,State Prep,4,10,severity,gate_reorder,0.6,0.915309,0.492478,1.0,0.678634,0.6,0.0,0.0,0.0024174,0.716718,0.283282,0.2775163,0.516602
cat_state_n4_transpiled.qasm,small,State Prep,4,10,severity,trojan_NOT,0.1,0.918367,0.700931,0.777778,0.382717,0.181818,0.0,0.120879,0.0025682,1.0,0.0,0.2831616,1.0
cat_state_n4_transpiled.qasm,small,State Prep,4,10,severity,trojan_NOT,0.3,0.882611,0.330047,1.0,0.999317,0.769231,0.0,0.163462,0.0027981,1.0,0.0,0.2893639,1.0
cat_state_n4_transpiled.qasm,small,State Prep,4,10,severity,trojan_NOT,0.6,0.677893,0.300513,1.0,1.0,0.933333,0.0,0.128205,0.0031428,1.0,0.0,0.2901346,1.0
cat_state_n4_transpiled.qasm,small,State Prep,4,10,severity,trojan_H,0.1,0.960713,0.834798,0.333333,0.245803,0.090909,0.0,0.10989,0.0025977,0.555239,0.444761,0.2825981,0.496094
cat_state_n4_transpiled.qasm,small,State Prep,4,10,severity,trojan_H,0.3,0.840265,0.413794,1.0,0.883665,0.538462,0.0,0.192308,0.002857,0.809966,0.190034,0.2908527,0.744141
cat_state_n4_transpiled.qasm,small,State Prep,4,10,severity,trojan_H,0.6,0.720238,0.354701,1.0,1.0,0.666667,0.0,0.119658,0.0031765,0.846797,0.153203,0.2926321,0.875
cat_state_n4_transpiled.qasm,small,State Prep,4,10,severity,qubit_swap,0.1,0.961195,0.730324,0.444444,0.3083,0.090909,0.333333,0.102564,0.0026568,0.01659,0.98341,0.2896916,0.019531
cat_state_n4_transpiled.qasm,small,State Prep,4,10,severity,qubit_swap,0.3,0.79996,0.411325,0.777778,0.605969,0.230769,1.0,0.137652,0.0029549,0.018249,0.981751,0.2826042,0.021484
cat_state_n4_transpiled.qasm,small,State Prep,4,10,severity,qubit_swap,0.6,0.59497,0.247077,1.0,0.882375,0.333333,1.0,0.274247,0.0033454,0.004149,0.995851,0.2863983,0.004883
deutsch_n2.qasm,small,Oracle,2,7,severity,gate_deletion_1q,0.1,0.884965,0.755437,0.5,0.280385,0.285714,0.0,0.142857,0.0016715,0.553437,0.446563,0.2739888,0.493164
deutsch_n2.qasm,small,Oracle,2,7,severity,gate_deletion_1q,0.3,0.831217,0.391413,1.0,0.806848,0.714286,0.0,0.333333,0.0015199,1.0,0.0,0.2818682,1.0
deutsch_n2.qasm,small,Oracle,2,7,severity,gate_deletion_1q,0.6,0.716468,0.434236,0.833333,0.712388,0.857143,0.0,0.2,0.0014349,0.826687,0.173313,0.2773695,0.780273
deutsch_n2.qasm,small,Oracle,2,7,severity,gate_deletion_2q,0.1,0.564903,0.35054,1.0,0.610702,0.428571,1.0,0.0,0.0016403,1.0,0.0,0.2907306,1.0
deutsch_n2.qasm,small,Oracle,2,7,severity,gate_deletion_2q,0.3,0.564903,0.35054,1.0,0.610702,0.428571,1.0,0.0,0.0016549,1.0,0.0,0.2841951,1.0
deutsch_n2.qasm,small,Oracle,2,7,severity,gate_deletion_2q,0.6,0.564903,0.35054,1.0,0.610702,0.428571,1.0,0.0,0.0015876,1.0,0.0,0.2809746,1.0
deutsch_n2.qasm,small,Oracle,2,7,severity,gate_insertion,0.1,0.94461,0.869395,0.166667,0.198555,0.125,0.0,0.111111,0.0020194,1.0,0.0,0.2834616,1.0
deutsch_n2.qasm,small,Oracle,2,7,severity,gate_insertion,0.3,0.775265,0.330909,1.0,1.0,0.8,0.0,0.090909,0.0022432,0.550291,0.449709,0.2865356,0.489258
deutsch_n2.qasm,small,Oracle,2,7,severity,gate_insertion,0.6,0.716005,0.350909,1.0,1.0,0.7,0.0,0.090909,0.0022364,0.569711,0.430289,0.2781748,0.515625
deutsch_n2.qasm,small,Oracle,2,7,severity,gate_substitution,0.1,1.0,0.951423,0.0,0.057158,0.142857,0.0,0.0,0.0017964,0.578338,0.421662,0.2847192,0.527344
deutsch_n2.qasm,small,Oracle,2,7,severity,gate_substitution,0.3,1.0,0.902847,0.0,0.114315,0.285714,0.0,0.0,0.0018312,1.0,0.0,0.2806613,1.0
deutsch_n2.qasm,small,Oracle,2,7,severity,gate_substitution,0.6,1.0,0.85427,0.0,0.171473,0.428571,0.0,0.0,0.0017819,0.568387,0.431613,0.2776582,0.514648
deutsch_n2.qasm,small,Oracle,2,7,severity,gate_reorder,0.1,1.0,0.845565,0.0,0.277977,0.285714,0.0,0.0,0.0017887,1.0,0.0,0.2800782,1.0
deutsch_n2.qasm,small,Oracle,2,7,severity,gate_reorder,0.3,0.940741,0.481046,1.0,0.809256,0.428571,0.0,0.0,0.0018146,1.0,0.0,0.283927,1.0
deutsch_n2.qasm,small,Oracle,2,7,severity,gate_reorder,0.6,0.940741,0.605362,1.0,0.372436,0.571429,0.0,0.0,0.0018073,0.701569,0.298431,0.2869739,0.495117
deutsch_n2.qasm,small,Oracle,2,7,severity,trojan_NOT,0.1,0.94461,0.425386,1.0,0.824294,0.625,0.0,0.111111,0.0020277,1.0,0.0,0.2792883,1.0
deutsch_n2.qasm,small,Oracle,2,7,severity,trojan_NOT,0.3,0.716005,0.350909,1.0,1.0,0.7,0.0,0.090909,0.002265,1.0,0.0,0.2833415,1.0
deutsch_n2.qasm,small,Oracle,2,7,severity,trojan_NOT,0.6,0.716005,0.330909,1.0,1.0,0.8,0.0,0.090909,0.0022421,1.0,0.0,0.2867376,1.0
deutsch_n2.qasm,small,Oracle,2,7,severity,trojan_H,0.1,0.94461,0.694906,0.833333,0.339952,0.25,0.0,0.111111,0.0019812,0.550291,0.449709,0.2820986,0.489258
deutsch_n2.qasm,small,Oracle,2,7,severity,trojan_H,0.3,0.775265,0.560999,0.833333,0.642602,0.4,0.0,0.090909,0.0019805,0.546208,0.453792,0.2892076,0.483398
deutsch_n2.qasm,small,Oracle,2,7,severity,trojan_H,0.6,0.716005,0.43514,1.0,0.816483,0.6,0.0,0.090909,0.0022538,0.816166,0.183834,0.2842978,0.766602
deutsch_n2.qasm,small,Oracle,2,7,severity,qubit_swap,0.1,0.88502,0.641607,0.333333,0.238266,0.125,1.0,0.0,0.0020848,0.692892,0.307108,0.2886995,0.489258
deutsch_n2.qasm,small,Oracle,2,7,severity,qubit_swap,0.3,0.658598,0.389821,0.666667,0.714797,0.3,1.0,0.0,0.0023028,0.710083,0.289917,0.2846189,0.518555
deutsch_n2.qasm,small,Oracle,2,7,severity,qubit_swap,0.6,0.658598,0.389821,0.666667,0.714797,0.3,1.0,0.0,0.0023743,0.705803,0.294197,0.2897211,0.506836
deutsch_n2_transpiled.qasm,small,Oracle,2,12,severity,gate_deletion_1q,0.1,0.932333,0.554603,0.545455,0.598237,0.75,0.0,0.041958,0.0023721,0.80264,0.19736,0.2758092,0.735352
deutsch_n2_transpiled.qasm,small,Oracle,2,12,severity,gate_deletion_1q,0.3,0.75318,0.450574,0.909091,0.717418,0.75,0.0,0.119658,0.0021773,1.0,0.0,0.2888338,1.0
deutsch_n2_transpiled.qasm,small,Oracle,2,12,severity,gate_deletion_1q,0.6,0.682829,0.358459,0.909091,0.863041,0.916667,0.0,0.197802,0.0017661,0.55068,0.44932,0.278605,0.489258
deutsch_n2_transpiled.qasm,small,Oracle,2,12,severity,gate_deletion_2q,0.1,0.671266,0.42068,0.727273,0.522001,0.416667,1.0,0.041958,0.0025514,1.0,0.0,0.279012,1.0
deutsch_n2_transpiled.qasm,small,Oracle,2,12,severity,gate_deletion_2q,0.3,0.671266,0.42068,0.727273,0.522001,0.416667,1.0,0.041958,0.0025775,1.0,0.0,0.2790302,1.0
deutsch_n2_transpiled.qasm,small,Oracle,2,12,severity,gate_deletion_2q,0.6,0.671266,0.42068,0.727273,0.522001,0.416667,1.0,0.041958,0.002691,1.0,0.0,0.2929085,1.0
deutsch_n2_transpiled.qasm,small,Oracle,2,12,severity,gate_insertion,0.1,0.857412,0.571143,0.545455,0.615401,0.642857,0.0,0.030769,0.0030073,0.572578,0.427422,0.2919091,0.520508
deutsch_n2_transpiled.qasm,small,Oracle,2,12,severity,gate_insertion,0.3,0.752522,0.437264,0.727273,0.852044,0.75,0.0,0.054299,0.0033002,1.0,0.0,0.2886346,1.0
deutsch_n2_transpiled.qasm,small,Oracle,2,12,severity,gate_insertion,0.6,0.647719,0.326046,1.0,1.0,0.833333,0.0,0.072874,0.0033767,0.712322,0.287678,0.2747914,0.514648
deutsch_n2_transpiled.qasm,small,Oracle,2,12,severity,gate_substitution,0.1,1.0,0.969844,0.0,0.038542,0.083333,0.0,0.0,0.0027623,0.005806,0.994194,0.2781465,0.006836
deutsch_n2_transpiled.qasm,small,Oracle,2,12,severity,gate_substitution,0.3,1.0,0.898868,0.0,0.146093,0.25,0.0,0.0,0.0026971,0.555207,0.444793,0.2816692,0.496094
deutsch_n2_transpiled.qasm,small,Oracle,2,12,severity,gate_substitution,0.6,1.0,0.797735,0.0,0.292186,0.5,0.0,0.0,0.0023536,0.706417,0.293583,0.2810742,0.5
deutsch_n2_transpiled.qasm,small,Oracle,2,12,severity,gate_reorder,0.1,1.0,0.499072,0.727273,0.929059,0.333333,0.0,0.0,0.0027673,1.0,0.0,0.2892353,1.0
deutsch_n2_transpiled.qasm,small,Oracle,2,12,severity,gate_reorder,0.3,0.962434,0.612881,0.909091,0.478349,0.416667,0.0,0.0,0.0026925,0.562897,0.437103,0.2945028,0.506836
deutsch_n2_transpiled.qasm,small,Oracle,2,12,severity,gate_reorder,0.6,1.0,0.505474,0.909091,0.689989,0.583333,0.0,0.0,0.0026639,1.0,0.0,0.2873135,1.0
deutsch_n2_transpiled.qasm,small,Oracle,2,12,severity,trojan_NOT,0.1,0.932544,0.772488,0.545455,0.246932,0.214286,0.0,0.164103,0.002984,0.016592,0.983408,0.2805257,0.019531
deutsch_n2_transpiled.qasm,small,Oracle,2,12,severity,trojan_NOT,0.3,0.752522,0.344802,0.909091,1.0,0.8125,0.0,0.063348,0.0033764,0.023234,0.976766,0.2898838,0.027344
deutsch_n2_transpiled.qasm,small,Oracle,2,12,severity,trojan_NOT,0.6,0.685285,0.337157,1.0,1.0,0.777778,0.0,0.072874,0.0036187,1.0,0.0,0.2803236,1.0
deutsch_n2_transpiled.qasm,small,Oracle,2,12,severity,trojan_H,0.1,0.894978,0.467773,0.727273,0.792006,0.714286,0.0,0.030769,0.0031997,0.702645,0.297355,0.2889796,0.5
deutsch_n2_transpiled.qasm,small,Oracle,2,12,severity,trojan_H,0.3,0.752522,0.349854,0.909091,0.985566,0.8125,0.0,0.063348,0.0033277,0.710227,0.289773,0.2910583,0.508789
deutsch_n2_transpiled.qasm,small,Oracle,2,12,severity,trojan_H,0.6,0.685285,0.348268,1.0,1.0,0.722222,0.0,0.072874,0.0036089,0.742846,0.257154,0.2785248,0.751953
deutsch_n2_transpiled.qasm,small,Oracle,2,12,severity,qubit_swap,0.1,0.857412,0.638663,0.272727,0.246932,0.142857,1.0,0.054299,0.003073,0.0,1.0,0.2901711,0.0
deutsch_n2_transpiled.qasm,small,Oracle,2,12,severity,qubit_swap,0.3,0.715746,0.500175,0.454545,0.493864,0.25,1.0,0.087912,0.0034637,0.004147,0.995853,0.2933296,0.004883
deutsch_n2_transpiled.qasm,small,Oracle,2,12,severity,qubit_swap,0.6,0.573289,0.367524,0.636364,0.740795,0.333333,1.0,0.110769,0.0036933,0.017422,0.982578,0.2904032,0.020508
dnn_n2.qasm,small,Other,2,228,severity,gate_deletion_1q,0.1,0.95678,0.47005,0.675373,0.762727,0.807018,0.0,0.002863,0.0369498,0.895151,0.104849,0.2268893,0.870117
dnn_n2.qasm,small,Other,2,228,severity,gate_deletion_1q,0.3,0.844293,0.454269,0.768657,0.777116,0.789474,0.0,0.005469,0.0317133,0.607189,0.392811,0.2678228,0.583984
dnn_n2.qasm,small,Other,2,228,severity,gate_deletion_1q,0.6,0.668652,0.382753,0.858209,0.876469,0.903509,0.0,0.010502,0.0230222,0.739104,0.260896,0.2522713,0.754883
dnn_n2.qasm,small,Other,2,228,severity,gate_deletion_2q,0.1,0.943114,0.490858,0.61194,0.685644,0.767544,0.119048,0.00057,0.0420677,0.225796,0.774204,0.2610004,0.21582
dnn_n2.qasm,small,Other,2,228,severity,gate_deletion_2q,0.3,0.861656,0.471889,0.604478,0.643934,0.75,0.309524,0.001579,0.0387181,0.73798,0.26202,0.255364,0.780273
dnn_n2.qasm,small,Other,2,228,severity,gate_deletion_2q,0.6,0.723304,0.393498,0.559701,0.679593,0.802632,0.619048,0.003534,0.0362522,0.452937,0.547063,0.2559744,0.457031
dnn_n2.qasm,small,Other,2,228,severity,gate_insertion,0.1,0.925454,0.521737,0.615672,0.693786,0.713147,0.0,0.004576,0.0467081,0.409506,0.590494,0.2591077,0.450195
dnn_n2.qasm,small,Other,2,228,severity,gate_insertion,0.3,0.782348,0.327889,0.951493,1.0,0.882155,0.0,0.029564,0.054238,0.431082,0.568918,0.2452764,0.467773
dnn_n2.qasm,small,Other,2,228,severity,gate_insertion,0.6,0.655048,0.317655,1.0,1.0,0.903509,0.0,0.016435,0.0675561,1.0,0.0,0.2789318,1.0
dnn_n2.qasm,small,Other,2,228,severity,gate_substitution,0.1,1.0,0.975654,0.0,0.036979,0.057018,0.0,0.0,0.0420878,0.409469,0.590531,0.2445184,0.47168
dnn_n2.qasm,small,Other,2,228,severity,gate_substitution,0.3,1.0,0.924889,0.0,0.116859,0.171053,0.0,0.0,0.0412328,0.292821,0.707179,0.2468025,0.329102
dnn_n2.qasm,small,Other,2,228,severity,gate_substitution,0.6,1.0,0.854022,0.0,0.224098,0.337719,0.0,0.0,0.0407074,0.379604,0.620396,0.2515483,0.40918
dnn_n2.qasm,small,Other,2,228,severity,gate_reorder,0.1,0.992029,0.83732,0.33209,0.23225,0.157895,0.0,0.0,0.0403788,0.521777,0.478223,0.2531997,0.567383
dnn_n2.qasm,small,Other,2,228,severity,gate_reorder,0.3,0.964128,0.664861,0.526119,0.534064,0.346491,0.0,0.0,0.0426105,0.746847,0.253153,0.2637403,0.748047
dnn_n2.qasm,small,Other,2,228,severity,gate_reorder,0.6,0.99001,0.574384,0.615672,0.638903,0.548246,0.0,0.0,0.0404589,0.858428,0.141572,0.2644,0.834961
dnn_n2.qasm,small,Other,2,228,severity,trojan_NOT,0.1,0.919478,0.496807,0.690299,0.722312,0.733068,0.0,0.00225,0.0451583,0.590381,0.409619,0.2634512,0.623047
dnn_n2.qasm,small,Other,2,228,severity,trojan_NOT,0.3,0.782348,0.334064,0.966418,1.0,0.828283,0.0,0.053163,0.0540419,1.0,0.0,0.2818014,1.0
dnn_n2.qasm,small,Other,2,228,severity,trojan_NOT,0.6,0.643097,0.316677,1.0,1.0,0.900585,0.0,0.03206,0.062854,1.0,0.0,0.2712748,1.0
dnn_n2.qasm,small,Other,2,228,severity,trojan_H,0.1,0.929438,0.434477,0.772388,0.823901,0.800797,0.0,0.011402,0.0461676,0.304974,0.695026,0.2483302,0.334961
dnn_n2.qasm,small,Other,2,228,severity,trojan_H,0.3,0.786332,0.332594,0.929104,1.0,0.875421,0.0,0.029564,0.0552926,0.730649,0.269351,0.2821517,0.734375
dnn_n2.qasm,small,Other,2,228,severity,trojan_H,0.6,0.64708,0.315414,1.0,1.0,0.918129,0.0,0.009606,0.0622651,0.748476,0.251524,0.2830848,0.711914
dnn_n2.qasm,small,Other,2,228,severity,qubit_swap,0.1,0.911514,0.812703,0.089552,0.130851,0.091633,0.547619,0.002157,0.0470946,0.484926,0.515074,0.2761176,0.259766
dnn_n2.qasm,small,Other,2,228,severity,qubit_swap,0.3,0.734544,0.576461,0.261194,0.392554,0.232323,1.0,0.005011,0.0599454,0.487358,0.512642,0.2932744,0.259766
dnn_n2.qasm,small,Other,2,228,severity,qubit_swap,0.6,0.561429,0.441291,0.429104,0.648567,0.333333,1.0,0.006783,0.0651133,0.044327,0.955673,0.2879519,0.03418
dnn_n2_transpiled.qasm,small,Other,2,308,severity,gate_deletion_1q,0.1,0.949629,0.519785,0.623563,0.723892,0.659091,0.0,0.015002,0.0510994,0.551044,0.448956,0.2323133,0.585938
dnn_n2_transpiled.qasm,small,Other,2,308,severity,gate_deletion_1q,0.3,0.818298,0.458916,0.735632,0.786186,0.756494,0.0,0.042751,0.041197,0.53743,0.46257,0.2397635,0.570312
dnn_n2_transpiled.qasm,small,Other,2,308,severity,gate_deletion_1q,0.6,0.656494,0.404448,0.833333,0.850706,0.831169,0.0,0.065714,0.0300166,0.686646,0.313354,0.2428735,0.658203
dnn_n2_transpiled.qasm,small,Other,2,308,severity,gate_deletion_2q,0.1,0.951729,0.645619,0.402299,0.51971,0.441558,0.119048,0.000168,0.0526889,0.45343,0.54657,0.2531202,0.479492
dnn_n2_transpiled.qasm,small,Other,2,308,severity,gate_deletion_2q,0.3,0.861709,0.530822,0.494253,0.64556,0.535714,0.309524,0.000459,0.0553971,0.523286,0.476714,0.2431985,0.574219
dnn_n2_transpiled.qasm,small,Other,2,308,severity,gate_deletion_2q,0.6,0.732132,0.444149,0.477011,0.688314,0.597403,0.619048,0.000997,0.0492015,0.284868,0.715132,0.2494839,0.311523
dnn_n2_transpiled.qasm,small,Other,2,308,severity,gate_insertion,0.1,0.933936,0.493731,0.646552,0.783056,0.666667,0.0,0.018838,0.0610738,0.524125,0.475875,0.2570651,0.573242
dnn_n2_transpiled.qasm,small,Other,2,308,severity,gate_insertion,0.3,0.790191,0.396275,0.807471,0.957295,0.715711,0.0,0.044089,0.0736172,0.450703,0.549297,0.2412086,0.476562
dnn_n2_transpiled.qasm,small,Other,2,308,severity,gate_insertion,0.6,0.656548,0.338342,0.982759,1.0,0.820346,0.0,0.001746,0.0835009,0.290852,0.709148,0.2316578,0.333008
dnn_n2_transpiled.qasm,small,Other,2,308,severity,gate_substitution,0.1,1.0,0.964485,0.0,0.051379,0.087662,0.0,0.0,0.0538985,0.359227,0.640773,0.2203561,0.400391
dnn_n2_transpiled.qasm,small,Other,2,308,severity,gate_substitution,0.3,1.0,0.89851,0.0,0.141549,0.25974,0.0,0.0,0.0540141,0.601473,0.398527,0.245488,0.655273
dnn_n2_transpiled.qasm,small,Other,2,308,severity,gate_substitution,0.6,1.0,0.79495,0.0,0.290867,0.516234,0.0,0.0,0.0523985,0.558488,0.441512,0.2352083,0.554688
dnn_n2_transpiled.qasm,small,Other,2,308,severity,gate_reorder,0.1,0.995638,0.841169,0.356322,0.241723,0.103896,0.0,0.0,0.0572982,0.778879,0.221121,0.2716698,0.770508
dnn_n2_transpiled.qasm,small,Other,2,308,severity,gate_reorder,0.3,0.999993,0.72043,0.505747,0.428034,0.269481,0.0,0.0,0.0535317,0.895511,0.104489,0.262496,0.868164
dnn_n2_transpiled.qasm,small,Other,2,308,severity,gate_reorder,0.6,0.997083,0.644954,0.54023,0.560255,0.38961,0.0,0.0,0.055321,0.826449,0.173551,0.2682849,0.783203
dnn_n2_transpiled.qasm,small,Other,2,308,severity,trojan_NOT,0.1,0.931031,0.484672,0.623563,0.802758,0.687316,0.0,0.033656,0.0607634,0.325262,0.674738,0.2566441,0.351562
dnn_n2_transpiled.qasm,small,Other,2,308,severity,trojan_NOT,0.3,0.781474,0.378924,0.795977,1.0,0.755611,0.0,0.005572,0.0725758,0.453225,0.546775,0.2301291,0.504883
dnn_n2_transpiled.qasm,small,Other,2,308,severity,trojan_NOT,0.6,0.663813,0.334987,0.982759,1.0,0.831169,0.0,0.013651,0.084458,1.0,0.0,0.2813371,1.0
dnn_n2_transpiled.qasm,small,Other,2,308,severity,trojan_H,0.1,0.928125,0.512828,0.612069,0.748037,0.666667,0.0,0.00216,0.0594899,0.465725,0.534275,0.2337888,0.516602
dnn_n2_transpiled.qasm,small,Other,2,308,severity,trojan_H,0.3,0.790191,0.383362,0.813218,0.97348,0.755611,0.0,0.028146,0.073363,0.524579,0.475421,0.2404415,0.579102
dnn_n2_transpiled.qasm,small,Other,2,308,severity,trojan_H,0.6,0.649284,0.344088,0.95977,1.0,0.798701,0.0,0.022063,0.0818879,0.470876,0.529124,0.2318911,0.499023
dnn_n2_transpiled.qasm,small,Other,2,308,severity,qubit_swap,0.1,0.912145,0.776371,0.091954,0.125261,0.091445,0.738095,0.00086,0.0616694,0.477604,0.522396,0.2925556,0.249023
dnn_n2_transpiled.qasm,small,Other,2,308,severity,qubit_swap,0.3,0.736438,0.581376,0.270115,0.375784,0.23192,1.0,0.001983,0.0714578,0.467845,0.532155,0.3093505,0.230469
dnn_n2_transpiled.qasm,small,Other,2,308,severity,qubit_swap,0.6,0.563569,0.448463,0.445402,0.622265,0.333333,1.0,0.002675,0.0777388,0.021475,0.978525,0.3124897,0.015625
dnn_n8.qasm,small,Other,8,1016,severity,gate_deletion_1q,0.1,0.95456,0.493376,0.730833,0.665905,0.812992,0.0,0.013333,0.1347263,0.851631,0.148369,0.2403221,0.813477
dnn_n8.qasm,small,Other,8,1016,severity,gate_deletion_1q,0.3,0.850192,0.434436,0.789167,0.777124,0.858268,0.0,0.035417,0.1174378,0.934268,0.065732,0.2396744,0.919922
dnn_n8.qasm,small,Other,8,1016,severity,gate_deletion_1q,0.6,0.688442,0.396608,0.866667,0.841407,0.876969,0.0,0.035063,0.1069481,0.995204,0.004796,0.2328027,0.99707
dnn_n8.qasm,small,Other,8,1016,severity,gate_deletion_2q,0.1,0.959693,0.555559,0.675,0.468141,0.787402,0.104167,0.010274,0.1358964,0.791294,0.208706,0.2418388,0.772461
dnn_n8.qasm,small,Other,8,1016,severity,gate_deletion_2q,0.3,0.873505,0.473187,0.675,0.585431,0.795276,0.302083,0.011905,0.1415408,0.753277,0.246723,0.2429237,0.726562
dnn_n8.qasm,small,Other,8,1016,severity,gate_deletion_2q,0.6,0.734616,0.361023,0.63,0.740597,0.813976,0.604167,0.016393,0.1352303,0.812482,0.187518,0.2399808,0.787109
dnn_n8.qasm,small,Other,8,1016,severity,gate_insertion,0.1,0.921147,0.439266,0.765,0.78388,0.849732,0.0,0.016794,0.1442387,0.771884,0.228116,0.2518256,0.75
dnn_n8.qasm,small,Other,8,1016,severity,gate_insertion,0.3,0.773191,0.339899,0.8825,1.0,0.869796,0.0,0.037673,0.2067464,0.780597,0.219403,0.5747313,0.735352
dnn_n8.qasm,small,Other,8,1016,severity,gate_insertion,0.6,0.634533,0.314744,1.0,1.0,0.914042,0.0,0.024476,0.2234788,1.0,0.0,0.684043,1.0
dnn_n8.qasm,small,Other,8,1016,severity,gate_substitution,0.1,1.0,0.982109,0.0,0.019622,0.055118,0.0,0.0,0.1411112,0.752563,0.247437,0.255547,0.745117
dnn_n8.qasm,small,Other,8,1016,severity,gate_substitution,0.3,1.0,0.946607,0.0,0.058063,0.165354,0.0,0.0,0.1389097,0.773697,0.226303,0.2519446,0.735352
dnn_n8.qasm,small,Other,8,1016,severity,gate_substitution,0.6,1.0,0.894471,0.0,0.112535,0.330709,0.0,0.0,0.2019424,0.735679,0.264321,0.2424856,0.674805
dnn_n8.qasm,small,Other,8,1016,severity,gate_reorder,0.1,0.86213,0.682956,0.685833,0.530359,0.142717,0.0,0.0,0.1338284,0.773454,0.226546,0.241701,0.744141
dnn_n8.qasm,small,Other,8,1016,severity,gate_reorder,0.3,0.838892,0.600777,0.680833,0.648626,0.350394,0.0,0.0,0.1497341,0.977997,0.022003,0.5195071,0.967773
dnn_n8.qasm,small,Other,8,1016,severity,gate_reorder,0.6,0.902405,0.512382,0.698333,0.776698,0.555118,0.0,0.0,0.1515422,0.9787,0.0213,0.5265732,0.977539
dnn_n8.qasm,small,Other,8,1016,severity,trojan_NOT,0.1,0.918048,0.449453,0.75,0.768468,0.837209,0.0,0.016412,0.162621,1.0,0.0,0.5764307,1.0
dnn_n8.qasm,small,Other,8,1016,severity,trojan_NOT,0.3,0.776289,0.334059,0.894167,1.0,0.900076,0.0,0.018011,0.1954742,1.0,0.0,0.6051946,1.0
dnn_n8.qasm,small,Other,8,1016,severity,trojan_NOT,0.6,0.642278,0.317412,1.0,1.0,0.901575,0.0,0.022727,0.209677,1.0,0.0,0.643113,1.0
dnn_n8.qasm,small,Other,8,1016,severity,trojan_H,0.1,0.922696,0.431274,0.801667,0.806588,0.823792,0.0,0.014122,0.1457232,0.799879,0.200121,0.2592972,0.761719
dnn_n8.qasm,small,Other,8,1016,severity,trojan_H,0.3,0.77474,0.333898,0.935833,1.0,0.869796,0.0,0.01768,0.1991932,0.877889,0.122111,0.6041223,0.849609
dnn_n8.qasm,small,Other,8,1016,severity,trojan_H,0.6,0.642278,0.318695,1.0,1.0,0.896325,0.0,0.020396,0.1853612,0.797604,0.202396,0.2662281,0.78125
dnn_n8.qasm,small,Other,8,1016,severity,qubit_swap,0.1,0.848328,0.80494,0.171667,0.123585,0.091234,0.53125,0.015581,0.174448,0.831336,0.168664,0.540923,0.700195
dnn_n8.qasm,small,Other,8,1016,severity,qubit_swap,0.3,0.602766,0.549632,0.485833,0.36796,0.230886,1.0,0.025303,0.1871348,0.805687,0.194313,0.59103,0.667969
dnn_n8.qasm,small,Other,8,1016,severity,qubit_swap,0.6,0.35101,0.394098,0.826667,0.606478,0.333333,1.0,0.029676,0.2877447,0.785429,0.214571,0.6343789,0.629883
dnn_n8_transpiled.qasm,small,Other,8,1424,severity,gate_deletion_1q,0.1,0.948474,0.567685,0.583333,0.637857,0.601124,0.0,0.013405,0.2426344,0.785754,0.214246,0.2463475,0.756836
dnn_n8_transpiled.qasm,small,Other,8,1424,severity,gate_deletion_1q,0.3,0.830785,0.473522,0.722015,0.777165,0.714185,0.0,0.033307,0.1523901,0.955558,0.044442,0.2493284,0.954102
dnn_n8_transpiled.qasm,small,Other,8,1424,severity,gate_deletion_1q,0.6,0.663087,0.410645,0.855721,0.834468,0.818118,0.0,0.053097,0.1362054,0.980047,0.019953,0.232751,0.974609
dnn_n8_transpiled.qasm,small,Other,8,1424,severity,gate_deletion_2q,0.1,0.963704,0.671358,0.421642,0.347417,0.611657,0.104167,0.006345,0.1827692,0.785354,0.214646,0.2479012,0.763672
dnn_n8_transpiled.qasm,small,Other,8,1424,severity,gate_deletion_2q,0.3,0.885785,0.569862,0.517413,0.511055,0.563202,0.302083,0.006,0.181835,0.75632,0.24368,0.2487534,0.733398
dnn_n8_transpiled.qasm,small,Other,8,1424,severity,gate_deletion_2q,0.6,0.760648,0.475306,0.471393,0.616225,0.577247,0.604167,0.020231,0.1711099,0.788398,0.211602,0.244198,0.746094
dnn_n8_transpiled.qasm,small,Other,8,1424,severity,gate_insertion,0.1,0.922594,0.512547,0.598881,0.751329,0.666241,0.0,0.01407,0.1902426,0.771221,0.228779,0.2539846,0.739258
dnn_n8_transpiled.qasm,small,Other,8,1424,severity,gate_insertion,0.3,0.785585,0.383726,0.762438,1.0,0.75,0.0,0.01908,0.2312817,0.718989,0.281011,0.7489031,0.685547
dnn_n8_transpiled.qasm,small,Other,8,1424,severity,gate_insertion,0.6,0.64126,0.342926,0.941542,1.0,0.814607,0.0,0.02921,0.2930858,0.915488,0.084512,0.8831637,0.889648
dnn_n8_transpiled.qasm,small,Other,8,1424,severity,gate_substitution,0.1,1.0,0.973841,0.0,0.025382,0.086376,0.0,0.0,0.181873,0.753485,0.246515,0.2515823,0.71582
dnn_n8_transpiled.qasm,small,Other,8,1424,severity,gate_substitution,0.3,1.0,0.922251,0.0,0.074466,0.258427,0.0,0.0,0.2386634,0.795515,0.204485,0.2468904,0.765625
dnn_n8_transpiled.qasm,small,Other,8,1424,severity,gate_substitution,0.6,1.0,0.845135,0.0,0.147527,0.516152,0.0,0.0,0.1752589,0.772838,0.227162,0.2484658,0.738281
dnn_n8_transpiled.qasm,small,Other,8,1424,severity,gate_reorder,0.1,0.681079,0.73974,0.53607,0.447644,0.115871,0.0,0.0,0.1799291,0.758564,0.241436,0.2496097,0.720703
dnn_n8_transpiled.qasm,small,Other,8,1424,severity,gate_reorder,0.3,0.797944,0.67523,0.563433,0.526732,0.279494,0.0,0.0,0.1833231,0.991906,0.008094,0.6589834,0.991211
dnn_n8_transpiled.qasm,small,Other,8,1424,severity,gate_reorder,0.6,0.878766,0.605443,0.559701,0.660306,0.397472,0.0,0.0,0.192333,0.996561,0.003439,0.6790701,0.996094
dnn_n8_transpiled.qasm,small,Other,8,1424,severity,trojan_NOT,0.1,0.922594,0.50538,0.6051,0.764692,0.678366,0.0,0.005401,0.217953,1.0,0.0,0.8146511,1.0
dnn_n8_transpiled.qasm,small,Other,8,1424,severity,trojan_NOT,0.3,0.779032,0.380783,0.783582,1.0,0.74568,0.0,0.02544,0.2409397,0.822992,0.177008,0.2964893,0.786133
dnn_n8_transpiled.qasm,small,Other,8,1424,severity,trojan_NOT,0.6,0.65109,0.342817,0.95398,1.0,0.812266,0.0,0.016323,0.2924876,1.0,0.0,0.9038953,1.0
dnn_n8_transpiled.qasm,small,Other,8,1424,severity,trojan_H,0.1,0.924778,0.513365,0.592662,0.754338,0.664965,0.0,0.007248,0.1971794,0.791821,0.208179,0.2535729,0.765625
dnn_n8_transpiled.qasm,small,Other,8,1424,severity,trojan_H,0.3,0.783401,0.381533,0.774876,1.0,0.757019,0.0,0.008317,0.3106289,0.853963,0.146037,0.8643729,0.827148
dnn_n8_transpiled.qasm,small,Other,8,1424,severity,trojan_H,0.6,0.64126,0.343154,0.956468,1.0,0.805712,0.0,0.022337,0.2876712,0.952251,0.047749,0.9562761,0.945312
dnn_n8_transpiled.qasm,small,Other,8,1424,severity,qubit_swap,0.1,0.855961,0.761976,0.175995,0.121944,0.091257,0.744792,0.01735,0.2256117,0.83133,0.16867,0.7092026,0.705078
dnn_n8_transpiled.qasm,small,Other,8,1424,severity,qubit_swap,0.3,0.59989,0.548595,0.517413,0.357557,0.231102,1.0,0.024272,0.2507664,0.810233,0.189767,0.7800214,0.666016
dnn_n8_transpiled.qasm,small,Other,8,1424,severity,qubit_swap,0.6,0.340875,0.39607,0.85199,0.593584,0.333333,1.0,0.017105,0.3010804,0.824646,0.175354,0.8356988,0.697266
error_correctiond3_n5.qasm,small,Other,5,119,severity,gate_deletion_1q,0.1,0.97585,0.569223,0.889571,0.477799,0.638655,0.0,0.02381,0.0200789,0.866204,0.133796,0.2562233,0.757812
error_correctiond3_n5.qasm,small,Other,5,119,severity,gate_deletion_1q,0.3,0.919793,0.542061,0.877301,0.592817,0.579832,0.0,0.028912,0.0184003,0.861185,0.138815,0.2757543,0.754883
error_correctiond3_n5.qasm,small,Other,5,119,severity,gate_deletion_1q,0.6,0.808621,0.487127,0.91411,0.676698,0.680672,0.0,0.027778,0.0147718,0.978464,0.021536,0.2677592,0.967773
error_correctiond3_n5.qasm,small,Other,5,119,severity,gate_deletion_2q,0.1,0.934458,0.680758,0.650307,0.334776,0.411765,0.102041,0.017631,0.0198486,0.069896,0.930104,0.2767439,0.066406
error_correctiond3_n5.qasm,small,Other,5,119,severity,gate_deletion_2q,0.3,0.807306,0.515721,1.0,0.489005,0.495798,0.306122,0.027433,0.0189674,0.71873,0.28127,0.2710076,0.549805
error_correctiond3_n5.qasm,small,Other,5,119,severity,gate_deletion_2q,0.6,0.610665,0.384179,1.0,0.608492,0.605042,0.612245,0.093915,0.016269,0.591608,0.408392,0.2715277,0.541016
error_correctiond3_n5.qasm,small,Other,5,119,severity,gate_insertion,0.1,0.946964,0.530655,0.920245,0.544875,0.664122,0.0,0.077778,0.0230152,0.887274,0.112726,0.2782521,0.883789
error_correctiond3_n5.qasm,small,Other,5,119,severity,gate_insertion,0.3,0.833176,0.411295,1.0,0.841337,0.677419,0.0,0.087535,0.0274012,0.574993,0.425007,0.2713383,0.518555
error_correctiond3_n5.qasm,small,Other,5,119,severity,gate_insertion,0.6,0.722868,0.348478,1.0,1.0,0.685393,0.0,0.14443,0.0326897,0.712467,0.287533,0.2707357,0.538086
error_correctiond3_n5.qasm,small,Other,5,119,severity,gate_substitution,0.1,1.0,0.984041,0.0,0.011985,0.058824,0.0,0.0,0.0213287,0.552664,0.447336,0.2620586,0.486328
error_correctiond3_n5.qasm,small,Other,5,119,severity,gate_substitution,0.3,1.0,0.956682,0.0,0.03253,0.159664,0.0,0.0,0.0211597,0.565158,0.434842,0.2705106,0.506836
error_correctiond3_n5.qasm,small,Other,5,119,severity,gate_substitution,0.6,1.0,0.913363,0.0,0.065061,0.319328,0.0,0.0,0.0212772,0.555756,0.444244,0.2717068,0.491211
error_correctiond3_n5.qasm,small,Other,5,119,severity,gate_reorder,0.1,0.992247,0.777342,0.687117,0.303271,0.067227,0.0,0.0,0.0211897,0.068078,0.931922,0.2771388,0.061523
error_correctiond3_n5.qasm,small,Other,5,119,severity,gate_reorder,0.3,0.996101,0.620854,0.981595,0.484919,0.310924,0.0,0.0,0.0215596,0.874989,0.125011,0.2756913,0.866211
error_correctiond3_n5.qasm,small,Other,5,119,severity,gate_reorder,0.6,0.99219,0.597747,1.0,0.485429,0.411765,0.0,0.0,0.0212128,0.945593,0.054407,0.27319,0.939453
error_correctiond3_n5.qasm,small,Other,5,119,severity,trojan_NOT,0.1,0.931457,0.505408,1.0,0.573598,0.687023,0.0,0.064286,0.0234197,1.0,0.0,0.2765714,1.0
error_correctiond3_n5.qasm,small,Other,5,119,severity,trojan_NOT,0.3,0.821546,0.412296,1.0,0.779945,0.76129,0.0,0.12465,0.026864,1.0,0.0,0.2733591,1.0
error_correctiond3_n5.qasm,small,Other,5,119,severity,trojan_NOT,0.6,0.718992,0.333144,1.0,1.0,0.775281,0.0,0.117999,0.0302276,0.059469,0.940531,0.2629564,0.05957
error_correctiond3_n5.qasm,small,Other,5,119,severity,trojan_H,0.1,0.943087,0.530896,1.0,0.587788,0.534351,0.0,0.065079,0.0228644,0.814831,0.185169,0.2520252,0.761719
error_correctiond3_n5.qasm,small,Other,5,119,severity,trojan_H,0.3,0.852559,0.446723,1.0,0.785094,0.574194,0.0,0.136555,0.0270596,0.940326,0.059674,0.2731719,0.935547
error_correctiond3_n5.qasm,small,Other,5,119,severity,trojan_H,0.6,0.742251,0.346959,1.0,1.0,0.679775,0.0,0.170862,0.0298829,0.808045,0.191955,0.2764748,0.743164
error_correctiond3_n5.qasm,small,Other,5,119,severity,qubit_swap,0.1,0.92761,0.858062,0.147239,0.131442,0.091603,0.244898,0.065476,0.0235598,0.861227,0.138773,0.2751001,0.75293
error_correctiond3_n5.qasm,small,Other,5,119,severity,qubit_swap,0.3,0.767262,0.591143,0.441718,0.377673,0.232258,0.734694,0.170238,0.0278766,0.969038,0.030962,0.2647102,0.941406
error_correctiond3_n5.qasm,small,Other,5,119,severity,qubit_swap,0.6,0.61822,0.382552,0.711656,0.628067,0.331461,1.0,0.245837,0.0301811,0.720441,0.279559,0.2673629,0.546875
error_correctiond3_n5_transpiled.qasm,small,Other,5,242,severity,gate_deletion_1q,0.1,0.955845,0.547915,0.769231,0.552357,0.694215,0.0,0.04532,0.0392209,0.860704,0.139296,0.2257237,0.753906
error_correctiond3_n5_transpiled.qasm,small,Other,5,242,severity,gate_deletion_1q,0.3,0.866693,0.476164,0.86014,0.699131,0.735537,0.0,0.030117,0.0336801,0.914794,0.085206,0.2644992,0.875977
error_correctiond3_n5_transpiled.qasm,small,Other,5,242,severity,gate_deletion_1q,0.6,0.702808,0.39246,0.951049,0.840391,0.830579,0.0,0.046303,0.0265483,0.975809,0.024191,0.2562473,0.961914
error_correctiond3_n5_transpiled.qasm,small,Other,5,242,severity,gate_deletion_2q,0.1,0.948506,0.59971,0.660839,0.459689,0.590909,0.102041,0.016827,0.0416117,0.717497,0.282503,0.2680498,0.548828
error_correctiond3_n5_transpiled.qasm,small,Other,5,242,severity,gate_deletion_2q,0.3,0.854239,0.543212,0.629371,0.514889,0.590909,0.306122,0.027649,0.0398878,0.552207,0.447793,0.2447921,0.487305
error_correctiond3_n5_transpiled.qasm,small,Other,5,242,severity,gate_deletion_2q,0.6,0.719383,0.480329,0.625874,0.533926,0.561983,0.612245,0.040702,0.0371241,0.71712,0.28288,0.2508286,0.536133
error_correctiond3_n5_transpiled.qasm,small,Other,5,242,severity,gate_insertion,0.1,0.931719,0.527512,0.821678,0.636812,0.610487,0.0,0.042542,0.0471628,0.710193,0.289807,0.258089,0.53125
error_correctiond3_n5_transpiled.qasm,small,Other,5,242,severity,gate_insertion,0.3,0.822697,0.367099,0.982517,0.898341,0.796825,0.0,0.117386,0.0565489,0.552984,0.447016,0.2454255,0.487305
error_correctiond3_n5_transpiled.qasm,small,Other,5,242,severity,gate_insertion,0.6,0.720225,0.322141,1.0,1.0,0.818182,0.0,0.142228,0.0641602,0.809995,0.190005,0.2487189,0.742188
error_correctiond3_n5_transpiled.qasm,small,Other,5,242,severity,gate_substitution,0.1,1.0,0.976321,0.0,0.022791,0.078512,0.0,0.0,0.0433446,0.706788,0.293212,0.2369921,0.524414
error_correctiond3_n5_transpiled.qasm,small,Other,5,242,severity,gate_substitution,0.3,1.0,0.924831,0.0,0.080176,0.235537,0.0,0.0,0.0426822,0.569883,0.430117,0.2594248,0.511719
error_correctiond3_n5_transpiled.qasm,small,Other,5,242,severity,gate_substitution,0.6,1.0,0.854402,0.0,0.14917,0.466942,0.0,0.0,0.0423366,0.80571,0.19429,0.2593216,0.742188
error_correctiond3_n5_transpiled.qasm,small,Other,5,242,severity,gate_reorder,0.1,0.986914,0.740703,0.674825,0.394967,0.099174,0.0,0.0,0.0440375,0.809401,0.190599,0.254157,0.756836
error_correctiond3_n5_transpiled.qasm,small,Other,5,242,severity,gate_reorder,0.3,0.989085,0.658228,0.769231,0.488614,0.27686,0.0,0.0,0.043,0.871984,0.128016,0.2599129,0.861328
error_correctiond3_n5_transpiled.qasm,small,Other,5,242,severity,gate_reorder,0.6,0.999994,0.588019,0.804196,0.56797,0.46281,0.0,0.0,0.0418197,0.921708,0.078292,0.25419,0.931641
error_correctiond3_n5_transpiled.qasm,small,Other,5,242,severity,trojan_NOT,0.1,0.942622,0.51771,0.77972,0.633755,0.692884,0.0,0.049415,0.047674,1.0,0.0,0.2673741,1.0
error_correctiond3_n5_transpiled.qasm,small,Other,5,242,severity,trojan_NOT,0.3,0.816156,0.354688,0.975524,0.951415,0.790476,0.0,0.078925,0.0561034,1.0,0.0,0.2596289,1.0
error_correctiond3_n5_transpiled.qasm,small,Other,5,242,severity,trojan_NOT,0.6,0.700601,0.320355,1.0,1.0,0.831956,0.0,0.132536,0.0633708,1.0,0.0,0.2474531,1.0
error_correctiond3_n5_transpiled.qasm,small,Other,5,242,severity,trojan_H,0.1,0.9339,0.520566,0.793706,0.622761,0.685393,0.0,0.05333,0.0463677,0.80503,0.19497,0.2440323,0.741211
error_correctiond3_n5_transpiled.qasm,small,Other,5,242,severity,trojan_H,0.3,0.827058,0.38655,0.975524,0.849473,0.793651,0.0,0.110759,0.0546797,0.714238,0.285762,0.2498294,0.539062
error_correctiond3_n5_transpiled.qasm,small,Other,5,242,severity,trojan_H,0.6,0.707142,0.311321,1.0,1.0,0.84022,0.0,0.206352,0.0683355,0.891326,0.108674,0.2655203,0.889648
error_correctiond3_n5_transpiled.qasm,small,Other,5,242,severity,qubit_swap,0.1,0.912062,0.804787,0.167832,0.122985,0.093633,0.510204,0.062259,0.0503401,0.704831,0.295169,0.2436298,0.517578
error_correctiond3_n5_transpiled.qasm,small,Other,5,242,severity,qubit_swap,0.3,0.746303,0.536753,0.503497,0.345325,0.231746,1.0,0.2051,0.0558867,0.93519,0.06481,0.2544264,0.87793
error_correctiond3_n5_transpiled.qasm,small,Other,5,242,severity,qubit_swap,0.6,0.591473,0.382034,0.807692,0.59044,0.333333,1.0,0.234915,0.0662663,0.928443,0.071557,0.2492154,0.867188
fredkin_n3.qasm,small,Other,3,22,severity,gate_deletion_1q,0.1,0.962782,0.521398,0.962963,0.602108,0.590909,0.0,0.052381,0.0041301,0.0,1.0,0.2860083,0.0
fredkin_n3.qasm,small,Other,3,22,severity,gate_deletion_1q,0.3,0.883233,0.507044,0.888889,0.585244,0.727273,0.0,0.093333,0.0037977,1.0,0.0,0.2828466,1.0
fredkin_n3.qasm,small,Other,3,22,severity,gate_deletion_1q,0.6,0.759431,0.401,1.0,0.804439,0.818182,0.0,0.038095,0.0031295,1.0,0.0,0.2903764,1.0
fredkin_n3.qasm,small,Other,3,22,severity,gate_deletion_2q,0.1,0.946604,0.693849,0.592593,0.352535,0.318182,0.125,0.052381,0.0042133,1.0,0.0,0.2874695,1.0
fredkin_n3.qasm,small,Other,3,22,severity,gate_deletion_2q,0.3,0.791052,0.45409,1.0,0.456278,0.772727,0.375,0.066667,0.004139,0.755477,0.244523,0.3170392,0.768555
fredkin_n3.qasm,small,Other,3,22,severity,gate_deletion_2q,0.6,0.659688,0.280485,1.0,0.747964,0.863636,0.625,0.1,0.0036009,0.721882,0.278118,0.2907245,0.725586
fredkin_n3.qasm,small,Other,3,22,severity,gate_insertion,0.1,0.871307,0.462828,1.0,0.67573,0.72,0.0,0.066667,0.0051528,1.0,0.0,0.2864637,1.0
fredkin_n3.qasm,small,Other,3,22,severity,gate_insertion,0.3,0.748574,0.436295,1.0,0.736161,0.758621,0.0,0.043243,0.0055919,1.0,0.0,0.2909667,1.0
fredkin_n3.qasm,small,Other,3,22,severity,gate_insertion,0.6,0.650318,0.306312,1.0,1.0,0.909091,0.0,0.118699,0.0060839,0.876066,0.123934,0.2887621,0.905273
fredkin_n3.qasm,small,Other,3,22,severity,gate_substitution,0.1,1.0,0.985171,0.0,0.016393,0.045455,0.0,0.0,0.0044566,0.262177,0.737823,0.2883609,0.130859
fredkin_n3.qasm,small,Other,3,22,severity,gate_substitution,0.3,1.0,0.960157,0.0,0.035916,0.136364,0.0,0.0,0.00443,0.85876,0.14124,0.2953533,0.887695
fredkin_n3.qasm,small,Other,3,22,severity,gate_substitution,0.6,1.0,0.932047,0.0,0.064282,0.227273,0.0,0.0,0.004409,1.0,0.0,0.2903812,1.0
fredkin_n3.qasm,small,Other,3,22,severity,gate_reorder,0.1,0.975345,0.720948,0.62963,0.371607,0.272727,0.0,0.0,0.0042073,0.747723,0.252277,0.2836552,0.758789
fredkin_n3.qasm,small,Other,3,22,severity,gate_reorder,0.3,0.926672,0.556284,1.0,0.657372,0.318182,0.0,0.0,0.0045968,0.733948,0.266052,0.2925629,0.741211
fredkin_n3.qasm,small,Other,3,22,severity,gate_reorder,0.6,0.951327,0.55298,1.0,0.562916,0.5,0.0,0.0,0.0043722,1.0,0.0,0.2899838,1.0
fredkin_n3.qasm,small,Other,3,22,severity,trojan_NOT,0.1,0.871307,0.45359,1.0,0.707318,0.72,0.0,0.048485,0.00484,1.0,0.0,0.292144,1.0
fredkin_n3.qasm,small,Other,3,22,severity,trojan_NOT,0.3,0.797247,0.339812,1.0,0.967927,0.793103,0.0,0.127928,0.0054881,1.0,0.0,0.287288,1.0
fredkin_n3.qasm,small,Other,3,22,severity,trojan_NOT,0.6,0.577309,0.309446,1.0,1.0,0.878788,0.0,0.147967,0.0061857,1.0,0.0,0.2872395,1.0
fredkin_n3.qasm,small,Other,3,22,severity,trojan_H,0.1,0.91998,0.442253,1.0,0.731053,0.72,0.0,0.078788,0.0051252,0.827031,0.172969,0.2909736,0.853516
fredkin_n3.qasm,small,Other,3,22,severity,trojan_H,0.3,0.772911,0.340888,1.0,1.0,0.758621,0.0,0.073874,0.0055701,0.843976,0.156024,0.2885813,0.87207
fredkin_n3.qasm,small,Other,3,22,severity,trojan_H,0.6,0.601645,0.316438,1.0,1.0,0.878788,0.0,0.078049,0.0060413,0.965986,0.034014,0.2918141,0.981445
fredkin_n3.qasm,small,Other,3,22,severity,qubit_swap,0.1,0.871307,0.777109,0.296296,0.207944,0.12,0.375,0.066667,0.0049518,0.0,1.0,0.2887645,0.0
fredkin_n3.qasm,small,Other,3,22,severity,qubit_swap,0.3,0.700143,0.550034,0.481481,0.40757,0.241379,0.875,0.118182,0.0058346,1.0,0.0,0.2902583,1.0
fredkin_n3.qasm,small,Other,3,22,severity,qubit_swap,0.6,0.529273,0.402257,0.703704,0.623832,0.333333,1.0,0.071795,0.0063316,0.0,1.0,0.2897104,0.0
fredkin_n3_transpiled.qasm,small,Other,3,25,severity,gate_deletion_1q,0.1,0.947628,0.596592,0.866667,0.476203,0.52,0.0,0.02737,0.0048591,0.55931,0.44069,0.2756642,0.501953
fredkin_n3_transpiled.qasm,small,Other,3,25,severity,gate_deletion_1q,0.3,0.862173,0.510293,0.933333,0.618056,0.64,0.0,0.053872,0.0045245,1.0,0.0,0.2723752,1.0
fredkin_n3_transpiled.qasm,small,Other,3,25,severity,gate_deletion_1q,0.6,0.739347,0.314254,1.0,0.956157,0.96,0.0,0.090909,0.003427,1.0,0.0,0.2799385,1.0
fredkin_n3_transpiled.qasm,small,Other,3,25,severity,gate_deletion_2q,0.1,0.949165,0.504485,1.0,0.580117,0.56,0.125,0.054741,0.0049184,1.0,0.0,0.2942655,1.0
fredkin_n3_transpiled.qasm,small,Other,3,25,severity,gate_deletion_2q,0.3,0.788078,0.45427,1.0,0.533341,0.64,0.375,0.060606,0.0046003,0.741573,0.258427,0.2822027,0.750977
fredkin_n3_transpiled.qasm,small,Other,3,25,severity,gate_deletion_2q,0.6,0.64667,0.414519,1.0,0.51234,0.64,0.625,0.031621,0.0041925,0.736228,0.263772,0.2784238,0.744141
fredkin_n3_transpiled.qasm,small,Other,3,25,severity,gate_insertion,0.1,0.911328,0.516739,1.0,0.574933,0.607143,0.0,0.106061,0.0056494,1.0,0.0,0.2837569,1.0
fredkin_n3_transpiled.qasm,small,Other,3,25,severity,gate_insertion,0.3,0.790082,0.332714,1.0,0.983819,0.818182,0.0,0.093126,0.0062928,0.377779,0.622221,0.2681602,0.257812
fredkin_n3_transpiled.qasm,small,Other,3,25,severity,gate_insertion,0.6,0.665487,0.319503,1.0,1.0,0.837838,0.0,0.129293,0.0068645,1.0,0.0,0.2693535,1.0
fredkin_n3_transpiled.qasm,small,Other,3,25,severity,gate_substitution,0.1,1.0,0.969975,0.0,0.040072,0.08,0.0,0.0,0.0052014,0.55931,0.44069,0.2843235,0.501953
fredkin_n3_transpiled.qasm,small,Other,3,25,severity,gate_substitution,0.3,1.0,0.933306,0.0,0.07627,0.2,0.0,0.0,0.0039152,0.843069,0.156931,0.2942769,0.871094
fredkin_n3_transpiled.qasm,small,Other,3,25,severity,gate_substitution,0.6,1.0,0.876533,0.0,0.147048,0.36,0.0,0.0,0.005413,0.605807,0.394193,0.2955325,0.567383
fredkin_n3_transpiled.qasm,small,Other,3,25,severity,gate_reorder,0.1,0.980216,0.662435,1.0,0.444472,0.16,0.0,0.0,0.0054486,0.748495,0.251505,0.3023856,0.759766
fredkin_n3_transpiled.qasm,small,Other,3,25,severity,gate_reorder,0.3,0.940648,0.647397,0.933333,0.424579,0.32,0.0,0.0,0.0047585,1.0,0.0,0.3310262,1.0
fredkin_n3_transpiled.qasm,small,Other,3,25,severity,gate_reorder,0.6,0.940648,0.513213,1.0,0.642249,0.56,0.0,0.0,0.0045526,1.0,0.0,0.3306269,1.0
fredkin_n3_transpiled.qasm,small,Other,3,25,severity,trojan_NOT,0.1,0.911328,0.49162,1.0,0.63928,0.642857,0.0,0.060606,0.0056265,1.0,0.0,0.3197593,1.0
fredkin_n3_transpiled.qasm,small,Other,3,25,severity,trojan_NOT,0.3,0.82965,0.337216,1.0,0.968845,0.787879,0.0,0.161123,0.0068069,1.0,0.0,0.3240145,1.0
fredkin_n3_transpiled.qasm,small,Other,3,25,severity,trojan_NOT,0.6,0.705054,0.332334,1.0,1.0,0.783784,0.0,0.109091,0.0075347,1.0,0.0,0.3074271,1.0
fredkin_n3_transpiled.qasm,small,Other,3,25,severity,trojan_H,0.1,0.911328,0.515943,1.0,0.642553,0.535714,0.0,0.020202,0.0056751,1.0,0.0,0.2865005,1.0
fredkin_n3_transpiled.qasm,small,Other,3,25,severity,trojan_H,0.3,0.790082,0.366187,1.0,0.950689,0.69697,0.0,0.116778,0.0062348,0.841259,0.158741,0.283625,0.869141
fredkin_n3_transpiled.qasm,small,Other,3,25,severity,trojan_H,0.6,0.705054,0.341376,1.0,1.0,0.756757,0.0,0.072727,0.0069917,0.768845,0.231155,0.284549,0.785156
fredkin_n3_transpiled.qasm,small,Other,3,25,severity,qubit_swap,0.1,0.891687,0.799139,0.233333,0.173069,0.107143,0.375,0.088578,0.0055917,0.0,1.0,0.2858397,0.0
fredkin_n3_transpiled.qasm,small,Other,3,25,severity,qubit_swap,0.3,0.710954,0.532741,0.5,0.392055,0.242424,1.0,0.065553,0.0065795,0.0,1.0,0.2888174,0.0
fredkin_n3_transpiled.qasm,small,Other,3,25,severity,qubit_swap,0.6,0.567167,0.403991,0.7,0.596913,0.324324,1.0,0.172249,0.0071725,1.0,0.0,0.2823205,1.0
grover_n2.qasm,small,Oracle,2,18,severity,gate_deletion_1q,0.1,0.92898,0.690591,0.666667,0.337995,0.444444,0.0,0.022222,0.0034808,0.742339,0.257661,0.2788206,0.751953
grover_n2.qasm,small,Oracle,2,18,severity,gate_deletion_1q,0.3,0.809645,0.461826,1.0,0.696369,0.722222,0.0,0.0,0.0030161,1.0,0.0,0.278385,1.0
grover_n2.qasm,small,Oracle,2,18,severity,gate_deletion_1q,0.6,0.66769,0.417337,0.944444,0.794766,0.777778,0.0,0.072727,0.0023149,1.0,0.0,0.2905821,1.0
grover_n2.qasm,small,Oracle,2,18,severity,gate_deletion_2q,0.1,0.82196,0.486062,0.888889,0.509665,0.5,0.5,0.022222,0.0034243,0.742339,0.257661,0.290507,0.751953
grover_n2.qasm,small,Oracle,2,18,severity,gate_deletion_2q,0.3,0.82196,0.622123,0.666667,0.34314,0.277778,0.5,0.022222,0.0035599,0.75392,0.24608,0.3097568,0.766602
grover_n2.qasm,small,Oracle,2,18,severity,gate_deletion_2q,0.6,0.643841,0.389039,0.777778,0.477349,0.611111,1.0,0.05,0.0034082,0.743873,0.256127,0.3354329,0.753906
grover_n2.qasm,small,Oracle,2,18,severity,gate_insertion,0.1,0.903787,0.484133,1.0,0.595983,0.75,0.0,0.072727,0.0045482,0.562084,0.437916,0.3169901,0.505859
grover_n2.qasm,small,Oracle,2,18,severity,gate_insertion,0.3,0.787246,0.372655,1.0,0.878128,0.75,0.0,0.2,0.0044413,0.746951,0.253049,0.2989297,0.757812
grover_n2.qasm,small,Oracle,2,18,severity,gate_insertion,0.6,0.693599,0.3353,1.0,1.0,0.740741,0.0,0.165517,0.0048894,0.861591,0.138409,0.2965975,0.890625
grover_n2.qasm,small,Oracle,2,18,severity,gate_substitution,0.1,1.0,0.96409,0.0,0.039109,0.111111,0.0,0.0,0.003803,0.760952,0.239048,0.3067784,0.775391
grover_n2.qasm,small,Oracle,2,18,severity,gate_substitution,0.3,1.0,0.910224,0.0,0.097772,0.277778,0.0,0.0,0.0036142,0.550985,0.449015,0.2916553,0.490234
grover_n2.qasm,small,Oracle,2,18,severity,gate_substitution,0.6,1.0,0.838403,0.0,0.17599,0.5,0.0,0.0,0.0035726,0.546125,0.453875,0.2856221,0.483398
grover_n2.qasm,small,Oracle,2,18,severity,gate_reorder,0.1,1.0,0.96409,0.0,0.039109,0.111111,0.0,0.0,0.0035718,0.729404,0.270596,0.292166,0.735352
grover_n2.qasm,small,Oracle,2,18,severity,gate_reorder,0.3,1.0,0.684904,0.666667,0.392338,0.388889,0.0,0.0,0.0035133,1.0,0.0,0.2894641,1.0
grover_n2.qasm,small,Oracle,2,18,severity,gate_reorder,0.6,0.924239,0.586931,0.666667,0.545278,0.611111,0.0,0.0,0.0036308,0.75392,0.24608,0.2987372,0.766602
grover_n2.qasm,small,Oracle,2,18,severity,trojan_NOT,0.1,0.929041,0.585486,0.888889,0.455322,0.6,0.0,0.018182,0.0039973,1.0,0.0,0.2918435,1.0
grover_n2.qasm,small,Oracle,2,18,severity,trojan_NOT,0.3,0.761992,0.407397,1.0,0.803407,0.791667,0.0,0.030769,0.0045003,1.0,0.0,0.2841084,1.0
grover_n2.qasm,small,Oracle,2,18,severity,trojan_NOT,0.6,0.643091,0.415155,1.0,0.833875,0.666667,0.0,0.096552,0.0049944,1.0,0.0,0.2927653,1.0
grover_n2.qasm,small,Oracle,2,18,severity,trojan_H,0.1,0.929041,0.755989,0.555556,0.256481,0.3,0.0,0.109091,0.0039655,1.0,0.0,0.2835185,1.0
grover_n2.qasm,small,Oracle,2,18,severity,trojan_H,0.3,0.761992,0.42111,1.0,0.811848,0.708333,0.0,0.030769,0.0045608,0.736228,0.263772,0.2748332,0.744141
grover_n2.qasm,small,Oracle,2,18,severity,trojan_H,0.6,0.693599,0.405632,1.0,0.882249,0.62963,0.0,0.096552,0.0049367,1.0,0.0,0.2817915,1.0
grover_n2.qasm,small,Oracle,2,18,severity,qubit_swap,0.1,0.903738,0.694607,0.166667,0.163029,0.1,1.0,0.033333,0.0040337,0.0,1.0,0.2923035,0.0
grover_n2.qasm,small,Oracle,2,18,severity,qubit_swap,0.3,0.711853,0.512986,0.388889,0.489087,0.25,1.0,0.075,0.0045658,0.0,1.0,0.2846904,0.0
grover_n2.qasm,small,Oracle,2,18,severity,qubit_swap,0.6,0.567657,0.383756,0.555556,0.73363,0.333333,1.0,0.094737,0.0050459,0.0,1.0,0.2880381,0.0
grover_n2_transpiled.qasm,small,Oracle,2,17,severity,gate_deletion_1q,0.1,0.926497,0.65058,0.823529,0.401262,0.411765,0.0,0.03096,0.003254,0.714418,0.285582,0.2832624,0.71582
grover_n2_transpiled.qasm,small,Oracle,2,17,severity,gate_deletion_1q,0.3,0.804075,0.576961,0.764706,0.544058,0.529412,0.0,0.120301,0.0027784,1.0,0.0,0.2762383,1.0
grover_n2_transpiled.qasm,small,Oracle,2,17,severity,gate_deletion_1q,0.6,0.706826,0.409416,0.823529,0.814639,0.823529,0.0,0.172249,0.00241,1.0,0.0,0.2857071,1.0
grover_n2_transpiled.qasm,small,Oracle,2,17,severity,gate_deletion_2q,0.1,0.820451,0.619067,0.470588,0.424072,0.294118,0.5,0.03096,0.0033571,0.736228,0.263772,0.2825958,0.744141
grover_n2_transpiled.qasm,small,Oracle,2,17,severity,gate_deletion_2q,0.3,0.820451,0.619067,0.470588,0.424072,0.294118,0.5,0.03096,0.0033949,0.757819,0.242181,0.2790376,0.771484
grover_n2_transpiled.qasm,small,Oracle,2,17,severity,gate_deletion_2q,0.6,0.640811,0.379989,0.588235,0.558133,0.647059,1.0,0.070175,0.0030548,0.745411,0.254589,0.2842994,0.755859
grover_n2_transpiled.qasm,small,Oracle,2,17,severity,gate_insertion,0.1,0.90116,0.577457,0.823529,0.533521,0.526316,0.0,0.070175,0.0039194,0.552373,0.447627,0.2898993,0.492188
grover_n2_transpiled.qasm,small,Oracle,2,17,severity,gate_insertion,0.3,0.72904,0.299011,1.0,1.0,0.956522,0.0,0.096842,0.0045232,1.0,0.0,0.2897143,1.0
grover_n2_transpiled.qasm,small,Oracle,2,17,severity,gate_insertion,0.6,0.630323,0.333575,1.0,1.0,0.76,0.0,0.14425,0.0047727,1.0,0.0,0.2814465,1.0
grover_n2_transpiled.qasm,small,Oracle,2,17,severity,gate_substitution,0.1,1.0,0.958038,0.0,0.052666,0.117647,0.0,0.0,0.003636,0.0,1.0,0.2863081,0.0
grover_n2_transpiled.qasm,small,Oracle,2,17,severity,gate_substitution,0.3,1.0,0.90879,0.0,0.126146,0.235294,0.0,0.0,0.0035392,0.731673,0.268327,0.2825968,0.738281
grover_n2_transpiled.qasm,small,Oracle,2,17,severity,gate_substitution,0.6,1.0,0.805768,0.0,0.28604,0.470588,0.0,0.0,0.0035066,1.0,0.0,0.2841431,1.0
grover_n2_transpiled.qasm,small,Oracle,2,17,severity,gate_reorder,0.1,1.0,0.93384,0.0,0.121803,0.117647,0.0,0.0,0.0035906,1.0,0.0,0.2829376,1.0
grover_n2_transpiled.qasm,small,Oracle,2,17,severity,gate_reorder,0.3,1.0,0.599251,0.705882,0.539956,0.529412,0.0,0.0,0.0035675,1.0,0.0,0.2773844,1.0
grover_n2_transpiled.qasm,small,Oracle,2,17,severity,gate_reorder,0.6,0.974587,0.619561,0.823529,0.431506,0.529412,0.0,0.0,0.0035965,1.0,0.0,0.2949939,1.0
grover_n2_transpiled.qasm,small,Oracle,2,17,severity,trojan_NOT,0.1,0.926573,0.472821,0.823529,0.725072,0.736842,0.0,0.025063,0.0038615,1.0,0.0,0.2871671,1.0
grover_n2_transpiled.qasm,small,Oracle,2,17,severity,trojan_NOT,0.3,0.754453,0.324403,1.0,1.0,0.869565,0.0,0.016842,0.0045122,1.0,0.0,0.284251,1.0
grover_n2_transpiled.qasm,small,Oracle,2,17,severity,trojan_NOT,0.6,0.655737,0.316203,1.0,1.0,0.88,0.0,0.077973,0.0047399,0.0,1.0,0.283003,0.0
grover_n2_transpiled.qasm,small,Oracle,2,17,severity,trojan_H,0.1,0.926573,0.475281,0.823529,0.718042,0.736842,0.0,0.025063,0.0039023,0.0,1.0,0.275992,0.0
grover_n2_transpiled.qasm,small,Oracle,2,17,severity,trojan_H,0.3,0.754453,0.341794,1.0,1.0,0.782609,0.0,0.016842,0.0045524,0.552373,0.447627,0.2915181,0.492188
grover_n2_transpiled.qasm,small,Oracle,2,17,severity,trojan_H,0.6,0.706563,0.301981,1.0,1.0,0.84,0.0,0.300195,0.0048372,0.562084,0.437916,0.2915865,0.505859
grover_n2_transpiled.qasm,small,Oracle,2,17,severity,qubit_swap,0.1,0.901131,0.688852,0.176471,0.168709,0.105263,1.0,0.045767,0.0039381,0.0,1.0,0.2795223,0.0
grover_n2_transpiled.qasm,small,Oracle,2,17,severity,qubit_swap,0.3,0.704025,0.498731,0.411765,0.506126,0.26087,1.0,0.101868,0.0045315,0.0,1.0,0.2850124,0.0
grover_n2_transpiled.qasm,small,Oracle,2,17,severity,qubit_swap,0.6,0.605277,0.408366,0.529412,0.674834,0.32,1.0,0.120301,0.0049482,0.0,1.0,0.2888595,0.0
hhl_n7.qasm,small,Linear Algebra,7,697,severity,gate_deletion_1q,0.1,0.949399,0.482377,0.765695,0.807005,0.593974,0.0,0.015216,0.1167934,0.98858,0.01142,0.2304681,0.993164
hhl_n7.qasm,small,Linear Algebra,7,697,severity,gate_deletion_1q,0.3,0.853893,0.404786,0.843049,0.904907,0.743185,0.0,0.034018,0.1059609,0.981351,0.018649,0.2387598,0.987305
hhl_n7.qasm,small,Linear Algebra,7,697,severity,gate_deletion_1q,0.6,0.701511,0.340093,0.889013,1.0,0.813486,0.0,0.138577,0.0863377,0.918476,0.081524,0.2336282,0.912109
hhl_n7.qasm,small,Linear Algebra,7,697,severity,gate_deletion_2q,0.1,0.952384,0.414554,0.793722,0.857119,0.714491,0.102041,0.030902,0.1021147,0.981266,0.018734,0.2317214,0.988281
hhl_n7.qasm,small,Linear Algebra,7,697,severity,gate_deletion_2q,0.3,0.850588,0.39195,0.751121,0.844178,0.664275,0.30102,0.068607,0.1104196,0.923487,0.076513,0.2345941,0.94043
hhl_n7.qasm,small,Linear Algebra,7,697,severity,gate_deletion_2q,0.6,0.701172,0.321516,0.701794,0.860316,0.697274,0.602041,0.122419,0.096604,0.96799,0.03201,0.2313716,0.980469
hhl_n7.qasm,small,Linear Algebra,7,697,severity,gate_insertion,0.1,0.95012,0.393319,0.836323,0.947471,0.720991,0.0,0.054199,0.1233926,0.997751,0.002249,0.3678219,0.999023
hhl_n7.qasm,small,Linear Algebra,7,697,severity,gate_insertion,0.3,0.853212,0.325314,1.0,1.0,0.804851,0.0,0.137157,0.1389125,1.0,0.0,0.4238648,1.0
hhl_n7.qasm,small,Linear Algebra,7,697,severity,gate_insertion,0.6,0.76831,0.315845,1.0,1.0,0.818182,0.0,0.205189,0.1563477,0.961391,0.038609,0.4425108,0.976562
hhl_n7.qasm,small,Linear Algebra,7,697,severity,gate_substitution,0.1,1.0,0.975647,0.0,0.028587,0.071736,0.0,0.0,0.115477,0.952131,0.047869,0.2512947,0.941406
hhl_n7.qasm,small,Linear Algebra,7,697,severity,gate_substitution,0.3,1.0,0.927509,0.0,0.085779,0.212339,0.0,0.0,0.1081975,0.94459,0.05541,0.2346989,0.935547
hhl_n7.qasm,small,Linear Algebra,7,697,severity,gate_substitution,0.6,1.0,0.854819,0.0,0.17213,0.424677,0.0,0.0,0.1094961,0.986864,0.013136,0.2394864,0.989258
hhl_n7.qasm,small,Linear Algebra,7,697,severity,gate_reorder,0.1,0.974937,0.62838,0.738789,0.687757,0.10043,0.0,0.0,0.112485,0.965615,0.034385,0.2486897,0.978516
hhl_n7.qasm,small,Linear Algebra,7,697,severity,gate_reorder,0.3,0.953058,0.519722,0.79148,0.86987,0.285509,0.0,0.0,0.1245395,0.997225,0.002775,0.4397589,0.998047
hhl_n7.qasm,small,Linear Algebra,7,697,severity,gate_reorder,0.6,0.940644,0.476436,0.817265,0.873455,0.476327,0.0,0.0,0.119093,1.0,0.0,0.4210209,1.0
hhl_n7.qasm,small,Linear Algebra,7,697,severity,trojan_NOT,0.1,0.952398,0.388641,0.827354,0.971372,0.710561,0.0,0.051636,0.1236332,0.894867,0.105133,0.2695179,0.899414
hhl_n7.qasm,small,Linear Algebra,7,697,severity,trojan_NOT,0.3,0.860047,0.32658,0.991031,1.0,0.797133,0.0,0.153388,0.1413443,0.974882,0.025118,0.2635105,0.986328
hhl_n7.qasm,small,Linear Algebra,7,697,severity,trojan_NOT,0.6,0.756919,0.309922,1.0,1.0,0.857416,0.0,0.185943,0.1605989,1.0,0.0,0.5025727,1.0
hhl_n7.qasm,small,Linear Algebra,7,697,severity,trojan_H,0.1,0.951829,0.409138,0.831839,0.922529,0.687093,0.0,0.057828,0.1170907,0.995912,0.004088,0.4878114,0.998047
hhl_n7.qasm,small,Linear Algebra,7,697,severity,trojan_H,0.3,0.851503,0.324271,1.0,1.0,0.813671,0.0,0.129943,0.2041634,0.980557,0.019443,0.5632446,0.989258
hhl_n7.qasm,small,Linear Algebra,7,697,severity,trojan_H,0.6,0.760906,0.306741,1.0,1.0,0.857416,0.0,0.217761,0.1550744,0.987871,0.012129,0.4496959,0.993164
hhl_n7.qasm,small,Linear Algebra,7,697,severity,qubit_swap,0.1,0.933026,0.824632,0.15583,0.151067,0.091265,0.357143,0.09439,0.1282242,0.879272,0.120728,0.415262,0.780273
hhl_n7.qasm,small,Linear Algebra,7,697,severity,qubit_swap,0.3,0.80877,0.503193,0.449552,0.458454,0.231533,1.0,0.226091,0.1265016,0.756479,0.243521,0.4346858,0.588867
hhl_n7.qasm,small,Linear Algebra,7,697,severity,qubit_swap,0.6,0.673737,0.335176,0.746637,0.726235,0.333014,1.0,0.320437,0.1511888,0.758543,0.241457,0.4440656,0.594727
hhl_n7_transpiled.qasm,small,Linear Algebra,7,998,severity,gate_deletion_1q,0.1,0.94216,0.506247,0.631182,0.748755,0.674349,0.0,0.021412,0.1378736,0.983402,0.016598,0.244696,0.991211
hhl_n7_transpiled.qasm,small,Linear Algebra,7,998,severity,gate_deletion_1q,0.3,0.825002,0.430872,0.747695,0.870749,0.725451,0.0,0.07121,0.121751,0.983453,0.016547,0.2687534,0.991211
hhl_n7_transpiled.qasm,small,Linear Algebra,7,998,severity,gate_deletion_1q,0.6,0.650409,0.33785,0.859179,1.0,0.824649,0.0,0.183435,0.1090708,0.981886,0.018114,0.2538546,0.988281
hhl_n7_transpiled.qasm,small,Linear Algebra,7,998,severity,gate_deletion_2q,0.1,0.955698,0.567849,0.536463,0.578951,0.635271,0.102041,0.015862,0.1541977,0.977965,0.022035,0.2647056,0.988281
hhl_n7_transpiled.qasm,small,Linear Algebra,7,998,severity,gate_deletion_2q,0.3,0.872325,0.469093,0.583403,0.695823,0.669339,0.30102,0.057865,0.1302253,0.971308,0.028692,0.2556158,0.983398
hhl_n7_transpiled.qasm,small,Linear Algebra,7,998,severity,gate_deletion_2q,0.6,0.743112,0.404706,0.55658,0.688975,0.686373,0.602041,0.129834,0.1780642,0.910237,0.089763,0.2429796,0.931641
hhl_n7_transpiled.qasm,small,Linear Algebra,7,998,severity,gate_insertion,0.1,0.951947,0.465357,0.672255,0.816806,0.710383,0.0,0.058462,0.152373,0.978545,0.021455,0.2455362,0.986328
hhl_n7_transpiled.qasm,small,Linear Algebra,7,998,severity,gate_insertion,0.3,0.855459,0.353897,0.860017,1.0,0.761171,0.0,0.148667,0.161793,0.958173,0.041827,0.2431165,0.975586
hhl_n7_transpiled.qasm,small,Linear Algebra,7,998,severity,gate_insertion,0.6,0.760541,0.308337,1.0,1.0,0.845023,0.0,0.22658,0.2072516,1.0,0.0,0.549231,1.0
hhl_n7_transpiled.qasm,small,Linear Algebra,7,998,severity,gate_substitution,0.1,1.0,0.973693,0.0,0.029358,0.08016,0.0,0.0,0.1428164,0.992552,0.007448,0.2665867,0.996094
hhl_n7_transpiled.qasm,small,Linear Algebra,7,998,severity,gate_substitution,0.3,1.0,0.921122,0.0,0.088522,0.239479,0.0,0.0,0.132699,1.0,0.0,0.2449024,1.0
hhl_n7_transpiled.qasm,small,Linear Algebra,7,998,severity,gate_substitution,0.6,1.0,0.841915,0.0,0.178554,0.477956,0.0,0.0,0.1373391,0.955496,0.044504,0.2431945,0.967773
hhl_n7_transpiled.qasm,small,Linear Algebra,7,998,severity,gate_reorder,0.1,0.976175,0.651466,0.610226,0.669011,0.114228,0.0,0.0,0.1427593,0.967348,0.032652,0.4507479,0.981445
hhl_n7_transpiled.qasm,small,Linear Algebra,7,998,severity,gate_reorder,0.3,0.93805,0.585844,0.635373,0.741518,0.296593,0.0,0.0,0.1526259,0.990468,0.009532,0.4332044,0.995117
hhl_n7_transpiled.qasm,small,Linear Algebra,7,998,severity,gate_reorder,0.6,0.922981,0.509618,0.652976,0.85328,0.468938,0.0,0.0,0.1503144,0.996062,0.003938,0.4600605,0.998047
hhl_n7_transpiled.qasm,small,Linear Algebra,7,998,severity,trojan_NOT,0.1,0.950794,0.471461,0.667225,0.824444,0.667577,0.0,0.063846,0.1562734,0.94902,0.05098,0.2513524,0.955078
hhl_n7_transpiled.qasm,small,Linear Algebra,7,998,severity,trojan_NOT,0.3,0.854691,0.347603,0.865046,1.0,0.787365,0.0,0.151667,0.1794256,1.0,0.0,0.4571204,1.0
hhl_n7_transpiled.qasm,small,Linear Algebra,7,998,severity,trojan_NOT,0.6,0.760926,0.311774,1.0,1.0,0.832331,0.0,0.217593,0.2029414,1.0,0.0,0.4974587,1.0
hhl_n7_transpiled.qasm,small,Linear Algebra,7,998,severity,trojan_H,0.1,0.952716,0.457435,0.678961,0.846535,0.692168,0.0,0.06,0.2334868,0.954968,0.045032,0.4567745,0.96875
hhl_n7_transpiled.qasm,small,Linear Algebra,7,998,severity,trojan_H,0.3,0.858149,0.348285,0.844929,1.0,0.797381,0.0,0.155,0.1869795,0.994045,0.005955,0.5014529,0.99707
hhl_n7_transpiled.qasm,small,Linear Algebra,7,998,severity,trojan_H,0.6,0.765152,0.314003,1.0,1.0,0.819639,0.0,0.220695,0.2084302,0.994462,0.005538,0.541866,0.99707
hhl_n7_transpiled.qasm,small,Linear Algebra,7,998,severity,qubit_swap,0.1,0.934263,0.794126,0.166806,0.142931,0.091075,0.510204,0.105714,0.1389041,0.896337,0.103663,0.4774936,0.810547
hhl_n7_transpiled.qasm,small,Linear Algebra,7,998,severity,qubit_swap,0.3,0.807793,0.505582,0.480302,0.430262,0.231125,1.0,0.255556,0.1648703,0.82955,0.17045,0.5071149,0.704102
hhl_n7_transpiled.qasm,small,Linear Algebra,7,998,severity,qubit_swap,0.6,0.678283,0.329211,0.802179,0.712134,0.333333,1.0,0.345487,0.1836598,0.890852,0.109148,0.5240637,0.810547
hs4_n4.qasm,small,Other,4,32,severity,gate_deletion_1q,0.1,0.958646,0.58331,0.96875,0.457363,0.53125,0.0,0.050505,0.0058527,0.75392,0.24608,0.2869917,0.766602
hs4_n4.qasm,small,Other,4,32,severity,gate_deletion_1q,0.3,0.819881,0.467723,1.0,0.657036,0.6875,0.0,0.148148,0.0046454,1.0,0.0,0.2786007,1.0
hs4_n4.qasm,small,Other,4,32,severity,gate_deletion_1q,0.6,0.695126,0.366471,1.0,0.897782,0.71875,0.0,0.255556,0.0038954,1.0,0.0,0.2875636,1.0
hs4_n4.qasm,small,Other,4,32,severity,gate_deletion_2q,0.1,0.920599,0.7272,0.625,0.226908,0.21875,0.25,0.058824,0.0058256,0.743106,0.256894,0.279735,0.75293
hs4_n4.qasm,small,Other,4,32,severity,gate_deletion_2q,0.3,0.813228,0.552631,0.9375,0.408158,0.3125,0.5,0.013889,0.0055185,0.904811,0.095189,0.2821809,0.932617
hs4_n4.qasm,small,Other,4,32,severity,gate_deletion_2q,0.6,0.733795,0.496869,0.8125,0.445256,0.34375,0.75,0.066667,0.0053189,0.922582,0.077418,0.274286,0.948242
hs4_n4.qasm,small,Other,4,32,severity,gate_insertion,0.1,0.889003,0.535811,1.0,0.548478,0.583333,0.0,0.055556,0.0063982,0.75159,0.24841,0.2753366,0.763672
hs4_n4.qasm,small,Other,4,32,severity,gate_insertion,0.3,0.778489,0.434194,1.0,0.768615,0.690476,0.0,0.086957,0.0073236,0.754698,0.245302,0.2779114,0.767578
hs4_n4.qasm,small,Other,4,32,severity,gate_insertion,0.6,0.612125,0.344765,1.0,1.0,0.729167,0.0,0.094017,0.00834,1.0,0.0,0.2837908,1.0
hs4_n4.qasm,small,Other,4,32,severity,gate_substitution,0.1,1.0,0.972624,0.0,0.024644,0.09375,0.0,0.0,0.0058504,1.0,0.0,0.2767194,1.0
hs4_n4.qasm,small,Other,4,32,severity,gate_substitution,0.3,1.0,0.926999,0.0,0.065718,0.25,0.0,0.0,0.0058369,1.0,0.0,0.2820836,1.0
hs4_n4.qasm,small,Other,4,32,severity,gate_substitution,0.6,1.0,0.863122,0.0,0.123222,0.46875,0.0,0.0,0.0059387,0.839457,0.160543,0.2835663,0.867188
hs4_n4.qasm,small,Other,4,32,severity,gate_reorder,0.1,0.972046,0.627211,1.0,0.529397,0.1875,0.0,0.0,0.0058752,0.737752,0.262248,0.2788703,0.746094
hs4_n4.qasm,small,Other,4,32,severity,gate_reorder,0.3,0.916137,0.62644,1.0,0.513744,0.21875,0.0,0.0,0.0060151,0.897377,0.102623,0.2867373,0.925781
hs4_n4.qasm,small,Other,4,32,severity,gate_reorder,0.6,0.971861,0.550936,0.96875,0.617861,0.4375,0.0,0.0,0.0059455,1.0,0.0,0.2854597,1.0
hs4_n4.qasm,small,Other,4,32,severity,trojan_NOT,0.1,0.916957,0.601088,1.0,0.487369,0.361111,0.0,0.061111,0.0064587,1.0,0.0,0.2890117,1.0
hs4_n4.qasm,small,Other,4,32,severity,trojan_NOT,0.3,0.72258,0.4551,1.0,0.760544,0.595238,0.0,0.096618,0.0073985,1.0,0.0,0.2886726,1.0
hs4_n4.qasm,small,Other,4,32,severity,trojan_NOT,0.6,0.640079,0.338248,1.0,1.0,0.791667,0.0,0.034188,0.0092363,1.0,0.0,0.3472306,1.0
hs4_n4.qasm,small,Other,4,32,severity,trojan_H,0.1,0.944911,0.635628,0.9375,0.448802,0.277778,0.0,0.111111,0.0067624,0.910239,0.089761,0.3048402,0.9375
hs4_n4.qasm,small,Other,4,32,severity,trojan_H,0.3,0.72258,0.490529,1.0,0.648475,0.619048,0.0,0.086957,0.0080033,0.924893,0.075107,0.3244332,0.950195
hs4_n4.qasm,small,Other,4,32,severity,trojan_H,0.6,0.668033,0.395947,1.0,0.960909,0.541667,0.0,0.094017,0.0085671,1.0,0.0,0.2979478,1.0
hs4_n4.qasm,small,Other,4,32,severity,qubit_swap,0.1,0.86072,0.650427,0.3125,0.211171,0.111111,1.0,0.065657,0.0069458,1.0,0.0,0.3040248,1.0
hs4_n4.qasm,small,Other,4,32,severity,qubit_swap,0.3,0.66639,0.511341,0.53125,0.439465,0.238095,1.0,0.075397,0.007673,0.0,1.0,0.2893376,0.0
hs4_n4.qasm,small,Other,4,32,severity,qubit_swap,0.6,0.443784,0.349808,0.90625,0.690587,0.333333,1.0,0.058824,0.0085215,1.0,0.0,0.2869922,1.0
hs4_n4_transpiled.qasm,small,Other,4,32,severity,gate_deletion_1q,0.1,0.959159,0.594035,0.71875,0.495263,0.59375,0.0,0.060606,0.0057744,1.0,0.0,0.2734656,1.0
hs4_n4_transpiled.qasm,small,Other,4,32,severity,gate_deletion_1q,0.3,0.829846,0.474383,0.78125,0.724482,0.71875,0.0,0.111111,0.0046677,1.0,0.0,0.2838458,1.0
hs4_n4_transpiled.qasm,small,Other,4,32,severity,gate_deletion_1q,0.6,0.68741,0.377506,0.8125,0.908912,0.8125,0.0,0.2,0.0035938,1.0,0.0,0.2788329,1.0
hs4_n4_transpiled.qasm,small,Other,4,32,severity,gate_deletion_2q,0.1,0.920808,0.715034,0.4375,0.270597,0.34375,0.25,0.058824,0.0058203,0.745411,0.254589,0.2929041,0.755859
hs4_n4_transpiled.qasm,small,Other,4,32,severity,gate_deletion_2q,0.3,0.841602,0.489791,0.6875,0.52024,0.5625,0.5,0.125,0.0056522,0.738514,0.261486,0.2818652,0.74707
hs4_n4_transpiled.qasm,small,Other,4,32,severity,gate_deletion_2q,0.6,0.73866,0.421466,0.625,0.562477,0.65625,0.75,0.066667,0.0057439,0.91466,0.08534,0.2753122,0.941406
hs4_n4_transpiled.qasm,small,Other,4,32,severity,gate_insertion,0.1,0.898023,0.646677,0.6875,0.446598,0.444444,0.0,0.05,0.0067802,1.0,0.0,0.2782277,1.0
hs4_n4_transpiled.qasm,small,Other,4,32,severity,gate_insertion,0.3,0.792567,0.377476,1.0,0.911738,0.738095,0.0,0.057971,0.0077836,0.860645,0.139355,0.2852064,0.889648
hs4_n4_transpiled.qasm,small,Other,4,32,severity,gate_insertion,0.6,0.687169,0.323397,1.0,1.0,0.8125,0.0,0.141026,0.0084483,1.0,0.0,0.280648,1.0
hs4_n4_transpiled.qasm,small,Other,4,32,severity,gate_substitution,0.1,1.0,0.97034,0.0,0.031172,0.09375,0.0,0.0,0.0059892,1.0,0.0,0.2726258,1.0
hs4_n4_transpiled.qasm,small,Other,4,32,severity,gate_substitution,0.3,1.0,0.915156,0.0,0.099553,0.25,0.0,0.0,0.0060037,1.0,0.0,0.2741819,1.0
hs4_n4_transpiled.qasm,small,Other,4,32,severity,gate_substitution,0.6,1.0,0.83445,0.0,0.205143,0.46875,0.0,0.0,0.0061097,1.0,0.0,0.2727358,1.0
hs4_n4_transpiled.qasm,small,Other,4,32,severity,gate_reorder,0.1,0.952561,0.846022,0.375,0.207795,0.125,0.0,0.0,0.0059984,0.746181,0.253819,0.2795299,0.756836
hs4_n4_transpiled.qasm,small,Other,4,32,severity,gate_reorder,0.3,1.0,0.662956,0.6875,0.471911,0.34375,0.0,0.0,0.0060631,1.0,0.0,0.2819958,1.0
hs4_n4_transpiled.qasm,small,Other,4,32,severity,gate_reorder,0.6,0.976281,0.580324,0.9375,0.600859,0.34375,0.0,0.0,0.005973,1.0,0.0,0.2858916,1.0
hs4_n4_transpiled.qasm,small,Other,4,32,severity,trojan_NOT,0.1,0.898023,0.641158,0.6875,0.409986,0.527778,0.0,0.066667,0.0066796,1.0,0.0,0.2882969,1.0
hs4_n4_transpiled.qasm,small,Other,4,32,severity,trojan_NOT,0.3,0.768848,0.425557,0.875,0.777654,0.833333,0.0,0.043478,0.0075449,1.0,0.0,0.2857716,1.0
hs4_n4_transpiled.qasm,small,Other,4,32,severity,trojan_NOT,0.6,0.687169,0.323077,1.0,1.0,0.833333,0.0,0.102564,0.0085053,1.0,0.0,0.276163,1.0
hs4_n4_transpiled.qasm,small,Other,4,32,severity,trojan_H,0.1,0.898023,0.611341,0.625,0.494978,0.583333,0.0,0.05,0.0067356,1.0,0.0,0.3075164,1.0
hs4_n4_transpiled.qasm,small,Other,4,32,severity,trojan_H,0.3,0.768848,0.338509,1.0,1.0,0.785714,0.0,0.043478,0.0075749,1.0,0.0,0.2819623,1.0
hs4_n4_transpiled.qasm,small,Other,4,32,severity,trojan_H,0.6,0.616011,0.333013,1.0,1.0,0.770833,0.0,0.128205,0.0087893,1.0,0.0,0.2899578,1.0
hs4_n4_transpiled.qasm,small,Other,4,32,severity,qubit_swap,0.1,0.850424,0.661453,0.28125,0.185846,0.111111,1.0,0.090909,0.0071365,1.0,0.0,0.2821853,1.0
hs4_n4_transpiled.qasm,small,Other,4,32,severity,qubit_swap,0.3,0.673421,0.49586,0.59375,0.441037,0.238095,1.0,0.130952,0.0080285,1.0,0.0,0.2869542,1.0
hs4_n4_transpiled.qasm,small,Other,4,32,severity,qubit_swap,0.6,0.520412,0.340196,0.9375,0.693454,0.333333,1.0,0.098039,0.0090628,1.0,0.0,0.2858303,1.0
inverseqft_n4.qasm,small,Linear Algebra,4,19,severity,gate_deletion_1q,0.1,0.957213,0.343541,1.0,1.0,0.736842,0.0,0.090909,0.006542,0.541261,0.458739,0.2894292,0.476562
inverseqft_n4.qasm,small,Linear Algebra,4,19,severity,gate_deletion_1q,0.3,0.771846,0.335586,1.0,1.0,0.736842,0.0,0.170455,0.0053118,0.835873,0.164127,0.2843077,0.863281
inverseqft_n4.qasm,small,Linear Algebra,4,19,severity,gate_deletion_1q,0.6,0.682772,0.349172,1.0,1.0,0.684211,0.0,0.13986,0.0038979,0.0,1.0,0.2790073,0.0
inverseqft_n4.qasm,small,Linear Algebra,4,19,severity,gate_deletion_2q,0.1,1.0,1.0,0.0,0.0,0.0,0.0,0.0,0.0079994,0.0,1.0,0.2969858,0.0
inverseqft_n4.qasm,small,Linear Algebra,4,19,severity,gate_deletion_2q,0.3,1.0,1.0,0.0,0.0,0.0,0.0,0.0,0.0084174,0.0,1.0,0.2866369,0.0
inverseqft_n4.qasm,small,Linear Algebra,4,19,severity,gate_deletion_2q,0.6,1.0,1.0,0.0,0.0,0.0,0.0,0.0,0.0077058,0.0,1.0,0.2854821,0.0
inverseqft_n4.qasm,small,Linear Algebra,4,19,severity,gate_insertion,0.1,0.931951,0.68559,0.916667,0.345592,0.238095,0.0,0.083333,0.008625,0.552373,0.447627,0.2869477,0.492188
inverseqft_n4.qasm,small,Linear Algebra,4,19,severity,gate_insertion,0.3,0.821015,0.32961,1.0,1.0,0.8,0.0,0.103896,0.0093637,0.844885,0.155115,0.2929669,0.873047
inverseqft_n4.qasm,small,Linear Algebra,4,19,severity,gate_insertion,0.6,0.756645,0.472874,1.0,0.687833,0.607143,0.0,0.14956,0.011303,0.949452,0.050548,0.3156605,0.969727
inverseqft_n4.qasm,small,Linear Algebra,4,19,severity,gate_substitution,0.1,1.0,0.986166,0.0,0.009451,0.052632,0.0,0.0,0.0078761,0.562084,0.437916,0.2894365,0.505859
inverseqft_n4.qasm,small,Linear Algebra,4,19,severity,gate_substitution,0.3,1.0,0.958497,0.0,0.028353,0.157895,0.0,0.0,0.0083569,0.842163,0.157837,0.2862334,0.870117
inverseqft_n4.qasm,small,Linear Algebra,4,19,severity,gate_substitution,0.6,1.0,0.930829,0.0,0.047255,0.263158,0.0,0.0,0.0083132,0.867315,0.132685,0.291959,0.896484
inverseqft_n4.qasm,small,Linear Algebra,4,19,severity,gate_reorder,0.1,0.975093,0.785084,0.75,0.172315,0.210526,0.0,0.0,0.0068204,0.915777,0.084223,0.2902166,0.942383
inverseqft_n4.qasm,small,Linear Algebra,4,19,severity,gate_reorder,0.3,0.875465,0.663464,1.0,0.232208,0.526316,0.0,0.0,0.0069666,0.757038,0.242962,0.2831045,0.770508
inverseqft_n4.qasm,small,Linear Algebra,4,19,severity,gate_reorder,0.6,0.875465,0.415789,1.0,1.0,0.421053,0.0,0.0,0.0078496,0.733948,0.266052,0.2950503,0.741211
inverseqft_n4.qasm,small,Linear Algebra,4,19,severity,trojan_NOT,0.1,0.931951,0.328247,1.0,1.0,0.809524,0.0,0.098485,0.0088489,0.0,1.0,0.2948437,0.0
inverseqft_n4.qasm,small,Linear Algebra,4,19,severity,trojan_NOT,0.3,0.87083,0.507999,1.0,0.55644,0.72,0.0,0.032468,0.0091674,1.0,0.0,0.285432,1.0
inverseqft_n4.qasm,small,Linear Algebra,4,19,severity,trojan_NOT,0.6,0.756645,0.314705,1.0,1.0,0.785714,0.0,0.281525,0.0105861,1.0,0.0,0.2873085,1.0
inverseqft_n4.qasm,small,Linear Algebra,4,19,severity,trojan_H,0.1,0.931951,0.596087,1.0,0.347914,0.619048,0.0,0.083333,0.0087417,0.733948,0.266052,0.3074931,0.741211
inverseqft_n4.qasm,small,Linear Algebra,4,19,severity,trojan_H,0.3,0.845923,0.363117,1.0,1.0,0.6,0.0,0.168831,0.0089087,0.746951,0.253049,0.2922704,0.757812
inverseqft_n4.qasm,small,Linear Algebra,4,19,severity,trojan_H,0.6,0.781552,0.371533,1.0,1.0,0.607143,0.0,0.070381,0.0095318,0.847625,0.152375,0.290646,0.875977
inverseqft_n4.qasm,small,Linear Algebra,4,19,severity,qubit_swap,0.1,0.90733,0.71034,0.166667,0.108343,0.095238,1.0,0.076923,0.008565,0.0,1.0,0.2901379,0.0
inverseqft_n4.qasm,small,Linear Algebra,4,19,severity,qubit_swap,0.3,0.747341,0.444779,0.875,0.487495,0.24,1.0,0.053476,0.0092939,0.0,1.0,0.2835348,0.0
inverseqft_n4.qasm,small,Linear Algebra,4,19,severity,qubit_swap,0.6,0.608168,0.450309,0.75,0.456353,0.321429,1.0,0.131818,0.0098863,0.0,1.0,0.2801899,0.0
inverseqft_n4_transpiled.qasm,small,Linear Algebra,4,35,severity,gate_deletion_1q,0.1,0.924135,0.350332,1.0,1.0,0.714286,0.0,0.068111,0.0101281,0.721882,0.278118,0.2720808,0.725586
inverseqft_n4_transpiled.qasm,small,Linear Algebra,4,35,severity,gate_deletion_1q,0.3,0.715946,0.404511,0.85,1.0,0.571429,0.0,0.037037,0.0059305,0.905888,0.094112,0.2922829,0.933594
inverseqft_n4_transpiled.qasm,small,Linear Algebra,4,35,severity,gate_deletion_1q,0.6,0.588702,0.350298,0.925,1.0,0.685714,0.0,0.238095,0.0046743,0.837662,0.162338,0.2807908,0.865234
inverseqft_n4_transpiled.qasm,small,Linear Algebra,4,35,severity,gate_deletion_2q,0.1,1.0,1.0,0.0,0.0,0.0,0.0,0.0,0.0108059,0.0,1.0,0.2991942,0.0
inverseqft_n4_transpiled.qasm,small,Linear Algebra,4,35,severity,gate_deletion_2q,0.3,1.0,1.0,0.0,0.0,0.0,0.0,0.0,0.0112707,0.0,1.0,0.2857406,0.0
inverseqft_n4_transpiled.qasm,small,Linear Algebra,4,35,severity,gate_deletion_2q,0.6,1.0,1.0,0.0,0.0,0.0,0.0,0.0,0.0109313,0.0,1.0,0.2850599,0.0
inverseqft_n4_transpiled.qasm,small,Linear Algebra,4,35,severity,gate_insertion,0.1,0.93798,0.335261,1.0,1.0,0.794872,0.0,0.057644,0.01199,0.848541,0.151459,0.2864114,0.876953
inverseqft_n4_transpiled.qasm,small,Linear Algebra,4,35,severity,gate_insertion,0.3,0.826074,0.348302,1.0,1.0,0.695652,0.0,0.125671,0.0139118,0.841259,0.158741,0.2851257,0.869141
inverseqft_n4_transpiled.qasm,small,Linear Algebra,4,35,severity,gate_insertion,0.6,0.753859,0.334019,1.0,1.0,0.75,0.0,0.159809,0.0137519,0.952089,0.047911,0.2925138,0.97168
inverseqft_n4_transpiled.qasm,small,Linear Algebra,4,35,severity,gate_substitution,0.1,1.0,0.97113,0.0,0.033507,0.085714,0.0,0.0,0.0112097,0.744642,0.255358,0.2865366,0.754883
inverseqft_n4_transpiled.qasm,small,Linear Algebra,4,35,severity,gate_substitution,0.3,1.0,0.931781,0.0,0.064299,0.228571,0.0,0.0,0.0112999,0.560004,0.439996,0.2821004,0.50293
inverseqft_n4_transpiled.qasm,small,Linear Algebra,4,35,severity,gate_substitution,0.6,1.0,0.86779,0.0,0.132846,0.428571,0.0,0.0,0.0113576,1.0,0.0,0.281827,1.0
inverseqft_n4_transpiled.qasm,small,Linear Algebra,4,35,severity,gate_reorder,0.1,0.875828,0.746686,0.85,0.26151,0.171429,0.0,0.0,0.0103243,0.968941,0.031059,0.2815465,0.983398
inverseqft_n4_transpiled.qasm,small,Linear Algebra,4,35,severity,gate_reorder,0.3,0.889625,0.503823,0.95,0.89622,0.2,0.0,0.0,0.0107191,1.0,0.0,0.2940906,1.0
inverseqft_n4_transpiled.qasm,small,Linear Algebra,4,35,severity,gate_reorder,0.6,0.834437,0.672164,0.7,0.359123,0.485714,0.0,0.0,0.0100218,1.0,0.0,0.2919508,1.0
inverseqft_n4_transpiled.qasm,small,Linear Algebra,4,35,severity,trojan_NOT,0.1,0.910386,0.345518,1.0,1.0,0.74359,0.0,0.057644,0.0128426,1.0,0.0,0.288596,1.0
inverseqft_n4_transpiled.qasm,small,Linear Algebra,4,35,severity,trojan_NOT,0.3,0.826074,0.354261,1.0,1.0,0.673913,0.0,0.10956,0.0126718,0.0,1.0,0.2776921,0.0
inverseqft_n4_transpiled.qasm,small,Linear Algebra,4,35,severity,trojan_NOT,0.6,0.740062,0.307516,1.0,1.0,0.846154,0.0,0.232536,0.013588,1.0,0.0,0.2819074,1.0
inverseqft_n4_transpiled.qasm,small,Linear Algebra,4,35,severity,trojan_H,0.1,0.93798,0.371409,1.0,1.0,0.615385,0.0,0.055138,0.0114028,1.0,0.0,0.2927199,1.0
inverseqft_n4_transpiled.qasm,small,Linear Algebra,4,35,severity,trojan_H,0.3,0.812277,0.324742,1.0,1.0,0.847826,0.0,0.056928,0.0129709,0.827031,0.172969,0.2895081,0.853516
inverseqft_n4_transpiled.qasm,small,Linear Algebra,4,35,severity,trojan_H,0.6,0.740062,0.315823,1.0,1.0,0.865385,0.0,0.111005,0.0139095,0.901602,0.098398,0.307368,0.929688
inverseqft_n4_transpiled.qasm,small,Linear Algebra,4,35,severity,qubit_swap,0.1,0.92418,0.58529,0.575,0.278345,0.102564,1.0,0.105263,0.0118359,0.0,1.0,0.3075676,0.0
inverseqft_n4_transpiled.qasm,small,Linear Algebra,4,35,severity,qubit_swap,0.3,0.784596,0.48401,0.6,0.455908,0.23913,1.0,0.185965,0.0146739,0.0,1.0,0.332018,0.0
inverseqft_n4_transpiled.qasm,small,Linear Algebra,4,35,severity,qubit_swap,0.6,0.629839,0.387271,0.8,0.626582,0.326923,1.0,0.080409,0.0138444,0.0,1.0,0.3147086,0.0
ipea_n2.qasm,small,Other,2,41,severity,gate_deletion_1q,0.1,0.946763,0.747448,0.372549,0.358126,0.341463,0.0,0.030323,0.0180309,1.0,0.0,0.266216,1.0
ipea_n2.qasm,small,Other,2,41,severity,gate_deletion_1q,0.3,0.858013,0.603426,0.568627,0.543303,0.560976,0.0,0.089286,0.0169925,0.746951,0.253049,0.2822185,0.757812
ipea_n2.qasm,small,Other,2,41,severity,gate_deletion_1q,0.6,0.716389,0.516812,0.607843,0.682503,0.658537,0.0,0.214286,0.1070897,1.0,0.0,0.2832454,1.0
ipea_n2.qasm,small,Other,2,41,severity,gate_deletion_2q,0.1,0.964489,0.557406,0.470588,0.683796,0.512195,0.133333,0.035714,0.0194353,0.575255,0.424745,0.2380314,0.524414
ipea_n2.qasm,small,Other,2,41,severity,gate_deletion_2q,0.3,0.911309,0.392966,0.509804,0.8924,0.707317,0.333333,0.100932,0.0192234,0.976683,0.023317,0.2840927,0.988281
ipea_n2.qasm,small,Other,2,41,severity,gate_deletion_2q,0.6,0.840242,0.436087,0.54902,0.649635,0.560976,0.6,0.219925,0.0148154,0.990733,0.009267,0.2839446,0.996094
ipea_n2.qasm,small,Other,2,41,severity,gate_insertion,0.1,0.943085,0.530036,0.666667,0.721556,0.543478,0.0,0.087237,0.0219865,1.0,0.0,0.2905474,1.0
ipea_n2.qasm,small,Other,2,41,severity,gate_insertion,0.3,0.809277,0.355599,0.882353,1.0,0.759259,0.0,0.101967,0.0232291,0.690882,0.309118,0.2857741,0.68457
ipea_n2.qasm,small,Other,2,41,severity,gate_insertion,0.6,0.701088,0.34943,1.0,1.0,0.704918,0.0,0.095865,0.0251144,1.0,0.0,0.2820414,1.0
ipea_n2.qasm,small,Other,2,41,severity,gate_substitution,0.1,1.0,0.991544,0.0,0.010223,0.02439,0.0,0.0,0.0203015,0.549597,0.450403,0.2865782,0.488281
ipea_n2.qasm,small,Other,2,41,severity,gate_substitution,0.3,1.0,0.974632,0.0,0.030668,0.073171,0.0,0.0,0.0229482,0.843976,0.156024,0.2855472,0.87207
ipea_n2.qasm,small,Other,2,41,severity,gate_substitution,0.6,1.0,0.95772,0.0,0.051114,0.121951,0.0,0.0,0.020753,1.0,0.0,0.2781354,1.0
ipea_n2.qasm,small,Other,2,41,severity,gate_reorder,0.1,0.99991,0.859233,0.254902,0.209323,0.146341,0.0,0.0,0.0223373,0.562084,0.437916,0.2841921,0.505859
ipea_n2.qasm,small,Other,2,41,severity,gate_reorder,0.3,0.999281,0.660764,0.470588,0.572443,0.341463,0.0,0.0,0.0222015,1.0,0.0,0.2746879,1.0
ipea_n2.qasm,small,Other,2,41,severity,gate_reorder,0.6,0.998922,0.46981,0.627451,0.967176,0.487805,0.0,0.0,0.0230216,1.0,0.0,0.2813163,1.0
ipea_n2.qasm,small,Other,2,41,severity,trojan_NOT,0.1,0.927208,0.50881,0.627451,0.755633,0.652174,0.0,0.021663,0.0226908,1.0,0.0,0.2800597,1.0
ipea_n2.qasm,small,Other,2,41,severity,trojan_NOT,0.3,0.801338,0.378238,0.764706,1.0,0.777778,0.0,0.01501,0.0237984,0.98164,0.01836,0.2930246,0.991211
ipea_n2.qasm,small,Other,2,41,severity,trojan_NOT,0.6,0.68515,0.34824,1.0,1.0,0.754098,0.0,0.009398,0.0251947,1.0,0.0,0.2827659,1.0
ipea_n2.qasm,small,Other,2,41,severity,trojan_H,0.1,0.935146,0.404208,0.705882,0.999092,0.673913,0.0,0.05445,0.0216055,0.957493,0.042507,0.2719977,0.975586
ipea_n2.qasm,small,Other,2,41,severity,trojan_H,0.3,0.801348,0.358412,0.921569,1.0,0.759259,0.0,0.01501,0.0241033,0.956125,0.043875,0.2848322,0.974609
ipea_n2.qasm,small,Other,2,41,severity,trojan_H,0.6,0.740781,0.330362,1.0,1.0,0.721311,0.0,0.253759,0.0247202,0.903737,0.096263,0.28547,0.931641
ipea_n2.qasm,small,Other,2,41,severity,qubit_swap,0.1,0.91133,0.812338,0.117647,0.213071,0.108696,0.333333,0.070346,0.0218008,0.0,1.0,0.2879618,0.0
ipea_n2.qasm,small,Other,2,41,severity,qubit_swap,0.3,0.769379,0.528726,0.27451,0.553984,0.240741,0.866667,0.147213,0.0229804,0.0,1.0,0.2814658,0.0
ipea_n2.qasm,small,Other,2,41,severity,qubit_swap,0.6,0.645214,0.355017,0.411765,0.852283,0.327869,1.0,0.193452,0.0259343,0.0,1.0,0.3188012,0.0
ipea_n2_transpiled.qasm,small,Other,2,102,severity,gate_deletion_1q,0.1,0.942554,0.631037,0.427536,0.555285,0.539216,0.0,0.026393,0.0228672,1.0,0.0,0.2651993,1.0
ipea_n2_transpiled.qasm,small,Other,2,102,severity,gate_deletion_1q,0.3,0.845292,0.527272,0.572464,0.713152,0.686275,0.0,0.0,0.0200603,1.0,0.0,0.2839783,1.0
ipea_n2_transpiled.qasm,small,Other,2,102,severity,gate_deletion_1q,0.6,0.693835,0.4666,0.702899,0.761591,0.784314,0.0,0.045455,0.0167893,1.0,0.0,0.2975103,1.0
ipea_n2_transpiled.qasm,small,Other,2,102,severity,gate_deletion_2q,0.1,0.944709,0.58572,0.492754,0.605973,0.539216,0.1,0.004329,0.0260498,0.746181,0.253819,0.3049315,0.756836
ipea_n2_transpiled.qasm,small,Other,2,102,severity,gate_deletion_2q,0.3,0.847221,0.556653,0.463768,0.57309,0.558824,0.3,0.014354,0.0249815,0.922582,0.077418,0.2977437,0.948242
ipea_n2_transpiled.qasm,small,Other,2,102,severity,gate_deletion_2q,0.6,0.668211,0.436765,0.565217,0.650263,0.637255,0.6,0.034091,0.0242328,0.861591,0.138409,0.3691305,0.890625
ipea_n2_transpiled.qasm,small,Other,2,102,severity,gate_insertion,0.1,0.930821,0.575915,0.528986,0.65121,0.584071,0.0,0.0,0.0266448,0.988799,0.011201,0.3307231,0.995117
ipea_n2_transpiled.qasm,small,Other,2,102,severity,gate_insertion,0.3,0.829798,0.364619,0.811594,1.0,0.781955,0.0,0.072504,0.0333798,1.0,0.0,0.2996842,1.0
ipea_n2_transpiled.qasm,small,Other,2,102,severity,gate_insertion,0.6,0.718966,0.331336,1.0,1.0,0.816993,0.0,0.052658,0.0386702,1.0,0.0,0.346984,1.0
ipea_n2_transpiled.qasm,small,Other,2,102,severity,gate_substitution,0.1,1.0,0.977652,0.0,0.030237,0.058824,0.0,0.0,0.0269744,0.662075,0.337925,0.3047005,0.645508
ipea_n2_transpiled.qasm,small,Other,2,102,severity,gate_substitution,0.3,1.0,0.940313,0.0,0.075295,0.166667,0.0,0.0,0.026005,0.350949,0.649051,0.2926785,0.225586
ipea_n2_transpiled.qasm,small,Other,2,102,severity,gate_substitution,0.6,1.0,0.878561,0.0,0.162094,0.323529,0.0,0.0,0.0277121,1.0,0.0,0.2838089,1.0
ipea_n2_transpiled.qasm,small,Other,2,102,severity,gate_reorder,0.1,0.986884,0.869008,0.224638,0.221968,0.098039,0.0,0.0,0.0249141,0.809798,0.190202,0.2860439,0.833984
ipea_n2_transpiled.qasm,small,Other,2,102,severity,gate_reorder,0.3,0.95742,0.711657,0.449275,0.463222,0.294118,0.0,0.0,0.0278842,1.0,0.0,0.2909027,1.0
ipea_n2_transpiled.qasm,small,Other,2,102,severity,gate_reorder,0.6,0.954087,0.556017,0.652174,0.675295,0.54902,0.0,0.0,0.0444381,1.0,0.0,0.5614732,1.0
ipea_n2_transpiled.qasm,small,Other,2,102,severity,trojan_NOT,0.1,0.943922,0.45466,0.630435,0.856217,0.734513,0.0,0.041958,0.0302018,1.0,0.0,0.3438511,1.0
ipea_n2_transpiled.qasm,small,Other,2,102,severity,trojan_NOT,0.3,0.819972,0.358551,0.869565,1.0,0.804511,0.0,0.001115,0.0415581,1.0,0.0,0.378204,1.0
ipea_n2_transpiled.qasm,small,Other,2,102,severity,trojan_NOT,0.6,0.715682,0.323042,1.0,1.0,0.836601,0.0,0.096374,0.0408998,1.0,0.0,0.3770746,1.0
ipea_n2_transpiled.qasm,small,Other,2,102,severity,trojan_H,0.1,0.940672,0.428433,0.702899,0.887861,0.769912,0.0,0.013986,0.0350249,0.992752,0.007248,0.3683986,0.99707
ipea_n2_transpiled.qasm,small,Other,2,102,severity,trojan_H,0.3,0.819994,0.391074,0.869565,0.921548,0.766917,0.0,0.025655,0.0366274,0.93077,0.06923,0.3775175,0.955078
ipea_n2_transpiled.qasm,small,Other,2,102,severity,trojan_H,0.6,0.70915,0.337229,1.0,1.0,0.803922,0.0,0.019871,0.0401151,0.964533,0.035467,0.3637566,0.980469
ipea_n2_transpiled.qasm,small,Other,2,102,severity,qubit_swap,0.1,0.921007,0.840354,0.086957,0.150004,0.097345,0.366667,0.012987,0.0288897,0.0,1.0,0.2890909,0.0
ipea_n2_transpiled.qasm,small,Other,2,102,severity,qubit_swap,0.3,0.777392,0.567737,0.231884,0.422737,0.233083,1.0,0.029053,0.0314138,0.0,1.0,0.288647,0.0
ipea_n2_transpiled.qasm,small,Other,2,102,severity,qubit_swap,0.6,0.633806,0.429434,0.376812,0.695471,0.333333,1.0,0.039627,0.0342383,0.0,1.0,0.2885181,0.0
ising_n10.qasm,small,Simulation,10,490,severity,gate_deletion_1q,0.1,0.950942,0.528005,0.685965,0.695994,0.610204,0.0,0.03461,0.0853546,0.86456,0.13544,0.2459661,0.827148
ising_n10.qasm,small,Simulation,10,490,severity,gate_deletion_1q,0.3,0.860293,0.451862,0.803509,0.812348,0.685714,0.0,0.061469,0.0727235,0.988944,0.011056,0.2492765,0.983398
ising_n10.qasm,small,Simulation,10,490,severity,gate_deletion_1q,0.6,0.68692,0.377075,0.870175,0.923458,0.816327,0.0,0.059229,0.0521056,1.0,0.0,0.2304623,1.0
ising_n10.qasm,small,Simulation,10,490,severity,gate_deletion_2q,0.1,0.960777,0.725989,0.407018,0.33677,0.363265,0.1,0.024359,0.0905153,0.925289,0.074711,0.238797,0.896484
ising_n10.qasm,small,Simulation,10,490,severity,gate_deletion_2q,0.3,0.874853,0.546167,0.631579,0.576606,0.479592,0.3,0.013662,0.0861767,0.814965,0.185035,0.2322954,0.767578
ising_n10.qasm,small,Simulation,10,490,severity,gate_deletion_2q,0.6,0.734747,0.413708,0.610526,0.714233,0.606122,0.6,0.035067,0.0801829,0.88959,0.11041,0.2374408,0.849609
ising_n10.qasm,small,Simulation,10,490,severity,gate_insertion,0.1,0.916249,0.470155,0.742105,0.808602,0.664193,0.0,0.026797,0.1059676,0.905824,0.094176,0.8788164,0.878906
ising_n10.qasm,small,Simulation,10,490,severity,gate_insertion,0.3,0.767449,0.368817,0.896491,1.0,0.708006,0.0,0.051084,0.1262178,0.89045,0.10955,1.0064565,0.848633
ising_n10.qasm,small,Simulation,10,490,severity,gate_insertion,0.6,0.637348,0.335555,1.0,1.0,0.793197,0.0,0.058056,0.1082896,0.842507,0.157493,0.2660226,0.806641
ising_n10.qasm,small,Simulation,10,490,severity,gate_substitution,0.1,1.0,0.978513,0.0,0.015911,0.079592,0.0,0.0,0.0902135,0.918923,0.081077,0.2362965,0.881836
ising_n10.qasm,small,Simulation,10,490,severity,gate_substitution,0.3,1.0,0.935278,0.0,0.048476,0.238776,0.0,0.0,0.0853951,0.792539,0.207461,0.234791,0.727539
ising_n10.qasm,small,Simulation,10,490,severity,gate_substitution,0.6,1.0,0.870855,0.0,0.0961,0.477551,0.0,0.0,0.0842468,0.901313,0.098687,0.2310286,0.878906
ising_n10.qasm,small,Simulation,10,490,severity,gate_reorder,0.1,0.970082,0.6882,0.64386,0.546113,0.120408,0.0,0.0,0.0993058,0.962433,0.037567,0.8215311,0.944336
ising_n10.qasm,small,Simulation,10,490,severity,gate_reorder,0.3,0.932691,0.63794,0.680702,0.596956,0.255102,0.0,0.0,0.1037553,0.979408,0.020592,0.8874153,0.97168
ising_n10.qasm,small,Simulation,10,490,severity,gate_reorder,0.6,0.936432,0.602025,0.680702,0.601609,0.426531,0.0,0.0,0.0992365,1.0,0.0,0.8879841,1.0
ising_n10.qasm,small,Simulation,10,490,severity,trojan_NOT,0.1,0.912511,0.491756,0.742105,0.761123,0.634508,0.0,0.036336,0.109423,1.0,0.0,0.9158189,1.0
ising_n10.qasm,small,Simulation,10,490,severity,trojan_NOT,0.3,0.748754,0.358675,0.9,1.0,0.755102,0.0,0.053047,0.1247777,1.0,0.0,1.2081493,1.0
ising_n10.qasm,small,Simulation,10,490,severity,trojan_NOT,0.6,0.648565,0.334288,1.0,1.0,0.806803,0.0,0.043511,0.1200662,1.0,0.0,1.277839,1.0
ising_n10.qasm,small,Simulation,10,490,severity,trojan_H,0.1,0.916249,0.520948,0.696491,0.727896,0.591837,0.0,0.014478,0.1018116,0.845919,0.154081,0.2577683,0.805664
ising_n10.qasm,small,Simulation,10,490,severity,trojan_H,0.3,0.774927,0.375704,0.892982,1.0,0.687598,0.0,0.028288,0.0998649,0.854152,0.145848,1.1289395,0.80957
ising_n10.qasm,small,Simulation,10,490,severity,trojan_H,0.6,0.637348,0.336977,1.0,1.0,0.790476,0.0,0.049279,0.1268404,0.974576,0.025424,1.0736469,0.967773
ising_n10.qasm,small,Simulation,10,490,severity,qubit_swap,0.1,0.852668,0.799983,0.173684,0.118942,0.090909,0.544444,0.05264,0.1092297,0.997846,0.002154,0.9079989,0.99707
ising_n10.qasm,small,Simulation,10,490,severity,qubit_swap,0.3,0.587923,0.545603,0.514035,0.359271,0.230769,1.0,0.053926,0.1250701,0.997371,0.002629,0.9831157,0.995117
ising_n10.qasm,small,Simulation,10,490,severity,qubit_swap,0.6,0.334414,0.389375,0.850877,0.596569,0.333333,1.0,0.075282,0.1293482,0.998315,0.001685,1.0536599,0.99707
ising_n10_transpiled.qasm,small,Simulation,10,425,severity,gate_deletion_1q,0.1,0.963106,0.535609,0.772277,0.660621,0.571765,0.0,0.029792,0.0729868,0.962441,0.037559,0.2480617,0.947266
ising_n10_transpiled.qasm,small,Simulation,10,425,severity,gate_deletion_1q,0.3,0.872734,0.471944,0.831683,0.772355,0.644706,0.0,0.040383,0.0612117,0.982214,0.017786,0.2337522,0.976562
ising_n10_transpiled.qasm,small,Simulation,10,425,severity,gate_deletion_1q,0.6,0.715634,0.387768,0.887129,0.895308,0.792941,0.0,0.072166,0.0461804,1.0,0.0,0.2427029,1.0
ising_n10_transpiled.qasm,small,Simulation,10,425,severity,gate_deletion_2q,0.1,0.962988,0.633093,0.685149,0.400606,0.515294,0.1,0.008634,0.0755032,0.855666,0.144334,0.2521508,0.814453
ising_n10_transpiled.qasm,small,Simulation,10,425,severity,gate_deletion_2q,0.3,0.880133,0.533876,0.70099,0.52866,0.555294,0.3,0.04886,0.0759868,0.865222,0.134778,0.2338993,0.830078
ising_n10_transpiled.qasm,small,Simulation,10,425,severity,gate_deletion_2q,0.6,0.738185,0.42408,0.681188,0.646846,0.621176,0.6,0.031106,0.0683994,0.91882,0.08118,0.2383587,0.891602
ising_n10_transpiled.qasm,small,Simulation,10,425,severity,gate_insertion,0.1,0.900353,0.524081,0.70297,0.662931,0.67094,0.0,0.042593,0.098477,0.867771,0.132229,0.8297291,0.827148
ising_n10_transpiled.qasm,small,Simulation,10,425,severity,gate_insertion,0.3,0.746301,0.344369,0.982178,1.0,0.77396,0.0,0.035121,0.0997233,0.853952,0.146048,0.9359118,0.802734
ising_n10_transpiled.qasm,small,Simulation,10,425,severity,gate_insertion,0.6,0.628661,0.330047,1.0,1.0,0.816327,0.0,0.066879,0.097733,0.778445,0.221555,0.2683148,0.722656
ising_n10_transpiled.qasm,small,Simulation,10,425,severity,gate_substitution,0.1,1.0,0.978346,0.0,0.017498,0.077647,0.0,0.0,0.0792786,0.861107,0.138893,0.2353704,0.820312
ising_n10_transpiled.qasm,small,Simulation,10,425,severity,gate_substitution,0.3,1.0,0.935237,0.0,0.053273,0.230588,0.0,0.0,0.0783002,0.90182,0.09818,0.2388946,0.863281
ising_n10_transpiled.qasm,small,Simulation,10,425,severity,gate_substitution,0.6,1.0,0.871596,0.0,0.104684,0.458824,0.0,0.0,0.0787079,0.851662,0.148338,0.2350432,0.81543
ising_n10_transpiled.qasm,small,Simulation,10,425,severity,gate_reorder,0.1,0.907279,0.664733,0.69901,0.588415,0.122353,0.0,0.0,0.0796776,0.988913,0.011087,0.7866445,0.980469
ising_n10_transpiled.qasm,small,Simulation,10,425,severity,gate_reorder,0.3,0.858707,0.634827,0.750495,0.552298,0.296471,0.0,0.0,0.0881887,0.992494,0.007506,0.8275201,0.987305
ising_n10_transpiled.qasm,small,Simulation,10,425,severity,gate_reorder,0.6,0.880785,0.581044,0.764356,0.626075,0.425882,0.0,0.0,0.0419521,0.998499,0.001501,0.9137937,0.998047
ising_n10_transpiled.qasm,small,Simulation,10,425,severity,trojan_NOT,0.1,0.904768,0.50701,0.750495,0.729417,0.615385,0.0,0.020427,0.0954333,1.0,0.0,0.8669462,1.0
ising_n10_transpiled.qasm,small,Simulation,10,425,severity,trojan_NOT,0.3,0.759546,0.345764,0.978218,1.0,0.759494,0.0,0.056048,0.093857,0.833261,0.166739,0.2614232,0.793945
ising_n10_transpiled.qasm,small,Simulation,10,425,severity,trojan_NOT,0.6,0.624246,0.328432,1.0,1.0,0.835165,0.0,0.045352,0.1104538,1.0,0.0,0.9802219,1.0
ising_n10_transpiled.qasm,small,Simulation,10,425,severity,trojan_H,0.1,0.900353,0.505284,0.766337,0.68595,0.681624,0.0,0.03358,0.0889958,0.893879,0.106121,0.8652304,0.862305
ising_n10_transpiled.qasm,small,Simulation,10,425,severity,trojan_H,0.3,0.755131,0.349122,0.970297,1.0,0.748644,0.0,0.056048,0.1039462,0.931303,0.068697,0.9214033,0.90918
ising_n10_transpiled.qasm,small,Simulation,10,425,severity,trojan_H,0.6,0.602171,0.334062,1.0,1.0,0.806907,0.0,0.045566,0.1137706,0.930396,0.069604,1.002971,0.902344
ising_n10_transpiled.qasm,small,Simulation,10,425,severity,qubit_swap,0.1,0.860595,0.81083,0.180198,0.126579,0.09188,0.477778,0.039061,0.0910429,0.999512,0.000488,0.8551127,0.999023
ising_n10_transpiled.qasm,small,Simulation,10,425,severity,qubit_swap,0.3,0.587307,0.548542,0.49901,0.359695,0.231465,1.0,0.044199,0.1858399,0.993822,0.006178,0.9311577,0.990234
ising_n10_transpiled.qasm,small,Simulation,10,425,severity,qubit_swap,0.6,0.301871,0.394719,0.843564,0.588344,0.33281,1.0,0.062636,0.1181444,0.991697,0.008303,0.9523588,0.984375
iswap_n2.qasm,small,Other,2,11,severity,gate_deletion_1q,0.1,0.926163,0.426747,1.0,0.827342,0.636364,0.0,0.064103,0.0023112,0.0,1.0,0.2625443,0.0
iswap_n2.qasm,small,Other,2,11,severity,gate_deletion_1q,0.3,0.817332,0.447605,1.0,0.777271,0.636364,0.0,0.030769,0.0022305,0.736228,0.263772,0.3352925,0.744141
iswap_n2.qasm,small,Other,2,11,severity,gate_deletion_1q,0.6,0.743256,0.54839,0.727273,0.538068,0.636364,0.0,0.269231,0.0017783,1.0,0.0,0.2756949,1.0
iswap_n2.qasm,small,Other,2,11,severity,gate_deletion_2q,0.1,0.793978,0.59987,0.909091,0.300071,0.272727,0.5,0.041958,0.0023038,0.732431,0.267569,0.2995559,0.739258
iswap_n2.qasm,small,Other,2,11,severity,gate_deletion_2q,0.3,0.793978,0.59987,0.909091,0.300071,0.272727,0.5,0.041958,0.0023999,0.731673,0.268327,0.2870299,0.738281
iswap_n2.qasm,small,Other,2,11,severity,gate_deletion_2q,0.6,0.587658,0.311118,1.0,0.679189,0.454545,1.0,0.102564,0.0021635,0.734707,0.265293,0.2870582,0.742188
iswap_n2.qasm,small,Other,2,11,severity,gate_insertion,0.1,0.890271,0.443391,0.909091,0.796305,0.692308,0.0,0.030769,0.002807,1.0,0.0,0.2744363,1.0
iswap_n2.qasm,small,Other,2,11,severity,gate_insertion,0.3,0.780781,0.42529,1.0,0.893181,0.533333,0.0,0.054299,0.0032233,1.0,0.0,0.2865719,1.0
iswap_n2.qasm,small,Other,2,11,severity,gate_insertion,0.6,0.70726,0.374145,1.0,1.0,0.625,0.0,0.008547,0.0032349,0.738514,0.261486,0.2836239,0.74707
iswap_n2.qasm,small,Other,2,11,severity,gate_substitution,0.1,1.0,0.969725,0.0,0.034552,0.090909,0.0,0.0,0.002597,0.549597,0.450403,0.2779515,0.488281
iswap_n2.qasm,small,Other,2,11,severity,gate_substitution,0.3,1.0,0.904709,0.0,0.116417,0.272727,0.0,0.0,0.0024647,0.742339,0.257661,0.2756638,0.751953
iswap_n2.qasm,small,Other,2,11,severity,gate_substitution,0.6,1.0,0.844158,0.0,0.185521,0.454545,0.0,0.0,0.0027592,1.0,0.0,0.2663285,1.0
iswap_n2.qasm,small,Other,2,11,severity,gate_reorder,0.1,1.0,0.675647,0.727273,0.407243,0.363636,0.0,0.0,0.0024498,0.764099,0.235901,0.2707649,0.779297
iswap_n2.qasm,small,Other,2,11,severity,gate_reorder,0.3,0.962325,0.480398,0.909091,0.835226,0.454545,0.0,0.0,0.0024722,1.0,0.0,0.2795843,1.0
iswap_n2.qasm,small,Other,2,11,severity,gate_reorder,0.6,1.0,0.472064,0.909091,0.703195,0.727273,0.0,0.0,0.0024474,1.0,0.0,0.279095,1.0
iswap_n2.qasm,small,Other,2,11,severity,trojan_NOT,0.1,0.852595,0.351282,1.0,1.0,0.692308,0.0,0.102564,0.002749,0.0,1.0,0.2784793,0.0
iswap_n2.qasm,small,Other,2,11,severity,trojan_NOT,0.3,0.743106,0.333665,1.0,1.0,0.8,0.0,0.063348,0.0030366,1.0,0.0,0.2763276,1.0
iswap_n2.qasm,small,Other,2,11,severity,trojan_NOT,0.6,0.669585,0.338034,1.0,1.0,0.75,0.0,0.119658,0.0031923,1.0,0.0,0.2762385,1.0
iswap_n2.qasm,small,Other,2,11,severity,trojan_H,0.1,0.852595,0.447403,1.0,0.81328,0.538462,0.0,0.102564,0.0028393,0.746181,0.253819,0.2756375,0.756836
iswap_n2.qasm,small,Other,2,11,severity,trojan_H,0.3,0.70543,0.422023,1.0,0.790127,0.666667,0.0,0.180995,0.0031436,0.738514,0.261486,0.2796028,0.74707
iswap_n2.qasm,small,Other,2,11,severity,trojan_H,0.6,0.744935,0.313034,1.0,1.0,0.875,0.0,0.119658,0.0033048,0.861591,0.138409,0.2768734,0.890625
iswap_n2.qasm,small,Other,2,11,severity,qubit_swap,0.1,0.853045,0.622068,0.272727,0.288068,0.153846,1.0,0.054299,0.0028408,0.0,1.0,0.2736756,0.0
iswap_n2.qasm,small,Other,2,11,severity,qubit_swap,0.3,0.706287,0.468046,0.454545,0.576136,0.266667,1.0,0.087912,0.0031221,0.0,1.0,0.2787134,0.0
iswap_n2.qasm,small,Other,2,11,severity,qubit_swap,0.6,0.632713,0.393589,0.545455,0.72017,0.3125,1.0,0.100334,0.0032986,1.0,0.0,0.2789878,1.0
iswap_n2_transpiled.qasm,small,Other,2,16,severity,gate_deletion_1q,0.1,0.921377,0.45096,0.875,0.737338,0.75,0.0,0.097222,0.0030794,0.742339,0.257661,0.2722253,0.751953
iswap_n2_transpiled.qasm,small,Other,2,16,severity,gate_deletion_1q,0.3,0.790244,0.58241,0.6875,0.538886,0.625,0.0,0.008547,0.0025809,1.0,0.0,0.2753017,1.0
iswap_n2_transpiled.qasm,small,Other,2,16,severity,gate_deletion_1q,0.6,0.659063,0.525149,0.875,0.596798,0.5625,0.0,0.222222,0.0023515,1.0,0.0,0.2719294,1.0
iswap_n2_transpiled.qasm,small,Other,2,16,severity,gate_deletion_2q,0.1,0.816511,0.457727,0.625,0.594987,0.6875,0.5,0.027778,0.0031555,0.727141,0.272859,0.27884,0.732422
iswap_n2_transpiled.qasm,small,Other,2,16,severity,gate_deletion_2q,0.3,0.816511,0.457727,0.625,0.594987,0.6875,0.5,0.027778,0.0032384,0.728649,0.271351,0.2806072,0.734375
iswap_n2_transpiled.qasm,small,Other,2,16,severity,gate_deletion_2q,0.6,0.632912,0.374629,0.75,0.518634,0.625,1.0,0.063492,0.003068,0.750815,0.249185,0.2809074,0.762695
iswap_n2_transpiled.qasm,small,Other,2,16,severity,gate_insertion,0.1,0.921473,0.614651,0.625,0.509329,0.555556,0.0,0.022222,0.0036728,1.0,0.0,0.2862719,1.0
iswap_n2_transpiled.qasm,small,Other,2,16,severity,gate_insertion,0.3,0.817588,0.466757,0.8125,0.797736,0.571429,0.0,0.178744,0.004141,1.0,0.0,0.2762855,1.0
iswap_n2_transpiled.qasm,small,Other,2,16,severity,gate_insertion,0.6,0.63109,0.332479,1.0,1.0,0.833333,0.0,0.008547,0.0045461,1.0,0.0,0.2745835,1.0
iswap_n2_transpiled.qasm,small,Other,2,16,severity,gate_substitution,0.1,1.0,0.947951,0.0,0.077283,0.125,0.0,0.0,0.0034979,0.750815,0.249185,0.2720837,0.762695
iswap_n2_transpiled.qasm,small,Other,2,16,severity,gate_substitution,0.3,1.0,0.895902,0.0,0.154567,0.25,0.0,0.0,0.0033514,0.0,1.0,0.2650811,0.0
iswap_n2_transpiled.qasm,small,Other,2,16,severity,gate_substitution,0.6,1.0,0.799465,0.0,0.287242,0.5,0.0,0.0,0.0033485,0.547514,0.452486,0.2708235,0.485352
iswap_n2_transpiled.qasm,small,Other,2,16,severity,gate_reorder,0.1,0.999395,0.594657,0.6875,0.720623,0.25,0.0,0.0,0.0034173,0.743873,0.256127,0.2776671,0.753906
iswap_n2_transpiled.qasm,small,Other,2,16,severity,gate_reorder,0.3,1.0,0.862966,0.0,0.248669,0.25,0.0,0.0,0.0034314,1.0,0.0,0.2935619,1.0
iswap_n2_transpiled.qasm,small,Other,2,16,severity,gate_reorder,0.6,1.0,0.592418,1.0,0.485948,0.4375,0.0,0.0,0.003421,0.921435,0.078565,0.2748673,0.947266
iswap_n2_transpiled.qasm,small,Other,2,16,severity,trojan_NOT,0.1,0.921473,0.450964,0.75,0.796451,0.777778,0.0,0.022222,0.0036766,1.0,0.0,0.2661137,1.0
iswap_n2_transpiled.qasm,small,Other,2,16,severity,trojan_NOT,0.3,0.790019,0.47911,0.8125,0.760077,0.619048,0.0,0.091787,0.004104,1.0,0.0,0.2832566,1.0
iswap_n2_transpiled.qasm,small,Other,2,16,severity,trojan_NOT,0.6,0.68623,0.334829,1.0,1.0,0.791667,0.0,0.068376,0.0046126,1.0,0.0,0.2751925,1.0
iswap_n2_transpiled.qasm,small,Other,2,16,severity,trojan_H,0.1,0.893903,0.704757,0.375,0.422521,0.444444,0.0,0.022222,0.0036736,0.55931,0.44069,0.2789051,0.501953
iswap_n2_transpiled.qasm,small,Other,2,16,severity,trojan_H,0.3,0.817588,0.442079,0.8125,0.811458,0.714286,0.0,0.091787,0.0042368,1.0,0.0,0.2737943,1.0
iswap_n2_transpiled.qasm,small,Other,2,16,severity,trojan_H,0.6,0.68623,0.318803,1.0,1.0,0.833333,0.0,0.145299,0.0045441,0.736228,0.263772,0.2704135,0.744141
iswap_n2_transpiled.qasm,small,Other,2,16,severity,qubit_swap,0.1,0.893903,0.683508,0.1875,0.17744,0.111111,1.0,0.040404,0.003764,0.0,1.0,0.2805355,0.0
iswap_n2_transpiled.qasm,small,Other,2,16,severity,qubit_swap,0.3,0.73534,0.532935,0.375,0.4436,0.238095,1.0,0.079365,0.004465,1.0,0.0,0.2809355,1.0
iswap_n2_transpiled.qasm,small,Other,2,16,severity,qubit_swap,0.6,0.576354,0.390085,0.5625,0.709759,0.333333,1.0,0.104575,0.0046781,0.0,1.0,0.2864904,0.0
linearsolver_n3.qasm,small,Other,3,22,severity,gate_deletion_1q,0.1,0.912953,0.557716,0.956522,0.523727,0.545455,0.0,0.064103,0.0040162,0.970516,0.029484,0.2726176,0.962891
linearsolver_n3.qasm,small,Other,3,22,severity,gate_deletion_1q,0.3,0.862048,0.494503,1.0,0.586534,0.681818,0.0,0.138462,0.0034411,0.843436,0.156564,0.2752623,0.849609
linearsolver_n3.qasm,small,Other,3,22,severity,gate_deletion_1q,0.6,0.667432,0.349494,1.0,0.867646,0.863636,0.0,0.241026,0.0027349,0.92317,0.07683,0.2786626,0.914062
linearsolver_n3.qasm,small,Other,3,22,severity,gate_deletion_2q,0.1,0.865373,0.553286,0.869565,0.488238,0.454545,0.25,0.044872,0.0042651,0.246515,0.753485,0.2785038,0.246094
linearsolver_n3.qasm,small,Other,3,22,severity,gate_deletion_2q,0.3,0.755283,0.527212,0.782609,0.428006,0.5,0.5,0.055944,0.0039785,0.742157,0.257843,0.271333,0.739258
linearsolver_n3.qasm,small,Other,3,22,severity,gate_deletion_2q,0.6,0.669722,0.424111,0.782609,0.506398,0.590909,0.75,0.130769,0.004035,0.287935,0.712065,0.2814378,0.15625
linearsolver_n3.qasm,small,Other,3,22,severity,gate_insertion,0.1,0.893943,0.539278,1.0,0.612854,0.44,0.0,0.082228,0.0048054,0.489549,0.510451,0.2702075,0.423828
linearsolver_n3.qasm,small,Other,3,22,severity,gate_insertion,0.3,0.84276,0.364143,1.0,0.957445,0.689655,0.0,0.128205,0.0053321,0.751048,0.248952,0.2760831,0.751953
linearsolver_n3.qasm,small,Other,3,22,severity,gate_insertion,0.6,0.717942,0.326,1.0,1.0,0.787879,0.0,0.164241,0.0064012,0.620523,0.379477,0.2733186,0.679688
linearsolver_n3.qasm,small,Other,3,22,severity,gate_substitution,0.1,1.0,0.972453,0.0,0.026758,0.090909,0.0,0.0,0.0044227,0.753369,0.246631,0.2735117,0.75
linearsolver_n3.qasm,small,Other,3,22,severity,gate_substitution,0.3,1.0,0.944906,0.0,0.053515,0.181818,0.0,0.0,0.0045449,0.5858,0.4142,0.2723236,0.501953
linearsolver_n3.qasm,small,Other,3,22,severity,gate_substitution,0.6,1.0,0.889812,0.0,0.107031,0.363636,0.0,0.0,0.0043627,0.750092,0.249908,0.2682868,0.768555
linearsolver_n3.qasm,small,Other,3,22,severity,gate_reorder,0.1,1.0,0.795517,0.695652,0.234153,0.090909,0.0,0.0,0.0043421,0.821733,0.178267,0.285064,0.817383
linearsolver_n3.qasm,small,Other,3,22,severity,gate_reorder,0.3,1.0,0.560124,0.956522,0.665032,0.318182,0.0,0.0,0.004314,0.484851,0.515149,0.2888059,0.303711
linearsolver_n3.qasm,small,Other,3,22,severity,gate_reorder,0.6,0.95051,0.580025,1.0,0.53759,0.409091,0.0,0.0,0.004307,0.838606,0.161394,0.2782922,0.814453
linearsolver_n3.qasm,small,Other,3,22,severity,trojan_NOT,0.1,0.918518,0.468142,1.0,0.708635,0.64,0.0,0.058355,0.0047928,1.0,0.0,0.2767631,1.0
linearsolver_n3.qasm,small,Other,3,22,severity,trojan_NOT,0.3,0.769035,0.412433,1.0,0.846504,0.655172,0.0,0.102564,0.0053991,1.0,0.0,0.2736273,1.0
linearsolver_n3.qasm,small,Other,3,22,severity,trojan_NOT,0.6,0.717942,0.335771,1.0,1.0,0.787879,0.0,0.066528,0.0062934,1.0,0.0,0.2844227,1.0
linearsolver_n3.qasm,small,Other,3,22,severity,trojan_H,0.1,0.918518,0.552196,0.913043,0.531758,0.56,0.0,0.127321,0.004983,0.157911,0.842089,0.2765713,0.131836
linearsolver_n3.qasm,small,Other,3,22,severity,trojan_H,0.3,0.818185,0.437689,1.0,0.741595,0.724138,0.0,0.079254,0.0053755,0.838029,0.161971,0.2786245,0.871094
linearsolver_n3.qasm,small,Other,3,22,severity,trojan_H,0.6,0.668793,0.375705,1.0,0.964168,0.636364,0.0,0.095634,0.00595,0.758007,0.241993,0.2785352,0.789062
linearsolver_n3.qasm,small,Other,3,22,severity,qubit_swap,0.1,0.893916,0.716715,0.217391,0.199845,0.12,0.75,0.067308,0.0049127,0.922317,0.077683,0.2827519,0.854492
linearsolver_n3.qasm,small,Other,3,22,severity,qubit_swap,0.3,0.694654,0.469775,0.695652,0.501937,0.241379,1.0,0.019231,0.0056872,0.963822,0.036178,0.2852445,0.933594
linearsolver_n3.qasm,small,Other,3,22,severity,qubit_swap,0.6,0.521344,0.335432,0.869565,0.711077,0.333333,1.0,0.185897,0.0063742,0.274586,0.725414,0.2783842,0.086914
linearsolver_n3_transpiled.qasm,small,Other,3,29,severity,gate_deletion_1q,0.1,0.942388,0.517528,0.566667,0.619855,0.896552,0.0,0.012121,0.0051905,0.918469,0.081531,0.2764652,0.850586
linearsolver_n3_transpiled.qasm,small,Other,3,29,severity,gate_deletion_1q,0.3,0.797842,0.460885,0.733333,0.711578,0.827586,0.0,0.145455,0.0043808,0.708697,0.291303,0.2817281,0.700195
linearsolver_n3_transpiled.qasm,small,Other,3,29,severity,gate_deletion_1q,0.6,0.653016,0.413436,0.933333,0.782941,0.827586,0.0,0.070175,0.0034592,0.721231,0.278769,0.2756687,0.714844
linearsolver_n3_transpiled.qasm,small,Other,3,29,severity,gate_deletion_2q,0.1,0.846802,0.593799,0.533333,0.444117,0.586207,0.25,0.035191,0.0053384,0.226112,0.773888,0.276757,0.231445
linearsolver_n3_transpiled.qasm,small,Other,3,29,severity,gate_deletion_2q,0.3,0.767058,0.563634,0.6,0.533132,0.275862,0.5,0.045977,0.0053563,0.746499,0.253501,0.2739585,0.746094
linearsolver_n3_transpiled.qasm,small,Other,3,29,severity,gate_deletion_2q,0.6,0.613823,0.46203,0.466667,0.532643,0.62069,0.75,0.074074,0.0052046,0.761602,0.238398,0.2743118,0.767578
linearsolver_n3_transpiled.qasm,small,Other,3,29,severity,gate_insertion,0.1,0.942544,0.538823,0.766667,0.684604,0.5,0.0,0.065657,0.0062356,0.922949,0.077051,0.2742847,0.915039
linearsolver_n3_transpiled.qasm,small,Other,3,29,severity,gate_insertion,0.3,0.798321,0.348546,0.9,0.931104,0.868421,0.0,0.168831,0.0070265,0.781583,0.218417,0.2848566,0.789062
linearsolver_n3_transpiled.qasm,small,Other,3,29,severity,gate_insertion,0.6,0.712474,0.317582,1.0,1.0,0.883721,0.0,0.056738,0.0077788,0.904249,0.095751,0.2744082,0.904297
linearsolver_n3_transpiled.qasm,small,Other,3,29,severity,gate_substitution,0.1,1.0,0.964406,0.0,0.042585,0.103448,0.0,0.0,0.0056712,0.41134,0.58866,0.2800327,0.422852
linearsolver_n3_transpiled.qasm,small,Other,3,29,severity,gate_substitution,0.3,1.0,0.912984,0.0,0.110687,0.241379,0.0,0.0,0.0056492,0.748579,0.251421,0.2746314,0.754883
linearsolver_n3_transpiled.qasm,small,Other,3,29,severity,gate_substitution,0.6,1.0,0.828067,0.0,0.215375,0.482759,0.0,0.0,0.0055071,0.67341,0.32659,0.2747309,0.674805
linearsolver_n3_transpiled.qasm,small,Other,3,29,severity,gate_reorder,0.1,0.955917,0.79688,0.4,0.330097,0.137931,0.0,0.0,0.0056954,0.890822,0.109178,0.2728989,0.904297
linearsolver_n3_transpiled.qasm,small,Other,3,29,severity,gate_reorder,0.3,0.926529,0.625054,0.733333,0.57965,0.310345,0.0,0.0,0.0055602,1.0,0.0,0.2764996,1.0
linearsolver_n3_transpiled.qasm,small,Other,3,29,severity,gate_reorder,0.6,0.882446,0.570056,0.666667,0.666835,0.482759,0.0,0.0,0.0056837,1.0,0.0,0.2902847,1.0
linearsolver_n3_transpiled.qasm,small,Other,3,29,severity,trojan_NOT,0.1,0.92785,0.532528,0.766667,0.613304,0.65625,0.0,0.065657,0.006187,1.0,0.0,0.2903982,1.0
linearsolver_n3_transpiled.qasm,small,Other,3,29,severity,trojan_NOT,0.3,0.813015,0.35153,0.9,0.966261,0.815789,0.0,0.121212,0.0069782,1.0,0.0,0.279837,1.0
linearsolver_n3_transpiled.qasm,small,Other,3,29,severity,trojan_NOT,0.6,0.727168,0.320419,1.0,1.0,0.883721,0.0,0.028369,0.0076067,1.0,0.0,0.2773003,1.0
linearsolver_n3_transpiled.qasm,small,Other,3,29,severity,trojan_H,0.1,0.92785,0.514238,0.7,0.64056,0.75,0.0,0.065657,0.0060365,0.694343,0.305657,0.2745555,0.691406
linearsolver_n3_transpiled.qasm,small,Other,3,29,severity,trojan_H,0.3,0.813015,0.370065,0.9,0.956984,0.763158,0.0,0.073593,0.0072071,0.728393,0.271607,0.2841642,0.720703
linearsolver_n3_transpiled.qasm,small,Other,3,29,severity,trojan_H,0.6,0.756557,0.324065,1.0,1.0,0.790698,0.0,0.17795,0.0076771,0.761598,0.238402,0.2878025,0.765625
linearsolver_n3_transpiled.qasm,small,Other,3,29,severity,qubit_swap,0.1,0.942448,0.754773,0.166667,0.132425,0.09375,0.75,0.051282,0.006129,0.299822,0.700178,0.2849919,0.095703
linearsolver_n3_transpiled.qasm,small,Other,3,29,severity,qubit_swap,0.3,0.739154,0.527592,0.533333,0.39097,0.236842,1.0,0.081996,0.0071839,0.291021,0.708979,0.2800553,0.100586
linearsolver_n3_transpiled.qasm,small,Other,3,29,severity,qubit_swap,0.6,0.594369,0.390317,0.833333,0.586455,0.325581,1.0,0.14307,0.0079031,0.9589,0.0411,0.2813605,0.926758
lpn_n5.qasm,small,Error Correction,5,16,severity,gate_deletion_1q,0.1,0.891382,0.60431,1.0,0.479749,0.3125,0.0,0.152778,0.0030728,0.562942,0.437058,0.2851337,0.506836
lpn_n5.qasm,small,Error Correction,5,16,severity,gate_deletion_1q,0.3,0.811598,0.553547,0.846154,0.504517,0.625,0.0,0.179487,0.0026791,0.930889,0.069111,0.2828227,0.942383
lpn_n5.qasm,small,Error Correction,5,16,severity,gate_deletion_1q,0.6,0.73125,0.433406,1.0,0.77995,0.5625,0.0,0.311111,0.0021985,0.958344,0.041656,0.2769795,0.970703
lpn_n5.qasm,small,Error Correction,5,16,severity,gate_deletion_2q,0.1,0.786911,0.513539,1.0,0.528778,0.1875,0.5,0.138889,0.0031677,0.707458,0.292542,0.2865223,0.50293
lpn_n5.qasm,small,Error Correction,5,16,severity,gate_deletion_2q,0.3,0.786911,0.547859,1.0,0.430721,0.1875,0.5,0.138889,0.0031664,0.707458,0.292542,0.3010172,0.50293
lpn_n5.qasm,small,Error Correction,5,16,severity,gate_deletion_2q,0.6,0.573719,0.316295,1.0,0.684735,0.375,1.0,0.190476,0.002934,0.708144,0.291856,0.2821132,0.50293
lpn_n5.qasm,small,Error Correction,5,16,severity,gate_insertion,0.1,0.890972,0.567338,1.0,0.617131,0.277778,0.0,0.111111,0.0041382,1.0,0.0,0.3849052,1.0
lpn_n5.qasm,small,Error Correction,5,16,severity,gate_insertion,0.3,0.755364,0.394134,1.0,1.0,0.47619,0.0,0.10628,0.0041505,0.826281,0.173719,0.319118,0.852539
lpn_n5.qasm,small,Error Correction,5,16,severity,gate_insertion,0.6,0.675362,0.352137,1.0,1.0,0.666667,0.0,0.145299,0.0044926,0.838632,0.161368,0.2912823,0.865234
lpn_n5.qasm,small,Error Correction,5,16,severity,gate_substitution,0.1,1.0,0.981936,0.0,0.015896,0.0625,0.0,0.0,0.0034471,0.53764,0.46236,0.3119161,0.469727
lpn_n5.qasm,small,Error Correction,5,16,severity,gate_substitution,0.3,1.0,0.945809,0.0,0.047689,0.1875,0.0,0.0,0.0033573,0.801814,0.198186,0.289803,0.732422
lpn_n5.qasm,small,Error Correction,5,16,severity,gate_substitution,0.6,1.0,0.891618,0.0,0.095377,0.375,0.0,0.0,0.0033058,0.876525,0.123475,0.2872662,0.870117
lpn_n5.qasm,small,Error Correction,5,16,severity,gate_reorder,0.1,1.0,0.975,0.0,0.0,0.125,0.0,0.0,0.003275,0.002488,0.997512,0.2761084,0.00293
lpn_n5.qasm,small,Error Correction,5,16,severity,gate_reorder,0.3,1.0,0.975,0.0,0.0,0.125,0.0,0.0,0.0032436,0.010784,0.989216,0.2827193,0.012695
lpn_n5.qasm,small,Error Correction,5,16,severity,gate_reorder,0.6,0.944565,0.591266,1.0,0.596382,0.25,0.0,0.0,0.0032936,0.878987,0.121013,0.2784192,0.873047
lpn_n5.qasm,small,Error Correction,5,16,severity,trojan_NOT,0.1,0.890972,0.64949,1.0,0.414154,0.222222,0.0,0.111111,0.003551,1.0,0.0,0.2776305,1.0
lpn_n5.qasm,small,Error Correction,5,16,severity,trojan_NOT,0.3,0.699929,0.400046,1.0,0.905618,0.619048,0.0,0.091787,0.0040916,1.0,0.0,0.2862048,1.0
lpn_n5.qasm,small,Error Correction,5,16,severity,trojan_NOT,0.6,0.730797,0.300427,1.0,1.0,0.916667,0.0,0.162393,0.004475,1.0,0.0,0.275912,1.0
lpn_n5.qasm,small,Error Correction,5,16,severity,trojan_H,0.1,0.890972,0.544012,1.0,0.712346,0.222222,0.0,0.122222,0.003576,0.726389,0.273611,0.2809625,0.731445
lpn_n5.qasm,small,Error Correction,5,16,severity,trojan_H,0.3,0.755364,0.443096,1.0,0.918672,0.380952,0.0,0.091787,0.0043169,0.945594,0.054406,0.2972711,0.966797
lpn_n5.qasm,small,Error Correction,5,16,severity,trojan_H,0.6,0.564493,0.351068,1.0,1.0,0.625,0.0,0.239316,0.0044726,0.014104,0.985896,0.2948356,0.016602
lpn_n5.qasm,small,Error Correction,5,16,severity,qubit_swap,0.1,0.835386,0.65177,0.307692,0.18775,0.111111,1.0,0.141414,0.0036362,0.70033,0.29967,0.284494,0.50293
lpn_n5.qasm,small,Error Correction,5,16,severity,qubit_swap,0.3,0.644171,0.453322,0.769231,0.474897,0.238095,1.0,0.174603,0.0041446,0.706431,0.293569,0.2883511,0.50293
lpn_n5.qasm,small,Error Correction,5,16,severity,qubit_swap,0.6,0.397736,0.291296,1.0,0.795176,0.333333,1.0,0.137255,0.0046496,0.709865,0.290135,0.2761529,0.504883
lpn_n5_transpiled.qasm,small,Error Correction,5,22,severity,gate_deletion_1q,0.1,0.960778,0.726758,0.631579,0.332527,0.272727,0.0,0.075758,0.0039991,0.553112,0.446888,0.2779461,0.493164
lpn_n5_transpiled.qasm,small,Error Correction,5,22,severity,gate_deletion_1q,0.3,0.882527,0.475112,0.947368,0.614588,0.727273,0.0,0.222222,0.0036384,0.87413,0.12587,0.2863624,0.871094
lpn_n5_transpiled.qasm,small,Error Correction,5,22,severity,gate_deletion_1q,0.6,0.721506,0.307603,0.947368,1.0,0.863636,0.0,0.275641,0.0027196,0.800352,0.199648,0.2768349,0.744141
lpn_n5_transpiled.qasm,small,Error Correction,5,22,severity,gate_deletion_2q,0.1,0.81922,0.482651,0.842105,0.576113,0.409091,0.5,0.075758,0.0041739,0.698999,0.301001,0.2838908,0.511719
lpn_n5_transpiled.qasm,small,Error Correction,5,22,severity,gate_deletion_2q,0.3,0.81922,0.449384,0.842105,0.67116,0.409091,0.5,0.075758,0.0042502,0.698253,0.301747,0.2792264,0.509766
lpn_n5_transpiled.qasm,small,Error Correction,5,22,severity,gate_deletion_2q,0.6,0.638396,0.334926,0.842105,0.679569,0.454545,1.0,0.1,0.004095,0.705016,0.294984,0.3051666,0.527344
lpn_n5_transpiled.qasm,small,Error Correction,5,22,severity,gate_insertion,0.1,0.877599,0.610247,0.789474,0.565921,0.32,0.0,0.092593,0.0049212,1.0,0.0,0.2804729,1.0
lpn_n5_transpiled.qasm,small,Error Correction,5,22,severity,gate_insertion,0.3,0.799387,0.349073,1.0,1.0,0.655172,0.0,0.198925,0.0054887,1.0,0.0,0.2844573,1.0
lpn_n5_transpiled.qasm,small,Error Correction,5,22,severity,gate_insertion,0.6,0.689433,0.312684,1.0,1.0,0.848485,0.0,0.17619,0.0060918,1.0,0.0,0.2753083,1.0
lpn_n5_transpiled.qasm,small,Error Correction,5,22,severity,gate_substitution,0.1,1.0,0.96771,0.0,0.04031,0.090909,0.0,0.0,0.0045154,0.55852,0.44148,0.2845896,0.499023
lpn_n5_transpiled.qasm,small,Error Correction,5,22,severity,gate_substitution,0.3,1.0,0.929266,0.0,0.072228,0.227273,0.0,0.0,0.0045007,0.019101,0.980899,0.2798066,0.022461
lpn_n5_transpiled.qasm,small,Error Correction,5,22,severity,gate_substitution,0.6,1.0,0.860689,0.0,0.164265,0.409091,0.0,0.0,0.0042529,1.0,0.0,0.2744479,1.0
lpn_n5_transpiled.qasm,small,Error Correction,5,22,severity,gate_reorder,0.1,1.0,0.830203,0.631579,0.162509,0.090909,0.0,0.0,0.0045599,0.040661,0.959339,0.2870246,0.047852
lpn_n5_transpiled.qasm,small,Error Correction,5,22,severity,gate_reorder,0.3,0.904516,0.583087,0.947368,0.655295,0.227273,0.0,0.0,0.0043207,0.698999,0.301001,0.2796453,0.511719
lpn_n5_transpiled.qasm,small,Error Correction,5,22,severity,gate_reorder,0.6,0.968172,0.515255,0.842105,0.660448,0.636364,0.0,0.0,0.0044054,0.924926,0.075074,0.2840071,0.9375
lpn_n5_transpiled.qasm,small,Error Correction,5,22,severity,trojan_NOT,0.1,0.909427,0.452893,1.0,0.76528,0.6,0.0,0.092593,0.0048449,1.0,0.0,0.2838494,1.0
lpn_n5_transpiled.qasm,small,Error Correction,5,22,severity,trojan_NOT,0.3,0.799387,0.317102,1.0,1.0,0.862069,0.0,0.104839,0.0054235,1.0,0.0,0.2763207,1.0
lpn_n5_transpiled.qasm,small,Error Correction,5,22,severity,trojan_NOT,0.6,0.593949,0.320758,1.0,1.0,0.787879,0.0,0.216667,0.0061228,1.0,0.0,0.2786975,1.0
lpn_n5_transpiled.qasm,small,Error Correction,5,22,severity,trojan_H,0.1,0.909427,0.508941,1.0,0.731704,0.36,0.0,0.12963,0.0048339,0.861619,0.138381,0.2759323,0.890625
lpn_n5_transpiled.qasm,small,Error Correction,5,22,severity,trojan_H,0.3,0.831215,0.313984,1.0,0.99098,0.827586,0.0,0.236559,0.0054316,0.91901,0.08099,0.2853639,0.930664
lpn_n5_transpiled.qasm,small,Error Correction,5,22,severity,trojan_H,0.6,0.753089,0.295541,1.0,1.0,0.848485,0.0,0.347619,0.0060418,0.786739,0.213261,0.2786604,0.716797
lpn_n5_transpiled.qasm,small,Error Correction,5,22,severity,qubit_swap,0.1,0.877246,0.587177,0.526316,0.28536,0.12,1.0,0.1,0.0052435,0.696022,0.303978,0.2819924,0.503906
lpn_n5_transpiled.qasm,small,Error Correction,5,22,severity,qubit_swap,0.3,0.671364,0.463178,0.736842,0.443465,0.241379,1.0,0.22807,0.0059323,0.706914,0.293086,0.2774301,0.532227
lpn_n5_transpiled.qasm,small,Error Correction,5,22,severity,qubit_swap,0.6,0.529803,0.28636,1.0,0.790525,0.333333,1.0,0.202899,0.0062885,0.694542,0.305458,0.2766507,0.5
pea_n5.qasm,small,Other,5,33,severity,gate_deletion_1q,0.1,0.9615,0.912728,0.210526,0.092115,0.090909,0.0,0.052707,0.0152899,1.0,0.0,0.314493,1.0
pea_n5.qasm,small,Other,5,33,severity,gate_deletion_1q,0.3,0.922996,0.652666,0.842105,0.384784,0.393939,0.0,0.075556,0.0127276,1.0,0.0,0.3614587,1.0
pea_n5.qasm,small,Other,5,33,severity,gate_deletion_1q,0.6,0.859017,0.62506,0.842105,0.433426,0.424242,0.0,0.120773,0.0114731,1.0,0.0,0.2752995,1.0
pea_n5.qasm,small,Other,5,33,severity,gate_deletion_2q,0.1,0.922572,0.669431,0.763158,0.324142,0.333333,0.142857,0.074074,0.0129484,0.874103,0.125897,0.2744744,0.90332
pea_n5.qasm,small,Other,5,33,severity,gate_deletion_2q,0.3,0.83265,0.552395,0.868421,0.422084,0.454545,0.333333,0.12037,0.0098429,0.963097,0.036903,0.2769748,0.979492
pea_n5.qasm,small,Other,5,33,severity,gate_deletion_2q,0.6,0.678033,0.349014,1.0,0.648251,0.636364,0.619048,0.230159,0.0071629,0.990733,0.009267,0.2773003,0.996094
pea_n5.qasm,small,Other,5,33,severity,gate_insertion,0.1,0.935811,0.711074,0.736842,0.266494,0.378378,0.0,0.094508,0.013302,0.56347,0.43653,0.28406,0.507812
pea_n5.qasm,small,Other,5,33,severity,gate_insertion,0.3,0.833232,0.504308,1.0,0.672186,0.511628,0.0,0.081019,0.0155033,0.843069,0.156931,0.2767773,0.871094
pea_n5.qasm,small,Other,5,33,severity,gate_insertion,0.6,0.717587,0.398294,1.0,0.879921,0.653061,0.0,0.131217,0.015858,0.797221,0.202779,0.2737721,0.819336
pea_n5.qasm,small,Other,5,33,severity,gate_substitution,0.1,1.0,0.991927,0.0,0.005749,0.030303,0.0,0.0,0.0136913,0.575949,0.424051,0.2990566,0.525391
pea_n5.qasm,small,Other,5,33,severity,gate_substitution,0.3,1.0,0.975781,0.0,0.017248,0.090909,0.0,0.0,0.0140646,0.866355,0.133645,0.2933138,0.895508
pea_n5.qasm,small,Other,5,33,severity,gate_substitution,0.6,1.0,0.959636,0.0,0.028747,0.151515,0.0,0.0,0.013519,1.0,0.0,0.3109079,1.0
pea_n5.qasm,small,Other,5,33,severity,gate_reorder,0.1,0.987002,0.725029,0.842105,0.390096,0.060606,0.0,0.0,0.0128312,0.8218,0.1782,0.294227,0.847656
pea_n5.qasm,small,Other,5,33,severity,gate_reorder,0.3,0.959911,0.67643,1.0,0.357385,0.242424,0.0,0.0,0.0147411,1.0,0.0,0.2933863,1.0
pea_n5.qasm,small,Other,5,33,severity,gate_reorder,0.6,0.947226,0.643448,1.0,0.434305,0.272727,0.0,0.0,0.0136478,0.994887,0.005113,0.2784117,0.998047
pea_n5.qasm,small,Other,5,33,severity,trojan_NOT,0.1,0.91001,0.642651,0.842105,0.430378,0.378378,0.0,0.047254,0.0144794,0.950765,0.049235,0.2838172,0.970703
pea_n5.qasm,small,Other,5,33,severity,trojan_NOT,0.3,0.833232,0.460507,1.0,0.759448,0.581395,0.0,0.074074,0.0159398,1.0,0.0,0.2723765,1.0
pea_n5.qasm,small,Other,5,33,severity,trojan_NOT,0.6,0.717587,0.365961,1.0,0.930663,0.714286,0.0,0.154497,0.0161555,1.0,0.0,0.2798534,1.0
pea_n5.qasm,small,Other,5,33,severity,trojan_H,0.1,0.91001,0.634665,0.842105,0.44918,0.378378,0.0,0.061303,0.0150144,0.76726,0.23274,0.2911801,0.783203
pea_n5.qasm,small,Other,5,33,severity,trojan_H,0.3,0.833232,0.530002,1.0,0.640023,0.418605,0.0,0.122685,0.0152778,0.979956,0.020044,0.2765799,0.990234
pea_n5.qasm,small,Other,5,33,severity,trojan_H,0.6,0.717481,0.406971,1.0,0.906441,0.591837,0.0,0.074074,0.0154908,1.0,0.0,0.3252051,1.0
pea_n5.qasm,small,Other,5,33,severity,qubit_swap,0.1,0.909731,0.820462,0.315789,0.181748,0.108108,0.190476,0.088411,0.0140062,1.0,0.0,0.2641273,1.0
pea_n5.qasm,small,Other,5,33,severity,qubit_swap,0.3,0.76806,0.650809,0.5,0.349516,0.232558,0.47619,0.101101,0.0160781,1.0,0.0,0.2915517,1.0
pea_n5.qasm,small,Other,5,33,severity,qubit_swap,0.6,0.639238,0.453484,0.894737,0.509295,0.326531,0.761905,0.163652,0.0159874,0.0,1.0,0.2915617,0.0
pea_n5_transpiled.qasm,small,Other,5,112,severity,gate_deletion_1q,0.1,0.957001,0.625632,0.630872,0.469847,0.553571,0.0,0.045764,0.0198064,0.825281,0.174719,0.2467663,0.851562
pea_n5_transpiled.qasm,small,Other,5,112,severity,gate_deletion_1q,0.3,0.87442,0.503273,0.671141,0.676041,0.758929,0.0,0.076555,0.0172879,1.0,0.0,0.2706026,1.0
pea_n5_transpiled.qasm,small,Other,5,112,severity,gate_deletion_1q,0.6,0.745402,0.522537,0.704698,0.634987,0.714286,0.0,0.066558,0.0141017,1.0,0.0,0.2638806,1.0
pea_n5_transpiled.qasm,small,Other,5,112,severity,gate_deletion_2q,0.1,0.930972,0.590202,0.630872,0.55493,0.473214,0.119048,0.024892,0.0195553,1.0,0.0,0.2710864,1.0
pea_n5_transpiled.qasm,small,Other,5,112,severity,gate_deletion_2q,0.3,0.806382,0.457679,0.724832,0.662566,0.669643,0.309524,0.058644,0.0186435,0.90054,0.09946,0.2599738,0.928711
pea_n5_transpiled.qasm,small,Other,5,112,severity,gate_deletion_2q,0.6,0.630379,0.460134,0.61745,0.533783,0.633929,0.619048,0.098294,0.016209,0.986933,0.013067,0.2831736,0.994141
pea_n5_transpiled.qasm,small,Other,5,112,severity,gate_insertion,0.1,0.956523,0.60304,0.711409,0.581961,0.419355,0.0,0.026913,0.0231195,0.911338,0.088662,0.2736686,0.938477
pea_n5_transpiled.qasm,small,Other,5,112,severity,gate_insertion,0.3,0.841518,0.415721,0.926174,0.82298,0.732877,0.0,0.10735,0.0261752,0.911338,0.088662,0.2908212,0.938477
pea_n5_transpiled.qasm,small,Other,5,112,severity,gate_insertion,0.6,0.772472,0.327056,1.0,1.0,0.797619,0.0,0.134199,0.0317369,1.0,0.0,0.2884377,1.0
pea_n5_transpiled.qasm,small,Other,5,112,severity,gate_substitution,0.1,1.0,0.981185,0.0,0.018043,0.0625,0.0,0.0,0.0207263,0.582883,0.417117,0.2681537,0.535156
pea_n5_transpiled.qasm,small,Other,5,112,severity,gate_substitution,0.3,1.0,0.946003,0.0,0.052235,0.178571,0.0,0.0,0.0206743,0.84671,0.15329,0.259519,0.875
pea_n5_transpiled.qasm,small,Other,5,112,severity,gate_substitution,0.6,1.0,0.890681,0.0,0.108257,0.357143,0.0,0.0,0.020706,1.0,0.0,0.2592951,1.0
pea_n5_transpiled.qasm,small,Other,5,112,severity,gate_reorder,0.1,0.975219,0.65071,0.738255,0.620351,0.107143,0.0,0.0,0.0229297,0.988799,0.011201,0.2768116,0.995117
pea_n5_transpiled.qasm,small,Other,5,112,severity,gate_reorder,0.3,0.939889,0.652101,0.818792,0.505331,0.241071,0.0,0.0,0.0205507,0.950765,0.049235,0.260457,0.970703
pea_n5_transpiled.qasm,small,Other,5,112,severity,gate_reorder,0.6,0.922211,0.591255,0.838926,0.588915,0.383929,0.0,0.0,0.0206222,1.0,0.0,0.3318374,1.0
pea_n5_transpiled.qasm,small,Other,5,112,severity,trojan_NOT,0.1,0.95299,0.533533,0.751678,0.655519,0.596774,0.0,0.049288,0.0236231,1.0,0.0,0.3278671,1.0
pea_n5_transpiled.qasm,small,Other,5,112,severity,trojan_NOT,0.3,0.852117,0.373967,0.939597,0.904516,0.815068,0.0,0.054988,0.0261703,0.644337,0.355663,0.2785811,0.621094
pea_n5_transpiled.qasm,small,Other,5,112,severity,trojan_NOT,0.6,0.744208,0.330152,1.0,1.0,0.815476,0.0,0.067532,0.0310036,0.986933,0.013067,0.3163753,0.994141
pea_n5_transpiled.qasm,small,Other,5,112,severity,trojan_H,0.1,0.949457,0.52052,0.832215,0.700372,0.524194,0.0,0.046785,0.0225224,0.941766,0.058234,0.2693781,0.963867
pea_n5_transpiled.qasm,small,Other,5,112,severity,trojan_H,0.3,0.852117,0.363983,0.966443,0.91049,0.808219,0.0,0.10735,0.026774,0.975088,0.024912,0.290431,0.987305
pea_n5_transpiled.qasm,small,Other,5,112,severity,trojan_H,0.6,0.740675,0.323485,1.0,1.0,0.791667,0.0,0.181818,0.0292468,0.997202,0.002798,0.2841635,0.999023
pea_n5_transpiled.qasm,small,Other,5,112,severity,qubit_swap,0.1,0.93179,0.848258,0.161074,0.126106,0.096774,0.285714,0.069459,0.0257932,1.0,0.0,0.2780199,1.0
pea_n5_transpiled.qasm,small,Other,5,112,severity,qubit_swap,0.3,0.784969,0.590197,0.469799,0.338733,0.232877,0.809524,0.122967,0.0270611,1.0,0.0,0.2905941,1.0
pea_n5_transpiled.qasm,small,Other,5,112,severity,qubit_swap,0.6,0.652324,0.410905,0.744966,0.556449,0.333333,1.0,0.159262,0.0319104,1.0,0.0,0.2846423,1.0
qaoa_n3.qasm,small,Variational,3,18,severity,gate_deletion_1q,0.1,0.955239,0.514119,0.857143,0.654363,0.611111,0.0,0.060606,0.0035358,0.255629,0.744371,0.2885254,0.236328
qaoa_n3.qasm,small,Variational,3,18,severity,gate_deletion_1q,0.3,0.910865,0.461738,0.857143,0.74356,0.722222,0.0,0.05,0.0033557,0.728681,0.271319,0.2872936,0.625
qaoa_n3.qasm,small,Variational,3,18,severity,gate_deletion_1q,0.6,0.747856,0.469486,0.904762,0.66768,0.722222,0.0,0.166667,0.0027733,0.931351,0.068649,0.2898771,0.914062
qaoa_n3.qasm,small,Variational,3,18,severity,gate_deletion_2q,0.1,0.906907,0.492815,1.0,0.558767,0.611111,0.166667,0.060606,0.0038583,0.033409,0.966591,0.2932511,0.029297
qaoa_n3.qasm,small,Variational,3,18,severity,gate_deletion_2q,0.3,0.788855,0.467076,0.857143,0.633072,0.555556,0.333333,0.05,0.0035244,0.515546,0.484454,0.2885639,0.521484
qaoa_n3.qasm,small,Variational,3,18,severity,gate_deletion_2q,0.6,0.627286,0.367858,0.952381,0.675736,0.555556,0.666667,0.083333,0.0031311,0.261703,0.738297,0.2873831,0.231445
qaoa_n3.qasm,small,Variational,3,18,severity,gate_insertion,0.1,0.930465,0.557494,1.0,0.490311,0.55,0.0,0.108974,0.0045572,0.342968,0.657032,0.2923162,0.333008
qaoa_n3.qasm,small,Variational,3,18,severity,gate_insertion,0.3,0.766757,0.351667,1.0,1.0,0.666667,0.0,0.15,0.0049885,0.347155,0.652845,0.2824392,0.258789
qaoa_n3.qasm,small,Variational,3,18,severity,gate_insertion,0.6,0.675272,0.343519,1.0,1.0,0.740741,0.0,0.083333,0.0053976,0.299572,0.700428,0.2878956,0.279297
qaoa_n3.qasm,small,Variational,3,18,severity,gate_substitution,0.1,1.0,0.974761,0.0,0.040365,0.055556,0.0,0.0,0.0039344,0.318087,0.681913,0.2844983,0.213867
qaoa_n3.qasm,small,Variational,3,18,severity,gate_substitution,0.3,1.0,0.940302,0.0,0.075327,0.166667,0.0,0.0,0.0038912,0.312375,0.687625,0.2782425,0.286133
qaoa_n3.qasm,small,Variational,3,18,severity,gate_substitution,0.6,1.0,0.869775,0.0,0.181596,0.333333,0.0,0.0,0.0039757,0.519704,0.480296,0.2909699,0.456055
qaoa_n3.qasm,small,Variational,3,18,severity,gate_reorder,0.1,0.975091,0.642992,0.761905,0.566508,0.222222,0.0,0.0,0.0039053,0.662377,0.337623,0.2799549,0.62207
qaoa_n3.qasm,small,Variational,3,18,severity,gate_reorder,0.3,0.974185,0.530029,0.857143,0.689713,0.5,0.0,0.0,0.0038186,0.772638,0.227362,0.2897652,0.672852
qaoa_n3.qasm,small,Variational,3,18,severity,gate_reorder,0.6,0.950181,0.473179,1.0,0.790918,0.5,0.0,0.0,0.0039913,0.80813,0.19187,0.2924194,0.773438
qaoa_n3.qasm,small,Variational,3,18,severity,trojan_NOT,0.1,0.955374,0.504939,1.0,0.599807,0.65,0.0,0.051282,0.0042532,1.0,0.0,0.2910513,1.0
qaoa_n3.qasm,small,Variational,3,18,severity,trojan_NOT,0.3,0.816576,0.360835,1.0,0.945234,0.75,0.0,0.083333,0.0048135,1.0,0.0,0.2935928,1.0
qaoa_n3.qasm,small,Variational,3,18,severity,trojan_NOT,0.6,0.700181,0.328704,1.0,1.0,0.814815,0.0,0.083333,0.0054261,1.0,0.0,0.2850799,1.0
qaoa_n3.qasm,small,Variational,3,18,severity,trojan_H,0.1,0.930465,0.564417,1.0,0.485181,0.55,0.0,0.057692,0.0041968,0.589927,0.410073,0.2900108,0.500977
qaoa_n3.qasm,small,Variational,3,18,severity,trojan_H,0.3,0.791667,0.333333,1.0,1.0,0.791667,0.0,0.083333,0.0048188,0.575477,0.424523,0.2905944,0.49707
qaoa_n3.qasm,small,Variational,3,18,severity,trojan_H,0.6,0.675272,0.347329,1.0,0.989112,0.740741,0.0,0.083333,0.0054141,0.64727,0.35273,0.2969229,0.640625
qaoa_n3.qasm,small,Variational,3,18,severity,qubit_swap,0.1,0.905963,0.829707,0.142857,0.153899,0.1,0.333333,0.083333,0.0041507,0.040886,0.959114,0.2860461,0.033203
qaoa_n3.qasm,small,Variational,3,18,severity,qubit_swap,0.3,0.717618,0.522195,0.47619,0.430917,0.25,1.0,0.055556,0.0050267,0.858845,0.141155,0.2891563,0.743164
qaoa_n3.qasm,small,Variational,3,18,severity,qubit_swap,0.6,0.601147,0.370197,0.857143,0.646376,0.333333,1.0,0.083333,0.0054354,0.70738,0.29262,0.302959,0.517578
qaoa_n3_transpiled.qasm,small,Variational,3,35,severity,gate_deletion_1q,0.1,0.946149,0.628081,0.710526,0.479097,0.485714,0.0,0.005135,0.0066434,0.360652,0.639348,0.32901,0.324219
qaoa_n3_transpiled.qasm,small,Variational,3,35,severity,gate_deletion_1q,0.3,0.872763,0.458362,0.815789,0.76928,0.714286,0.0,0.071646,0.0054839,0.241945,0.758055,0.2862154,0.210938
qaoa_n3_transpiled.qasm,small,Variational,3,35,severity,gate_deletion_1q,0.6,0.706446,0.411449,0.894737,0.818972,0.771429,0.0,0.134146,0.0041799,0.771113,0.228887,0.2788923,0.665039
qaoa_n3_transpiled.qasm,small,Variational,3,35,severity,gate_deletion_2q,0.1,0.909069,0.62002,0.578947,0.455456,0.485714,0.166667,0.03252,0.006653,0.255087,0.744913,0.2906082,0.265625
qaoa_n3_transpiled.qasm,small,Variational,3,35,severity,gate_deletion_2q,0.3,0.835341,0.597405,0.631579,0.440959,0.4,0.333333,0.068556,0.0064204,0.272922,0.727078,0.2885202,0.275391
qaoa_n3_transpiled.qasm,small,Variational,3,35,severity,gate_deletion_2q,0.6,0.68785,0.424123,0.526316,0.670372,0.628571,0.666667,0.03252,0.0060909,0.537192,0.462808,0.2935623,0.548828
qaoa_n3_transpiled.qasm,small,Variational,3,35,severity,gate_insertion,0.1,0.916762,0.539075,0.736842,0.625547,0.641026,0.0,0.03252,0.0081711,0.061844,0.938156,0.2925709,0.058594
qaoa_n3_transpiled.qasm,small,Variational,3,35,severity,gate_insertion,0.3,0.779775,0.370118,0.973684,0.943391,0.73913,0.0,0.058161,0.008537,0.653852,0.346148,0.287912,0.666992
qaoa_n3_transpiled.qasm,small,Variational,3,35,severity,gate_insertion,0.6,0.620604,0.313887,1.0,1.0,0.865385,0.0,0.130362,0.009362,0.61378,0.38622,0.2866359,0.625
qaoa_n3_transpiled.qasm,small,Variational,3,35,severity,gate_substitution,0.1,1.0,0.972645,0.0,0.029177,0.085714,0.0,0.0,0.0066852,0.491311,0.508689,0.2909918,0.480469
qaoa_n3_transpiled.qasm,small,Variational,3,35,severity,gate_substitution,0.3,1.0,0.926024,0.0,0.080748,0.228571,0.0,0.0,0.0070939,0.664309,0.335691,0.2883224,0.686523
qaoa_n3_transpiled.qasm,small,Variational,3,35,severity,gate_substitution,0.6,1.0,0.829495,0.0,0.225933,0.457143,0.0,0.0,0.0067956,0.602046,0.397954,0.301691,0.637695
qaoa_n3_transpiled.qasm,small,Variational,3,35,severity,gate_reorder,0.1,1.0,0.683248,0.789474,0.436048,0.228571,0.0,0.0,0.0068191,0.382598,0.617402,0.2940412,0.347656
qaoa_n3_transpiled.qasm,small,Variational,3,35,severity,gate_reorder,0.3,0.982643,0.763577,0.236842,0.345418,0.4,0.0,0.0,0.0067613,0.737156,0.262844,0.3162476,0.617188
qaoa_n3_transpiled.qasm,small,Variational,3,35,severity,gate_reorder,0.6,1.0,0.628335,0.631579,0.57898,0.371429,0.0,0.0,0.0068149,0.824433,0.175567,0.3260498,0.835938
qaoa_n3_transpiled.qasm,small,Variational,3,35,severity,trojan_NOT,0.1,0.933975,0.628245,0.631579,0.496986,0.487179,0.0,0.056369,0.0079262,1.0,0.0,0.2933207,1.0
qaoa_n3_transpiled.qasm,small,Variational,3,35,severity,trojan_NOT,0.3,0.779775,0.408104,0.763158,0.943404,0.717391,0.0,0.037523,0.008681,1.0,0.0,0.3179765,1.0
qaoa_n3_transpiled.qasm,small,Variational,3,35,severity,trojan_NOT,0.6,0.655031,0.304092,1.0,1.0,0.903846,0.0,0.151388,0.009484,1.0,0.0,0.2879138,1.0
qaoa_n3_transpiled.qasm,small,Variational,3,35,severity,trojan_H,0.1,0.916762,0.538523,0.736842,0.649614,0.589744,0.0,0.056369,0.0075641,0.260115,0.739885,0.2863492,0.243164
qaoa_n3_transpiled.qasm,small,Variational,3,35,severity,trojan_H,0.3,0.796989,0.385766,0.868421,0.968909,0.695652,0.0,0.057223,0.0083177,0.746544,0.253456,0.2922361,0.647461
qaoa_n3_transpiled.qasm,small,Variational,3,35,severity,trojan_H,0.6,0.637817,0.336359,1.0,1.0,0.807692,0.0,0.021026,0.0096571,0.334725,0.665275,0.282476,0.335938
qaoa_n3_transpiled.qasm,small,Variational,3,35,severity,qubit_swap,0.1,0.882341,0.764815,0.157895,0.146809,0.102564,0.666667,0.062718,0.0074086,0.859247,0.140753,0.2875983,0.741211
qaoa_n3_transpiled.qasm,small,Variational,3,35,severity,qubit_swap,0.3,0.676237,0.537331,0.5,0.381189,0.23913,1.0,0.064266,0.0088999,0.721373,0.278627,0.2848895,0.55957
qaoa_n3_transpiled.qasm,small,Variational,3,35,severity,qubit_swap,0.6,0.499793,0.408029,0.763158,0.602691,0.326923,1.0,0.011707,0.0098492,0.715473,0.284527,0.2942476,0.527344
qaoa_n6.qasm,small,Variational,6,276,severity,gate_deletion_1q,0.1,0.955379,0.464509,0.805556,0.716135,0.807971,0.0,0.024163,0.0455505,0.769629,0.230371,0.2346806,0.713867
qaoa_n6.qasm,small,Variational,6,276,severity,gate_deletion_1q,0.3,0.84577,0.412986,0.814815,0.830986,0.84058,0.0,0.058302,0.0409769,0.972217,0.027783,0.255194,0.957031
qaoa_n6.qasm,small,Variational,6,276,severity,gate_deletion_1q,0.6,0.68365,0.346944,0.916667,0.955164,0.873188,0.0,0.06611,0.0289169,0.96432,0.03568,0.2550615,0.952148
qaoa_n6.qasm,small,Variational,6,276,severity,gate_deletion_2q,0.1,0.950067,0.504802,0.765432,0.545681,0.826087,0.111111,0.019554,0.0489722,0.501099,0.498901,0.2657,0.473633
qaoa_n6.qasm,small,Variational,6,276,severity,gate_deletion_2q,0.3,0.843682,0.451053,0.697531,0.647584,0.764493,0.314815,0.018018,0.0468307,0.525547,0.474453,0.2453866,0.503906
qaoa_n6.qasm,small,Variational,6,276,severity,gate_deletion_2q,0.6,0.699172,0.396676,0.648148,0.64681,0.775362,0.611111,0.024242,0.0459769,0.447922,0.552078,0.2552259,0.426758
qaoa_n6.qasm,small,Variational,6,276,severity,gate_insertion,0.1,0.939532,0.473407,0.802469,0.702953,0.796053,0.0,0.009785,0.0553455,0.586219,0.413781,0.2565357,0.588867
qaoa_n6.qasm,small,Variational,6,276,severity,gate_insertion,0.3,0.835915,0.325184,1.0,1.0,0.857939,0.0,0.032284,0.0645762,0.585749,0.414251,0.2339921,0.571289
qaoa_n6.qasm,small,Variational,6,276,severity,gate_insertion,0.6,0.721832,0.31705,1.0,1.0,0.898551,0.0,0.032401,0.0752291,0.533508,0.466492,0.2400444,0.517578
qaoa_n6.qasm,small,Variational,6,276,severity,gate_substitution,0.1,1.0,0.980755,0.0,0.023929,0.054348,0.0,0.0,0.0528735,0.490986,0.509014,0.23163,0.450195
qaoa_n6.qasm,small,Variational,6,276,severity,gate_substitution,0.3,1.0,0.947517,0.0,0.058855,0.15942,0.0,0.0,0.0494074,0.516167,0.483833,0.2434917,0.488281
qaoa_n6.qasm,small,Variational,6,276,severity,gate_substitution,0.6,1.0,0.892384,0.0,0.127349,0.315217,0.0,0.0,0.0501,0.429476,0.570524,0.2425058,0.414062
qaoa_n6.qasm,small,Variational,6,276,severity,gate_reorder,0.1,0.994763,0.631433,0.771605,0.633333,0.155797,0.0,0.0,0.0510787,0.649904,0.350096,0.2866902,0.583008
qaoa_n6.qasm,small,Variational,6,276,severity,gate_reorder,0.3,0.971187,0.564365,0.780864,0.717469,0.336957,0.0,0.0,0.0563011,0.91024,0.08976,0.2922691,0.917969
qaoa_n6.qasm,small,Variational,6,276,severity,gate_reorder,0.6,0.945003,0.545888,0.746914,0.662657,0.550725,0.0,0.0,0.0547323,0.979689,0.020311,0.2923063,0.983398
qaoa_n6.qasm,small,Variational,6,276,severity,trojan_NOT,0.1,0.931676,0.446464,0.814815,0.742721,0.845395,0.0,0.02282,0.0555333,0.506744,0.493256,0.2485996,0.496094
qaoa_n6.qasm,small,Variational,6,276,severity,trojan_NOT,0.3,0.817584,0.323652,1.0,1.0,0.857939,0.0,0.047604,0.0715544,0.493661,0.506339,0.2781501,0.474609
qaoa_n6.qasm,small,Variational,6,276,severity,trojan_NOT,0.6,0.703501,0.316994,1.0,1.0,0.900966,0.0,0.028127,0.0879684,1.0,0.0,0.3171061,1.0
qaoa_n6.qasm,small,Variational,6,276,severity,trojan_H,0.1,0.939532,0.454263,0.814815,0.768916,0.759868,0.0,0.024209,0.0607662,0.556436,0.443564,0.2717451,0.535156
qaoa_n6.qasm,small,Variational,6,276,severity,trojan_H,0.3,0.814966,0.328552,1.0,1.0,0.835655,0.0,0.043173,0.0753036,0.532995,0.467005,0.3497589,0.501953
qaoa_n6.qasm,small,Variational,6,276,severity,trojan_H,0.6,0.698264,0.313782,1.0,1.0,0.905797,0.0,0.050583,0.0893089,0.743408,0.256592,0.3660222,0.724609
qaoa_n6.qasm,small,Variational,6,276,severity,qubit_swap,0.1,0.923786,0.798654,0.188272,0.138006,0.092105,0.518519,0.026786,0.0646497,0.983769,0.016231,0.3114878,0.975586
qaoa_n6.qasm,small,Variational,6,276,severity,qubit_swap,0.3,0.723242,0.53817,0.496914,0.387459,0.231198,1.0,0.054423,0.0761094,0.948417,0.051583,0.3264203,0.910156
qaoa_n6.qasm,small,Variational,6,276,severity,qubit_swap,0.6,0.535795,0.387601,0.833333,0.61652,0.333333,1.0,0.049505,0.0876246,0.991738,0.008262,0.3078059,0.987305
qaoa_n6_transpiled.qasm,small,Variational,6,384,severity,gate_deletion_1q,0.1,0.944342,0.531812,0.664352,0.678268,0.645833,0.0,0.019753,0.0642276,0.534463,0.465537,0.229785,0.500977
qaoa_n6_transpiled.qasm,small,Variational,6,384,severity,gate_deletion_1q,0.3,0.811876,0.45351,0.770833,0.810597,0.71875,0.0,0.034065,0.0561087,0.812564,0.187436,0.2356567,0.773438
qaoa_n6_transpiled.qasm,small,Variational,6,384,severity,gate_deletion_1q,0.6,0.667225,0.381568,0.877315,0.90874,0.807292,0.0,0.073171,0.0404893,0.987931,0.012069,0.2286582,0.983398
qaoa_n6_transpiled.qasm,small,Variational,6,384,severity,gate_deletion_2q,0.1,0.954096,0.609174,0.518519,0.494733,0.585938,0.111111,0.004823,0.0677126,0.48514,0.51486,0.2469208,0.483398
qaoa_n6_transpiled.qasm,small,Variational,6,384,severity,gate_deletion_2q,0.3,0.866413,0.560982,0.518519,0.503903,0.596354,0.314815,0.026403,0.0661302,0.481867,0.518133,0.2269164,0.459961
qaoa_n6_transpiled.qasm,small,Variational,6,384,severity,gate_deletion_2q,0.6,0.717728,0.448896,0.509259,0.646398,0.622396,0.611111,0.017749,0.065413,0.545891,0.454109,0.2301818,0.519531
qaoa_n6_transpiled.qasm,small,Variational,6,384,severity,gate_insertion,0.1,0.941214,0.508469,0.641204,0.724836,0.695035,0.0,0.026507,0.0817832,1.0,0.0,0.2962465,1.0
qaoa_n6_transpiled.qasm,small,Variational,6,384,severity,gate_insertion,0.3,0.809432,0.367258,0.837963,1.0,0.772,0.0,0.026474,0.0963035,1.0,0.0,0.3079292,1.0
qaoa_n6_transpiled.qasm,small,Variational,6,384,severity,gate_insertion,0.6,0.705727,0.331379,0.990741,1.0,0.835069,0.0,0.029963,0.1080589,0.520497,0.479503,0.3203538,0.505859
qaoa_n6_transpiled.qasm,small,Variational,6,384,severity,gate_substitution,0.1,1.0,0.971726,0.0,0.031675,0.085938,0.0,0.0,0.0711146,0.404403,0.595597,0.2364553,0.375977
qaoa_n6_transpiled.qasm,small,Variational,6,384,severity,gate_substitution,0.3,1.0,0.91794,0.0,0.088623,0.255208,0.0,0.0,0.0700086,0.428745,0.571255,0.2315622,0.407227
qaoa_n6_transpiled.qasm,small,Variational,6,384,severity,gate_substitution,0.6,1.0,0.835657,0.0,0.179373,0.507812,0.0,0.0,0.0713741,0.470801,0.529199,0.2282384,0.451172
qaoa_n6_transpiled.qasm,small,Variational,6,384,severity,gate_reorder,0.1,0.992311,0.661728,0.625,0.630182,0.119792,0.0,0.0,0.0749495,0.802919,0.197081,0.2859927,0.758789
qaoa_n6_transpiled.qasm,small,Variational,6,384,severity,gate_reorder,0.3,0.97693,0.639284,0.636574,0.58667,0.299479,0.0,0.0,0.0745093,0.938177,0.061823,0.2955245,0.943359
qaoa_n6_transpiled.qasm,small,Variational,6,384,severity,gate_reorder,0.6,0.93272,0.574763,0.613426,0.694626,0.450521,0.0,0.0,0.0788973,0.949905,0.050095,0.2991159,0.952148
qaoa_n6_transpiled.qasm,small,Variational,6,384,severity,trojan_NOT,0.1,0.931603,0.4881,0.673611,0.786526,0.671395,0.0,0.012952,0.0789051,0.360953,0.639047,0.2462845,0.334961
qaoa_n6_transpiled.qasm,small,Variational,6,384,severity,trojan_NOT,0.3,0.828654,0.375358,0.810185,1.0,0.748,0.0,0.035145,0.0962171,0.553365,0.446635,0.2958942,0.547852
qaoa_n6_transpiled.qasm,small,Variational,6,384,severity,trojan_NOT,0.6,0.707649,0.332718,0.986111,1.0,0.826389,0.0,0.040878,0.1081666,1.0,0.0,0.3046187,1.0
qaoa_n6_transpiled.qasm,small,Variational,6,384,severity,trojan_H,0.1,0.935448,0.49267,0.6875,0.777539,0.647754,0.0,0.025157,0.0882928,0.725894,0.274106,0.2999019,0.674805
qaoa_n6_transpiled.qasm,small,Variational,6,384,severity,trojan_H,0.3,0.824809,0.370208,0.828704,1.0,0.766,0.0,0.022864,0.0969849,0.65614,0.34386,0.3142974,0.59375
qaoa_n6_transpiled.qasm,small,Variational,6,384,severity,trojan_H,0.6,0.705727,0.335585,1.0,1.0,0.796875,0.0,0.050402,0.1089258,0.686668,0.313332,0.3232815,0.643555
qaoa_n6_transpiled.qasm,small,Variational,6,384,severity,qubit_swap,0.1,0.898902,0.766151,0.164352,0.123263,0.092199,0.722222,0.031698,0.0874012,0.928774,0.071226,0.2978332,0.875
qaoa_n6_transpiled.qasm,small,Variational,6,384,severity,qubit_swap,0.3,0.699796,0.545634,0.520833,0.36114,0.232,1.0,0.034417,0.10102,0.970706,0.029294,0.3022008,0.951172
qaoa_n6_transpiled.qasm,small,Variational,6,384,severity,qubit_swap,0.6,0.536476,0.3924,0.849537,0.598018,0.333333,1.0,0.041962,0.1097612,0.981253,0.018747,0.3102083,0.967773
qec_en_n5.qasm,small,Error Correction,5,30,severity,gate_deletion_1q,0.1,0.972594,0.55732,1.0,0.556779,0.466667,0.0,0.044737,0.0055015,0.719697,0.280303,0.2708276,0.722656
qec_en_n5.qasm,small,Error Correction,5,30,severity,gate_deletion_1q,0.3,0.885072,0.51253,1.0,0.577924,0.633333,0.0,0.085294,0.0048903,0.860941,0.139059,0.2803302,0.881836
qec_en_n5.qasm,small,Error Correction,5,30,severity,gate_deletion_1q,0.6,0.753632,0.398673,1.0,0.786784,0.833333,0.0,0.092857,0.0040781,0.849944,0.150056,0.2761297,0.869141
qec_en_n5.qasm,small,Error Correction,5,30,severity,gate_deletion_2q,0.1,0.942138,0.787898,0.571429,0.214991,0.133333,0.1,0.044737,0.0056214,0.022447,0.977553,0.2715318,0.018555
qec_en_n5.qasm,small,Error Correction,5,30,severity,gate_deletion_2q,0.3,0.826379,0.460787,1.0,0.608116,0.533333,0.3,0.097059,0.0053991,0.392807,0.607193,0.2747101,0.155273
qec_en_n5.qasm,small,Error Correction,5,30,severity,gate_deletion_2q,0.6,0.652637,0.469752,0.914286,0.463974,0.5,0.6,0.107143,0.0049899,0.380258,0.619742,0.2875294,0.15332
qec_en_n5.qasm,small,Error Correction,5,30,severity,gate_insertion,0.1,0.942437,0.536169,1.0,0.570353,0.545455,0.0,0.051163,0.0064459,0.023662,0.976338,0.2883781,0.019531
qec_en_n5.qasm,small,Error Correction,5,30,severity,gate_insertion,0.3,0.827457,0.40894,1.0,0.791166,0.769231,0.0,0.103061,0.0072002,1.0,0.0,0.2889807,1.0
qec_en_n5.qasm,small,Error Correction,5,30,severity,gate_insertion,0.6,0.745629,0.313737,1.0,1.0,0.822222,0.0,0.218182,0.0079518,1.0,0.0,0.2849751,1.0
qec_en_n5.qasm,small,Error Correction,5,30,severity,gate_substitution,0.1,1.0,0.981494,0.0,0.014778,0.066667,0.0,0.0,0.0058125,0.743389,0.256611,0.2704687,0.75293
qec_en_n5.qasm,small,Error Correction,5,30,severity,gate_substitution,0.3,1.0,0.953736,0.0,0.036945,0.166667,0.0,0.0,0.0057651,1.0,0.0,0.2763771,1.0
qec_en_n5.qasm,small,Error Correction,5,30,severity,gate_substitution,0.6,1.0,0.915769,0.0,0.069231,0.3,0.0,0.0,0.0061042,0.860302,0.139698,0.2876018,0.878906
qec_en_n5.qasm,small,Error Correction,5,30,severity,gate_reorder,0.1,0.983314,0.622096,1.0,0.536867,0.2,0.0,0.0,0.0060403,0.754409,0.245591,0.2838509,0.744141
qec_en_n5.qasm,small,Error Correction,5,30,severity,gate_reorder,0.3,0.983489,0.624556,1.0,0.472697,0.3,0.0,0.0,0.0058572,0.923692,0.076308,0.2795355,0.946289
qec_en_n5.qasm,small,Error Correction,5,30,severity,gate_reorder,0.6,0.99965,0.512769,1.0,0.658754,0.533333,0.0,0.0,0.0058277,0.982175,0.017825,0.2905888,0.991211
qec_en_n5.qasm,small,Error Correction,5,30,severity,trojan_NOT,0.1,0.925925,0.581313,1.0,0.508308,0.424242,0.0,0.059302,0.0063063,1.0,0.0,0.2918546,1.0
qec_en_n5.qasm,small,Error Correction,5,30,severity,trojan_NOT,0.3,0.843968,0.407713,1.0,0.870556,0.641026,0.0,0.093878,0.0071633,1.0,0.0,0.2878866,1.0
qec_en_n5.qasm,small,Error Correction,5,30,severity,trojan_NOT,0.6,0.745629,0.314192,1.0,1.0,0.822222,0.0,0.213636,0.0083718,1.0,0.0,0.2907913,1.0
qec_en_n5.qasm,small,Error Correction,5,30,severity,trojan_H,0.1,0.925925,0.613231,1.0,0.434805,0.363636,0.0,0.118605,0.0064471,0.858622,0.141378,0.2788323,0.885742
qec_en_n5.qasm,small,Error Correction,5,30,severity,trojan_H,0.3,0.87699,0.354673,1.0,0.927337,0.74359,0.0,0.220408,0.0071556,0.852318,0.147682,0.2690415,0.880859
qec_en_n5.qasm,small,Error Correction,5,30,severity,trojan_H,0.6,0.729118,0.338788,1.0,1.0,0.733333,0.0,0.145455,0.007954,0.94886,0.05114,0.2816842,0.967773
qec_en_n5.qasm,small,Error Correction,5,30,severity,qubit_swap,0.1,0.926084,0.818988,0.2,0.174545,0.090909,0.3,0.117391,0.0064186,0.389689,0.610311,0.2821519,0.15332
qec_en_n5.qasm,small,Error Correction,5,30,severity,qubit_swap,0.3,0.794568,0.498397,0.6,0.482565,0.230769,0.9,0.165517,0.0076937,0.389064,0.610936,0.2878602,0.15332
qec_en_n5.qasm,small,Error Correction,5,30,severity,qubit_swap,0.6,0.597145,0.35157,0.885714,0.651976,0.333333,1.0,0.207143,0.0084216,0.388438,0.611562,0.2887129,0.15332
qec_en_n5_transpiled.qasm,small,Error Correction,5,51,severity,gate_deletion_1q,0.1,0.945151,0.534568,0.875,0.549599,0.666667,0.0,0.084895,0.0087823,0.764918,0.235082,0.2777604,0.780273
qec_en_n5_transpiled.qasm,small,Error Correction,5,51,severity,gate_deletion_1q,0.3,0.864692,0.393035,0.982143,0.807276,0.843137,0.0,0.084699,0.0075022,0.856062,0.143938,0.2830216,0.876953
qec_en_n5_transpiled.qasm,small,Error Correction,5,51,severity,gate_deletion_1q,0.6,0.687439,0.340369,1.0,0.901145,0.882353,0.0,0.177596,0.0056811,0.922358,0.077642,0.2778592,0.945312
qec_en_n5_transpiled.qasm,small,Error Correction,5,51,severity,gate_deletion_2q,0.1,0.952097,0.920257,0.178571,0.062863,0.039216,0.1,0.03112,0.0092976,0.387231,0.612769,0.3585772,0.157227
qec_en_n5_transpiled.qasm,small,Error Correction,5,51,severity,gate_deletion_2q,0.3,0.856282,0.506227,0.821429,0.531759,0.588235,0.3,0.067958,0.0089485,0.38978,0.61022,0.3218044,0.161133
qec_en_n5_transpiled.qasm,small,Error Correction,5,51,severity,gate_deletion_2q,0.6,0.712532,0.425672,0.75,0.59746,0.627451,0.6,0.072265,0.0086188,0.378241,0.621759,0.3110756,0.143555
qec_en_n5_transpiled.qasm,small,Error Correction,5,51,severity,gate_insertion,0.1,0.949284,0.603808,0.571429,0.428319,0.754386,0.0,0.096893,0.0104667,0.745428,0.254572,0.284385,0.755859
qec_en_n5_transpiled.qasm,small,Error Correction,5,51,severity,gate_insertion,0.3,0.814283,0.335176,1.0,0.9975,0.776119,0.0,0.104748,0.0120371,1.0,0.0,0.2868773,1.0
qec_en_n5_transpiled.qasm,small,Error Correction,5,51,severity,gate_insertion,0.6,0.662506,0.34226,1.0,1.0,0.763158,0.0,0.051087,0.01304,0.979985,0.020015,0.4509988,0.990234
qec_en_n5_transpiled.qasm,small,Error Correction,5,51,severity,gate_substitution,0.1,1.0,0.97386,0.0,0.029869,0.078431,0.0,0.0,0.0096867,0.75802,0.24198,0.3975733,0.771484
qec_en_n5_transpiled.qasm,small,Error Correction,5,51,severity,gate_substitution,0.3,1.0,0.931816,0.0,0.071563,0.215686,0.0,0.0,0.009472,1.0,0.0,0.2841654,1.0
qec_en_n5_transpiled.qasm,small,Error Correction,5,51,severity,gate_substitution,0.6,1.0,0.857615,0.0,0.160315,0.431373,0.0,0.0,0.0094317,0.923435,0.076565,0.2800202,0.946289
qec_en_n5_transpiled.qasm,small,Error Correction,5,51,severity,gate_reorder,0.1,0.974734,0.65075,0.821429,0.55618,0.156863,0.0,0.0,0.0094386,1.0,0.0,0.2891352,1.0
qec_en_n5_transpiled.qasm,small,Error Correction,5,51,severity,gate_reorder,0.3,0.987367,0.655551,0.892857,0.444624,0.27451,0.0,0.0,0.0097104,1.0,0.0,0.2886282,1.0
qec_en_n5_transpiled.qasm,small,Error Correction,5,51,severity,gate_reorder,0.6,0.936836,0.567833,0.928571,0.579099,0.45098,0.0,0.0,0.0094341,0.970645,0.029355,0.3047332,0.969727
qec_en_n5_transpiled.qasm,small,Error Correction,5,51,severity,trojan_NOT,0.1,0.936651,0.534459,0.821429,0.55037,0.701754,0.0,0.093467,0.0104124,1.0,0.0,0.2788293,1.0
qec_en_n5_transpiled.qasm,small,Error Correction,5,51,severity,trojan_NOT,0.3,0.801651,0.331649,1.0,0.998064,0.80597,0.0,0.078348,0.0119638,1.0,0.0,0.2805177,1.0
qec_en_n5_transpiled.qasm,small,Error Correction,5,51,severity,trojan_NOT,0.6,0.687772,0.318196,1.0,1.0,0.855263,0.0,0.10751,0.0131799,1.0,0.0,0.2801108,1.0
qec_en_n5_transpiled.qasm,small,Error Correction,5,51,severity,trojan_H,0.1,0.936651,0.618648,0.678571,0.418564,0.631579,0.0,0.067531,0.0103792,0.88832,0.11168,0.2918458,0.916992
qec_en_n5_transpiled.qasm,small,Error Correction,5,51,severity,trojan_H,0.3,0.826916,0.422273,1.0,0.778982,0.731343,0.0,0.088141,0.0119739,0.911948,0.088052,0.2745919,0.930664
qec_en_n5_transpiled.qasm,small,Error Correction,5,51,severity,trojan_H,0.6,0.72567,0.347601,1.0,1.0,0.710526,0.0,0.102936,0.0137602,0.954769,0.045231,0.2815657,0.973633
qec_en_n5_transpiled.qasm,small,Error Correction,5,51,severity,qubit_swap,0.1,0.886091,0.757026,0.25,0.14287,0.105263,0.6,0.144172,0.0106481,0.373055,0.626945,0.2847899,0.142578
qec_en_n5_transpiled.qasm,small,Error Correction,5,51,severity,qubit_swap,0.3,0.712874,0.506261,0.607143,0.411465,0.238806,1.0,0.108937,0.0123788,0.378887,0.621113,0.2827025,0.144531
qec_en_n5_transpiled.qasm,small,Error Correction,5,51,severity,qubit_swap,0.6,0.548379,0.36248,0.875,0.634342,0.328947,1.0,0.184611,0.0137594,0.378887,0.621113,0.2863128,0.144531
qec_sm_n5.qasm,small,Error Correction,5,11,severity,gate_deletion_1q,0.1,0.923207,0.924848,0.214286,0.043623,0.090909,0.0,0.095588,0.004798,0.0,1.0,0.2829314,0.0
qec_sm_n5.qasm,small,Error Correction,5,11,severity,gate_deletion_1q,0.3,0.769456,0.720686,0.642857,0.233979,0.454545,0.0,0.10084,0.0033532,1.0,0.0,0.2888227,1.0
qec_sm_n5.qasm,small,Error Correction,5,11,severity,gate_deletion_1q,0.6,0.696803,0.306952,1.0,1.0,0.818182,0.0,0.294118,0.0029698,1.0,0.0,0.2870492,1.0
qec_sm_n5.qasm,small,Error Correction,5,11,severity,gate_deletion_2q,0.1,1.0,1.0,0.0,0.0,0.0,0.0,0.0,0.0051202,0.0,1.0,0.2825919,0.0
qec_sm_n5.qasm,small,Error Correction,5,11,severity,gate_deletion_2q,0.3,1.0,1.0,0.0,0.0,0.0,0.0,0.0,0.00513,0.0,1.0,0.290984,0.0
qec_sm_n5.qasm,small,Error Correction,5,11,severity,gate_deletion_2q,0.6,1.0,1.0,0.0,0.0,0.0,0.0,0.0,0.005069,0.0,1.0,0.2813178,0.0
qec_sm_n5.qasm,small,Error Correction,5,11,severity,gate_insertion,0.1,0.928172,0.624397,1.0,0.294428,0.538462,0.0,0.148607,0.0053855,1.0,0.0,0.2775804,1.0
qec_sm_n5.qasm,small,Error Correction,5,11,severity,gate_insertion,0.3,0.815171,0.585275,1.0,0.432068,0.466667,0.0,0.201681,0.005701,1.0,0.0,0.2873097,1.0
qec_sm_n5.qasm,small,Error Correction,5,11,severity,gate_insertion,0.6,0.82146,0.553093,1.0,0.453539,0.5625,0.0,0.256684,0.0058292,0.850381,0.149619,0.2883586,0.878906
qec_sm_n5.qasm,small,Error Correction,5,11,severity,gate_substitution,0.1,1.0,0.977823,0.0,0.011416,0.090909,0.0,0.0,0.0051344,0.550291,0.449709,0.2891115,0.489258
qec_sm_n5.qasm,small,Error Correction,5,11,severity,gate_substitution,0.3,1.0,0.977823,0.0,0.011416,0.090909,0.0,0.0,0.0053389,0.568323,0.431677,0.2862506,0.514648
qec_sm_n5.qasm,small,Error Correction,5,11,severity,gate_substitution,0.6,1.0,0.977823,0.0,0.011416,0.090909,0.0,0.0,0.005339,0.549597,0.450403,0.293987,0.488281
qec_sm_n5.qasm,small,Error Correction,5,11,severity,gate_reorder,0.1,0.896154,0.463636,1.0,1.0,0.181818,0.0,0.0,0.0048971,1.0,0.0,0.2891724,1.0
qec_sm_n5.qasm,small,Error Correction,5,11,severity,gate_reorder,0.3,0.942857,0.570896,1.0,0.589647,0.363636,0.0,0.0,0.0052711,1.0,0.0,0.3238677,1.0
qec_sm_n5.qasm,small,Error Correction,5,11,severity,gate_reorder,0.6,0.9,0.611757,0.857143,0.534127,0.363636,0.0,0.0,0.0054973,1.0,0.0,0.2864707,1.0
qec_sm_n5.qasm,small,Error Correction,5,11,severity,trojan_NOT,0.1,0.928172,0.702779,1.0,0.249842,0.230769,0.0,0.136223,0.005679,1.0,0.0,0.2911331,1.0
qec_sm_n5.qasm,small,Error Correction,5,11,severity,trojan_NOT,0.3,0.815171,0.329356,1.0,1.0,0.8,0.0,0.106443,0.0057599,1.0,0.0,0.3819531,1.0
qec_sm_n5.qasm,small,Error Correction,5,11,severity,trojan_NOT,0.6,0.82146,0.386809,1.0,0.776038,0.875,0.0,0.165775,0.0060465,1.0,0.0,0.4059663,1.0
qec_sm_n5.qasm,small,Error Correction,5,11,severity,trojan_H,0.1,0.928172,0.39407,1.0,1.0,0.461538,0.0,0.136223,0.0065715,0.708486,0.291514,0.4273388,0.708008
qec_sm_n5.qasm,small,Error Correction,5,11,severity,trojan_H,0.3,0.815171,0.295406,1.0,1.0,0.933333,0.0,0.179272,0.0062054,0.913548,0.086452,0.4359661,0.94043
qec_sm_n5.qasm,small,Error Correction,5,11,severity,trojan_H,0.6,0.690897,0.393468,1.0,0.79731,0.8125,0.0,0.149733,0.0066941,0.548903,0.451097,0.3011697,0.487305
qec_sm_n5.qasm,small,Error Correction,5,11,severity,qubit_swap,0.1,0.888273,0.675477,0.285714,0.115007,0.153846,1.0,0.106443,0.0056986,0.0,1.0,0.307808,0.0
qec_sm_n5.qasm,small,Error Correction,5,11,severity,qubit_swap,0.3,0.734878,0.564543,0.571429,0.245877,0.266667,1.0,0.103529,0.0058119,1.0,0.0,0.2879802,1.0
qec_sm_n5.qasm,small,Error Correction,5,11,severity,qubit_swap,0.6,0.658204,0.494075,0.714286,0.337089,0.3125,1.0,0.183007,0.0060113,1.0,0.0,0.2844845,1.0
qec_sm_n5_transpiled.qasm,small,Error Correction,5,14,severity,gate_deletion_1q,0.1,0.941947,0.37782,1.0,1.0,0.571429,0.0,0.078947,0.0050995,1.0,0.0,0.2812992,1.0
qec_sm_n5_transpiled.qasm,small,Error Correction,5,14,severity,gate_deletion_1q,0.3,0.827956,0.709026,0.789474,0.21786,0.428571,0.0,0.105882,0.0036892,1.0,0.0,0.2895037,1.0
qec_sm_n5_transpiled.qasm,small,Error Correction,5,14,severity,gate_deletion_1q,0.6,0.68407,0.347143,1.0,1.0,0.714286,0.0,0.1,0.003316,1.0,0.0,0.2865587,1.0
qec_sm_n5_transpiled.qasm,small,Error Correction,5,14,severity,gate_deletion_2q,0.1,0.875255,0.627468,1.0,0.206782,0.428571,0.25,0.144444,0.0053318,0.0,1.0,0.2932908,0.0
qec_sm_n5_transpiled.qasm,small,Error Correction,5,14,severity,gate_deletion_2q,0.3,0.750457,0.499315,1.0,0.339713,0.571429,0.5,0.175,0.0049952,1.0,0.0,0.2881263,1.0
qec_sm_n5_transpiled.qasm,small,Error Correction,5,14,severity,gate_deletion_2q,0.6,0.625593,0.442669,0.947368,0.361869,0.571429,0.75,0.242857,0.0049185,1.0,0.0,0.2825466,1.0
qec_sm_n5_transpiled.qasm,small,Error Correction,5,14,severity,gate_insertion,0.1,0.943765,0.622103,1.0,0.323862,0.5,0.0,0.145455,0.0057693,0.547514,0.452486,0.2781359,0.485352
qec_sm_n5_transpiled.qasm,small,Error Correction,5,14,severity,gate_insertion,0.3,0.859983,0.326105,1.0,1.0,0.789474,0.0,0.16,0.0061438,1.0,0.0,0.2900292,1.0
qec_sm_n5_transpiled.qasm,small,Error Correction,5,14,severity,gate_insertion,0.6,0.744846,0.492831,1.0,0.592969,0.666667,0.0,0.162963,0.0074268,1.0,0.0,0.3360082,1.0
qec_sm_n5_transpiled.qasm,small,Error Correction,5,14,severity,gate_substitution,0.1,1.0,0.981994,0.0,0.01063,0.071429,0.0,0.0,0.0053515,0.543346,0.456654,0.3053977,0.479492
qec_sm_n5_transpiled.qasm,small,Error Correction,5,14,severity,gate_substitution,0.3,1.0,0.981994,0.0,0.01063,0.071429,0.0,0.0,0.0054708,0.592598,0.407402,0.2913538,0.548828
qec_sm_n5_transpiled.qasm,small,Error Correction,5,14,severity,gate_substitution,0.6,1.0,0.981994,0.0,0.01063,0.071429,0.0,0.0,0.0055506,0.553067,0.446933,0.2880616,0.493164
qec_sm_n5_transpiled.qasm,small,Error Correction,5,14,severity,gate_reorder,0.1,0.939782,0.471429,1.0,1.0,0.142857,0.0,0.0,0.0048244,1.0,0.0,0.2882009,1.0
qec_sm_n5_transpiled.qasm,small,Error Correction,5,14,severity,gate_reorder,0.3,0.910695,0.4,1.0,1.0,0.5,0.0,0.0,0.0052548,1.0,0.0,0.2883544,1.0
qec_sm_n5_transpiled.qasm,small,Error Correction,5,14,severity,gate_reorder,0.6,0.939782,0.593552,1.0,0.406179,0.571429,0.0,0.0,0.0054972,1.0,0.0,0.2872008,1.0
qec_sm_n5_transpiled.qasm,small,Error Correction,5,14,severity,trojan_NOT,0.1,0.913996,0.351591,1.0,1.0,0.6875,0.0,0.109091,0.0056787,1.0,0.0,0.2845985,1.0
qec_sm_n5_transpiled.qasm,small,Error Correction,5,14,severity,trojan_NOT,0.3,0.859983,0.4752,1.0,0.579728,0.789474,0.0,0.14,0.0060734,1.0,0.0,0.2853633,1.0
qec_sm_n5_transpiled.qasm,small,Error Correction,5,14,severity,trojan_NOT,0.6,0.774614,0.312275,1.0,1.0,0.857143,0.0,0.162963,0.0063821,1.0,0.0,0.2778541,1.0
qec_sm_n5_transpiled.qasm,small,Error Correction,5,14,severity,trojan_H,0.1,0.943765,0.584742,1.0,0.405283,0.5625,0.0,0.109091,0.0056264,0.743106,0.256894,0.2838896,0.75293
qec_sm_n5_transpiled.qasm,small,Error Correction,5,14,severity,trojan_H,0.3,0.859983,0.548683,1.0,0.507222,0.578947,0.0,0.08,0.0061741,0.844885,0.155115,0.2887258,0.873047
qec_sm_n5_transpiled.qasm,small,Error Correction,5,14,severity,trojan_H,0.6,0.804382,0.324392,1.0,1.0,0.809524,0.0,0.137037,0.0064538,0.831432,0.168568,0.2865213,0.858398
qec_sm_n5_transpiled.qasm,small,Error Correction,5,14,severity,qubit_swap,0.1,0.915188,0.776726,0.210526,0.147701,0.125,0.5,0.15,0.0057835,1.0,0.0,0.2817497,1.0
qec_sm_n5_transpiled.qasm,small,Error Correction,5,14,severity,qubit_swap,0.3,0.773187,0.454048,1.0,0.361869,0.263158,1.0,0.166667,0.006222,1.0,0.0,0.2816272,1.0
qec_sm_n5_transpiled.qasm,small,Error Correction,5,14,severity,qubit_swap,0.6,0.628497,0.4582,0.684211,0.435719,0.333333,1.0,0.2,0.0066189,1.0,0.0,0.2910391,1.0
qft_n4.qasm,small,Linear Algebra,4,17,severity,gate_deletion_1q,0.1,0.97599,0.946632,0.136364,0.043723,0.058824,0.0,0.058462,0.0038951,0.71503,0.28497,0.2829955,0.557617
qft_n4.qasm,small,Linear Algebra,4,17,severity,gate_deletion_1q,0.3,0.858872,0.571081,1.0,0.423511,0.588235,0.0,0.130435,0.0035879,1.0,0.0,0.2853747,1.0
qft_n4.qasm,small,Linear Algebra,4,17,severity,gate_deletion_1q,0.6,0.789033,0.350695,0.909091,1.0,0.764706,0.0,0.1,0.0030932,0.852257,0.147743,0.2790978,0.880859
qft_n4.qasm,small,Linear Algebra,4,17,severity,gate_deletion_2q,0.1,0.97599,0.811717,0.363636,0.160388,0.176471,0.166667,0.089744,0.0037984,0.071782,0.928218,0.2891023,0.070312
qft_n4.qasm,small,Linear Algebra,4,17,severity,gate_deletion_2q,0.3,0.887237,0.538368,0.909091,0.432344,0.529412,0.333333,0.013986,0.0035574,0.064147,0.935853,0.2776284,0.058594
qft_n4.qasm,small,Linear Algebra,4,17,severity,gate_deletion_2q,0.6,0.83911,0.510233,0.909091,0.289621,0.529412,0.666667,0.128205,0.003117,0.076891,0.923109,0.2852849,0.068359
qft_n4.qasm,small,Linear Algebra,4,17,severity,gate_insertion,0.1,0.919149,0.587507,0.909091,0.437706,0.578947,0.0,0.071429,0.0047681,0.562591,0.437409,0.2777681,0.505859
qft_n4.qasm,small,Linear Algebra,4,17,severity,gate_insertion,0.3,0.790194,0.519556,1.0,0.542608,0.652174,0.0,0.100962,0.005385,0.351246,0.648754,0.2866551,0.366211
qft_n4.qasm,small,Linear Algebra,4,17,severity,gate_insertion,0.6,0.677304,0.462939,1.0,0.681118,0.68,0.0,0.126697,0.0056551,1.0,0.0,0.2803871,1.0
qft_n4.qasm,small,Linear Algebra,4,17,severity,gate_substitution,0.1,1.0,0.985089,0.0,0.00899,0.058824,0.0,0.0,0.0044273,0.571995,0.428005,0.2859355,0.516602
qft_n4.qasm,small,Linear Algebra,4,17,severity,gate_substitution,0.3,1.0,0.970177,0.0,0.017981,0.117647,0.0,0.0,0.0044374,0.755274,0.244726,0.2764728,0.767578
qft_n4.qasm,small,Linear Algebra,4,17,severity,gate_substitution,0.6,1.0,0.940355,0.0,0.035961,0.235294,0.0,0.0,0.0044103,0.862745,0.137255,0.2926716,0.891602
qft_n4.qasm,small,Linear Algebra,4,17,severity,gate_reorder,0.1,0.902913,0.820742,0.636364,0.138597,0.176471,0.0,0.0,0.0038207,0.699158,0.300842,0.2901794,0.518555
qft_n4.qasm,small,Linear Algebra,4,17,severity,gate_reorder,0.3,0.962513,0.625598,1.0,0.405856,0.411765,0.0,0.0,0.0039889,0.700189,0.299811,0.2924254,0.516602
qft_n4.qasm,small,Linear Algebra,4,17,severity,gate_reorder,0.6,0.994876,0.429412,1.0,1.0,0.352941,0.0,0.0,0.0039809,0.709448,0.290552,0.291901,0.533203
qft_n4.qasm,small,Linear Algebra,4,17,severity,trojan_NOT,0.1,0.919149,0.622254,1.0,0.389693,0.421053,0.0,0.071429,0.0049636,1.0,0.0,0.284983,1.0
qft_n4.qasm,small,Linear Algebra,4,17,severity,trojan_NOT,0.3,0.790194,0.35462,1.0,1.0,0.695652,0.0,0.0625,0.0054314,1.0,0.0,0.2799317,1.0
qft_n4.qasm,small,Linear Algebra,4,17,severity,trojan_NOT,0.6,0.709667,0.432922,1.0,0.681503,0.8,0.0,0.18552,0.0056578,0.065119,0.934881,0.2861686,0.06543
qft_n4.qasm,small,Linear Algebra,4,17,severity,trojan_H,0.1,0.951511,0.687338,0.636364,0.359584,0.421053,0.0,0.071429,0.0048018,0.407683,0.592317,0.288047,0.374023
qft_n4.qasm,small,Linear Algebra,4,17,severity,trojan_H,0.3,0.822557,0.345966,1.0,1.0,0.695652,0.0,0.149038,0.005447,0.251389,0.748611,0.2892078,0.192383
qft_n4.qasm,small,Linear Algebra,4,17,severity,trojan_H,0.6,0.709667,0.357213,1.0,1.0,0.68,0.0,0.067873,0.0055641,0.645557,0.354443,0.2860312,0.607422
qft_n4.qasm,small,Linear Algebra,4,17,severity,qubit_swap,0.1,0.887269,0.839142,0.136364,0.11243,0.105263,0.333333,0.133333,0.0047744,0.056714,0.943286,0.2794833,0.055664
qft_n4.qasm,small,Linear Algebra,4,17,severity,qubit_swap,0.3,0.694373,0.554919,0.545455,0.287322,0.26087,1.0,0.105263,0.00526,0.873588,0.126412,0.2868582,0.785156
qft_n4.qasm,small,Linear Algebra,4,17,severity,qubit_swap,0.6,0.679225,0.469951,0.772727,0.415367,0.32,1.0,0.047619,0.0062501,0.865625,0.134375,0.2894253,0.755859
qft_n4_transpiled.qasm,small,Linear Algebra,4,49,severity,gate_deletion_1q,0.1,0.966002,0.4223,1.0,0.877613,0.571429,0.0,0.0625,0.0085954,0.819127,0.180873,0.2679777,0.761719
qft_n4_transpiled.qasm,small,Linear Algebra,4,49,severity,gate_deletion_1q,0.3,0.873733,0.555072,0.8,0.577575,0.571429,0.0,0.084906,0.0074731,0.720026,0.279974,0.2755539,0.548828
qft_n4_transpiled.qasm,small,Linear Algebra,4,49,severity,gate_deletion_1q,0.6,0.70343,0.353189,0.916667,1.0,0.693878,0.0,0.205357,0.0058568,1.0,0.0,0.2735793,1.0
qft_n4_transpiled.qasm,small,Linear Algebra,4,49,severity,gate_deletion_2q,0.1,0.905009,0.566492,0.966667,0.459659,0.469388,0.166667,0.004167,0.0087612,0.086585,0.913415,0.2816094,0.088867
qft_n4_transpiled.qasm,small,Linear Algebra,4,49,severity,gate_deletion_2q,0.3,0.831901,0.559048,0.833333,0.361298,0.591837,0.333333,0.044643,0.0087168,0.051856,0.948144,0.275531,0.050781
qft_n4_transpiled.qasm,small,Linear Algebra,4,49,severity,gate_deletion_2q,0.6,0.652796,0.513529,0.733333,0.385276,0.510204,0.666667,0.0625,0.0080126,0.074655,0.925345,0.2789062,0.069336
qft_n4_transpiled.qasm,small,Linear Algebra,4,49,severity,gate_insertion,0.1,0.957441,0.600759,0.916667,0.493318,0.425926,0.0,0.038949,0.0098474,0.650746,0.349254,0.2815894,0.625977
qft_n4_transpiled.qasm,small,Linear Algebra,4,49,severity,gate_insertion,0.3,0.817656,0.365594,1.0,0.8995,0.796875,0.0,0.102057,0.0118272,1.0,0.0,0.2866426,1.0
qft_n4_transpiled.qasm,small,Linear Algebra,4,49,severity,gate_insertion,0.6,0.708329,0.331538,1.0,1.0,0.808219,0.0,0.068182,0.0129748,0.362445,0.637555,0.277662,0.365234
qft_n4_transpiled.qasm,small,Linear Algebra,4,49,severity,gate_substitution,0.1,1.0,0.974731,0.0,0.025551,0.081633,0.0,0.0,0.0091763,0.073552,0.926448,0.2670953,0.070312
qft_n4_transpiled.qasm,small,Linear Algebra,4,49,severity,gate_substitution,0.3,1.0,0.93397,0.0,0.072039,0.204082,0.0,0.0,0.0091804,0.07718,0.92282,0.2664885,0.072266
qft_n4_transpiled.qasm,small,Linear Algebra,4,49,severity,gate_substitution,0.6,1.0,0.869058,0.0,0.140884,0.408163,0.0,0.0,0.0092437,0.577784,0.422216,0.2669866,0.526367
qft_n4_transpiled.qasm,small,Linear Algebra,4,49,severity,gate_reorder,0.1,0.989052,0.819641,0.633333,0.197236,0.081633,0.0,0.0,0.0092422,0.050178,0.949822,0.2731213,0.049805
qft_n4_transpiled.qasm,small,Linear Algebra,4,49,severity,gate_reorder,0.3,0.989052,0.473685,0.933333,0.917169,0.326531,0.0,0.0,0.0097857,1.0,0.0,0.2751731,1.0
qft_n4_transpiled.qasm,small,Linear Algebra,4,49,severity,gate_reorder,0.6,0.95438,0.521579,1.0,0.611814,0.571429,0.0,0.0,0.009082,0.063994,0.936006,0.2813909,0.05957
qft_n4_transpiled.qasm,small,Linear Algebra,4,49,severity,trojan_NOT,0.1,0.946492,0.573867,0.75,0.514596,0.648148,0.0,0.038949,0.009943,0.065061,0.934939,0.276882,0.05957
qft_n4_transpiled.qasm,small,Linear Algebra,4,49,severity,trojan_NOT,0.3,0.817656,0.394623,1.0,0.859961,0.734375,0.0,0.075158,0.0113432,0.060468,0.939532,0.2808344,0.061523
qft_n4_transpiled.qasm,small,Linear Algebra,4,49,severity,trojan_NOT,0.6,0.730225,0.334846,1.0,1.0,0.794521,0.0,0.0625,0.0130168,1.0,0.0,0.2784732,1.0
qft_n4_transpiled.qasm,small,Linear Algebra,4,49,severity,trojan_H,0.1,0.946492,0.583068,0.883333,0.53132,0.481481,0.0,0.021739,0.0095046,0.38609,0.61391,0.2697511,0.352539
qft_n4_transpiled.qasm,small,Linear Algebra,4,49,severity,trojan_H,0.3,0.817656,0.397251,1.0,0.869856,0.703125,0.0,0.076741,0.0150073,0.296195,0.703805,0.3350772,0.28125
qft_n4_transpiled.qasm,small,Linear Algebra,4,49,severity,trojan_H,0.6,0.653588,0.324821,1.0,1.0,0.821918,0.0,0.107955,0.013969,0.532294,0.467706,0.3197904,0.527344
qft_n4_transpiled.qasm,small,Linear Algebra,4,49,severity,qubit_swap,0.1,0.902817,0.827642,0.116667,0.125868,0.092593,0.416667,0.089527,0.0104141,0.707559,0.292441,0.292148,0.530273
qft_n4_transpiled.qasm,small,Linear Algebra,4,49,severity,qubit_swap,0.3,0.730051,0.555298,0.483333,0.342881,0.234375,1.0,0.053191,0.0121451,0.933894,0.066106,0.2944935,0.875977
qft_n4_transpiled.qasm,small,Linear Algebra,4,49,severity,qubit_swap,0.6,0.587834,0.418406,0.766667,0.548319,0.328767,1.0,0.089286,0.0126856,0.86695,0.13305,0.2795062,0.764648
qpe_n9.qasm,small,Linear Algebra,9,42,severity,gate_deletion_1q,0.1,0.970042,0.407002,0.953125,1.0,0.47619,0.0,0.047913,0.0085367,1.0,0.0,0.2764528,1.0
qpe_n9.qasm,small,Linear Algebra,9,42,severity,gate_deletion_1q,0.3,0.93014,0.392788,1.0,1.0,0.5,0.0,0.072122,0.0079762,1.0,0.0,0.2767111,1.0
qpe_n9.qasm,small,Linear Algebra,9,42,severity,gate_deletion_1q,0.6,0.870464,0.36966,1.0,1.0,0.619048,0.0,0.065307,0.0071839,1.0,0.0,0.2874796,1.0
qpe_n9.qasm,small,Linear Algebra,9,42,severity,gate_deletion_2q,0.1,0.952429,0.707922,0.625,0.427837,0.095238,0.125,0.045377,0.0110341,0.260983,0.739017,0.3490477,0.234375
qpe_n9.qasm,small,Linear Algebra,9,42,severity,gate_deletion_2q,0.3,0.853314,0.571103,0.75,0.462827,0.404762,0.3125,0.109547,0.0079335,0.732282,0.267718,0.2825921,0.701172
qpe_n9.qasm,small,Linear Algebra,9,42,severity,gate_deletion_2q,0.6,0.747869,0.327397,0.984375,0.810768,0.52381,0.625,0.114165,0.0069575,0.823663,0.176337,0.2797085,0.795898
qpe_n9.qasm,small,Linear Algebra,9,42,severity,gate_insertion,0.1,0.908767,0.382589,1.0,1.0,0.553191,0.0,0.067723,0.0108093,0.626612,0.373388,0.2789656,0.606445
qpe_n9.qasm,small,Linear Algebra,9,42,severity,gate_insertion,0.3,0.829176,0.355664,1.0,1.0,0.690909,0.0,0.061546,0.0119756,1.0,0.0,0.2818092,1.0
qpe_n9.qasm,small,Linear Algebra,9,42,severity,gate_insertion,0.6,0.721812,0.342819,1.0,1.0,0.730159,0.0,0.111498,0.0156733,1.0,0.0,0.3670143,1.0
qpe_n9.qasm,small,Linear Algebra,9,42,severity,gate_substitution,0.1,1.0,0.988706,0.0,0.005059,0.047619,0.0,0.0,0.010026,0.680899,0.319101,0.2878035,0.634766
qpe_n9.qasm,small,Linear Algebra,9,42,severity,gate_substitution,0.3,1.0,0.971764,0.0,0.012647,0.119048,0.0,0.0,0.0099011,0.78564,0.21436,0.280721,0.724609
qpe_n9.qasm,small,Linear Algebra,9,42,severity,gate_substitution,0.6,1.0,0.949175,0.0,0.022764,0.214286,0.0,0.0,0.0098886,0.954536,0.045464,0.277998,0.928711
qpe_n9.qasm,small,Linear Algebra,9,42,severity,gate_reorder,0.1,0.936322,0.645159,1.0,0.517233,0.119048,0.0,0.0,0.0104024,0.879997,0.120003,0.3640462,0.864258
qpe_n9.qasm,small,Linear Algebra,9,42,severity,gate_reorder,0.3,0.980019,0.689643,0.9375,0.308077,0.309524,0.0,0.0,0.0108276,0.929852,0.070148,0.3788222,0.902344
qpe_n9.qasm,small,Linear Algebra,9,42,severity,gate_reorder,0.6,0.964076,0.504351,1.0,0.701853,0.5,0.0,0.0,0.0108939,0.95391,0.04609,0.382314,0.970703
qpe_n9.qasm,small,Linear Algebra,9,42,severity,trojan_NOT,0.1,0.922476,0.50264,0.9375,0.773272,0.404255,0.0,0.052389,0.0109343,1.0,0.0,0.2873723,1.0
qpe_n9.qasm,small,Linear Algebra,9,42,severity,trojan_NOT,0.3,0.84291,0.364811,1.0,1.0,0.636364,0.0,0.079164,0.0142192,1.0,0.0,0.3723109,1.0
qpe_n9.qasm,small,Linear Algebra,9,42,severity,trojan_NOT,0.6,0.735689,0.329207,1.0,1.0,0.793651,0.0,0.120626,0.0150523,1.0,0.0,0.3734997,1.0
qpe_n9.qasm,small,Linear Algebra,9,42,severity,trojan_H,0.1,0.936437,0.377184,1.0,1.0,0.574468,0.0,0.079223,0.0107541,0.566994,0.433006,0.2934617,0.496094
qpe_n9.qasm,small,Linear Algebra,9,42,severity,trojan_H,0.3,0.84291,0.35735,1.0,1.0,0.672727,0.0,0.081043,0.0138912,0.956144,0.043856,0.3697684,0.953125
qpe_n9.qasm,small,Linear Algebra,9,42,severity,trojan_H,0.6,0.707935,0.332946,1.0,1.0,0.793651,0.0,0.083243,0.0158493,0.893999,0.106001,0.3812093,0.855469
qpe_n9.qasm,small,Linear Algebra,9,42,severity,qubit_swap,0.1,0.920756,0.806809,0.328125,0.152884,0.106383,0.3125,0.06686,0.0126533,0.874942,0.125058,0.3694929,0.78418
qpe_n9.qasm,small,Linear Algebra,9,42,severity,qubit_swap,0.3,0.772198,0.590497,0.5625,0.294347,0.236364,0.8125,0.123339,0.0144173,0.870839,0.129161,0.3742447,0.762695
qpe_n9.qasm,small,Linear Algebra,9,42,severity,qubit_swap,0.6,0.639364,0.474859,0.65625,0.423508,0.333333,1.0,0.118096,0.0162552,0.947254,0.052746,0.3824192,0.907227
qpe_n9_transpiled.qasm,small,Linear Algebra,9,162,severity,gate_deletion_1q,0.1,0.95959,0.499804,0.953052,0.676152,0.580247,0.0,0.045359,0.0277557,0.986039,0.013961,0.241441,0.985352
qpe_n9_transpiled.qasm,small,Linear Algebra,9,162,severity,gate_deletion_1q,0.3,0.868735,0.451239,1.0,0.760115,0.635802,0.0,0.055598,0.0238056,0.971548,0.028452,0.2621955,0.961914
qpe_n9_transpiled.qasm,small,Linear Algebra,9,162,severity,gate_deletion_1q,0.6,0.721656,0.371681,1.0,0.884999,0.796296,0.0,0.093104,0.0182074,1.0,0.0,0.268295,1.0
qpe_n9_transpiled.qasm,small,Linear Algebra,9,162,severity,gate_deletion_2q,0.1,0.936525,0.556065,0.882629,0.530721,0.5,0.116279,0.025324,0.0284949,0.677815,0.322185,0.2663784,0.638672
qpe_n9_transpiled.qasm,small,Linear Algebra,9,162,severity,gate_deletion_2q,0.3,0.827411,0.522451,0.802817,0.565551,0.469136,0.302326,0.048917,0.0288438,0.598069,0.401931,0.2569077,0.555664
qpe_n9_transpiled.qasm,small,Linear Algebra,9,162,severity,gate_deletion_2q,0.6,0.623307,0.404498,0.906103,0.62362,0.567901,0.604651,0.068093,0.0246477,0.754485,0.245515,0.2513188,0.698242
qpe_n9_transpiled.qasm,small,Linear Algebra,9,162,severity,gate_insertion,0.1,0.952991,0.453827,1.0,0.780737,0.597765,0.0,0.033621,0.0385364,0.909834,0.090166,0.4105076,0.894531
qpe_n9_transpiled.qasm,small,Linear Algebra,9,162,severity,gate_insertion,0.3,0.832623,0.365364,1.0,0.971039,0.691943,0.0,0.063837,0.0454243,1.0,0.0,0.4206703,1.0
qpe_n9_transpiled.qasm,small,Linear Algebra,9,162,severity,gate_insertion,0.6,0.753213,0.326935,1.0,1.0,0.8107,0.0,0.109255,0.0424083,1.0,0.0,0.2605471,1.0
qpe_n9_transpiled.qasm,small,Linear Algebra,9,162,severity,gate_substitution,0.1,1.0,0.980352,0.0,0.017336,0.067901,0.0,0.0,0.0300803,0.874916,0.125084,0.2505281,0.857422
qpe_n9_transpiled.qasm,small,Linear Algebra,9,162,severity,gate_substitution,0.3,1.0,0.941792,0.0,0.049908,0.203704,0.0,0.0,0.0288815,0.746207,0.253793,0.2502021,0.709961
qpe_n9_transpiled.qasm,small,Linear Algebra,9,162,severity,gate_substitution,0.6,1.0,0.884785,0.0,0.096382,0.407407,0.0,0.0,0.031635,1.0,0.0,0.2612349,1.0
qpe_n9_transpiled.qasm,small,Linear Algebra,9,162,severity,gate_reorder,0.1,0.946446,0.607237,0.953052,0.632601,0.141975,0.0,0.0,0.0287323,0.823882,0.176118,0.3365836,0.805664
qpe_n9_transpiled.qasm,small,Linear Algebra,9,162,severity,gate_reorder,0.3,0.892401,0.580882,1.0,0.617234,0.265432,0.0,0.0,0.0346242,0.924385,0.075615,0.3931901,0.910156
qpe_n9_transpiled.qasm,small,Linear Algebra,9,162,severity,gate_reorder,0.6,0.87037,0.470323,1.0,0.834349,0.438272,0.0,0.0,0.0341314,1.0,0.0,0.398707,1.0
qpe_n9_transpiled.qasm,small,Linear Algebra,9,162,severity,trojan_NOT,0.1,0.943544,0.411511,1.0,0.812359,0.743017,0.0,0.055597,0.0326288,1.0,0.0,0.2673166,1.0
qpe_n9_transpiled.qasm,small,Linear Algebra,9,162,severity,trojan_NOT,0.3,0.838921,0.34658,1.0,0.981701,0.753555,0.0,0.091138,0.0447318,1.0,0.0,0.4115998,1.0
qpe_n9_transpiled.qasm,small,Linear Algebra,9,162,severity,trojan_NOT,0.6,0.759511,0.320448,1.0,1.0,0.847737,0.0,0.100042,0.0534518,1.0,0.0,0.4382524,1.0
qpe_n9_transpiled.qasm,small,Linear Algebra,9,162,severity,trojan_H,0.1,0.949848,0.425566,1.0,0.816438,0.681564,0.0,0.02368,0.0326926,0.966838,0.033162,0.2678466,0.961914
qpe_n9_transpiled.qasm,small,Linear Algebra,9,162,severity,trojan_H,0.3,0.845224,0.343116,1.0,1.0,0.739336,0.0,0.090164,0.0454961,0.936104,0.063896,0.420015,0.921875
qpe_n9_transpiled.qasm,small,Linear Algebra,9,162,severity,trojan_H,0.6,0.753217,0.329008,1.0,1.0,0.814815,0.0,0.080293,0.0429975,1.0,0.0,0.2625875,1.0
qpe_n9_transpiled.qasm,small,Linear Algebra,9,162,severity,qubit_swap,0.1,0.924614,0.82554,0.183099,0.122156,0.094972,0.395349,0.061766,0.0392787,0.944742,0.055258,0.3887724,0.898438
qpe_n9_transpiled.qasm,small,Linear Algebra,9,162,severity,qubit_swap,0.3,0.785323,0.549978,0.483568,0.346887,0.232227,1.0,0.09631,0.0472204,0.96173,0.03827,0.4472456,0.93457
qpe_n9_transpiled.qasm,small,Linear Algebra,9,162,severity,qubit_swap,0.6,0.66183,0.413418,0.7277,0.567819,0.333333,1.0,0.120238,0.0564475,0.952045,0.047955,0.4282806,0.910156
qrng_n4.qasm,small,Other,4,8,severity,gate_deletion_1q,0.1,0.947321,0.859855,0.25,0.160618,0.125,0.0,0.214286,0.0017509,0.702083,0.297917,0.2787469,0.517578
qrng_n4.qasm,small,Other,4,8,severity,gate_deletion_1q,0.3,0.84425,0.371793,1.0,0.923449,0.625,0.0,0.3,0.0014724,0.869808,0.130192,0.2729216,0.859375
qrng_n4.qasm,small,Other,4,8,severity,gate_deletion_1q,0.6,0.655,0.386947,1.0,0.823008,0.875,0.0,0.0,0.0012692,0.930478,0.069522,0.2720964,0.942383
qrng_n4.qasm,small,Other,4,8,severity,gate_deletion_2q,0.1,1.0,1.0,0.0,0.0,0.0,0.0,0.0,0.0020043,0.078871,0.921129,0.2794326,0.078125
qrng_n4.qasm,small,Other,4,8,severity,gate_deletion_2q,0.3,1.0,1.0,0.0,0.0,0.0,0.0,0.0,0.0019982,0.069847,0.930153,0.2816415,0.060547
qrng_n4.qasm,small,Other,4,8,severity,gate_deletion_2q,0.6,1.0,1.0,0.0,0.0,0.0,0.0,0.0,0.0019193,0.087286,0.912714,0.2671257,0.088867
qrng_n4.qasm,small,Other,4,8,severity,gate_insertion,0.1,0.812639,0.655394,1.0,0.381415,0.222222,0.0,0.166667,0.002033,0.564166,0.435834,0.276066,0.499023
qrng_n4.qasm,small,Other,4,8,severity,gate_insertion,0.3,0.708523,0.395455,1.0,1.0,0.454545,0.0,0.136364,0.002363,0.703934,0.296066,0.2783816,0.53125
qrng_n4.qasm,small,Other,4,8,severity,gate_insertion,0.6,0.521667,0.316667,1.0,1.0,0.75,0.0,0.333333,0.0027091,0.578225,0.421775,0.6124586,0.518555
qrng_n4.qasm,small,Other,4,8,severity,gate_substitution,0.1,1.0,0.960288,0.0,0.042034,0.125,0.0,0.0,0.0021813,0.547402,0.452598,0.3382574,0.482422
qrng_n4.qasm,small,Other,4,8,severity,gate_substitution,0.3,1.0,0.920577,0.0,0.084067,0.25,0.0,0.0,0.0019057,0.736988,0.263012,0.2961807,0.742188
qrng_n4.qasm,small,Other,4,8,severity,gate_substitution,0.6,1.0,0.880865,0.0,0.126101,0.375,0.0,0.0,0.0019059,0.853458,0.146542,0.2846227,0.881836
qrng_n4.qasm,small,Other,4,8,severity,gate_reorder,0.1,1.0,0.95,0.0,0.0,0.25,0.0,0.0,0.0019041,0.092806,0.907194,0.2830574,0.088867
qrng_n4.qasm,small,Other,4,8,severity,gate_reorder,0.3,1.0,0.95,0.0,0.0,0.25,0.0,0.0,0.0018941,0.063353,0.936647,0.2737191,0.066406
qrng_n4.qasm,small,Other,4,8,severity,gate_reorder,0.6,1.0,0.534115,1.0,0.616813,0.5,0.0,0.0,0.0019443,0.867384,0.132616,0.2789142,0.774414
qrng_n4.qasm,small,Other,4,8,severity,trojan_NOT,0.1,0.812639,0.579355,1.0,0.598669,0.222222,0.0,0.166667,0.0021788,0.076234,0.923766,0.2845914,0.074219
qrng_n4.qasm,small,Other,4,8,severity,trojan_NOT,0.3,0.573523,0.4,1.0,1.0,0.363636,0.0,0.272727,0.0024768,0.072413,0.927587,0.3077524,0.064453
qrng_n4.qasm,small,Other,4,8,severity,trojan_NOT,0.6,0.656667,0.333333,1.0,1.0,0.833333,0.0,0.0,0.0025254,0.072548,0.927452,0.2934589,0.066406
qrng_n4.qasm,small,Other,4,8,severity,trojan_H,0.1,0.812639,0.692948,1.0,0.33761,0.111111,0.0,0.166667,0.0020934,0.553052,0.446948,0.3120955,0.488281
qrng_n4.qasm,small,Other,4,8,severity,trojan_H,0.3,0.708523,0.490915,1.0,0.779203,0.363636,0.0,0.136364,0.0023559,0.857997,0.142003,0.2996689,0.884766
qrng_n4.qasm,small,Other,4,8,severity,trojan_H,0.6,0.521667,0.383333,1.0,1.0,0.5,0.0,0.166667,0.0032651,0.870046,0.129954,0.3921218,0.762695
qrng_n4.qasm,small,Other,4,8,severity,qubit_swap,0.1,0.812639,0.474903,1.0,0.379644,0.111111,1.0,0.2,0.0020145,0.714105,0.285895,0.3212955,0.548828
qrng_n4.qasm,small,Other,4,8,severity,qubit_swap,0.3,0.440341,0.311354,1.0,0.730084,0.272727,1.0,0.285714,0.0029358,0.704973,0.295027,0.3318923,0.525391
qrng_n4.qasm,small,Other,4,8,severity,qubit_swap,0.6,0.388333,0.220833,1.0,1.0,0.333333,1.0,0.125,0.0026895,0.871389,0.128611,0.30432,0.774414
qrng_n4_transpiled.qasm,small,Other,4,16,severity,gate_deletion_1q,0.1,0.9448,0.496933,1.0,0.610805,0.625,0.0,0.142857,0.0029756,0.566276,0.433724,0.2809887,0.508789
qrng_n4_transpiled.qasm,small,Other,4,16,severity,gate_deletion_1q,0.3,0.862784,0.486863,1.0,0.566754,0.6875,0.0,0.272727,0.0025162,0.89046,0.10954,0.2781755,0.886719
qrng_n4_transpiled.qasm,small,Other,4,16,severity,gate_deletion_1q,0.6,0.711029,0.329298,1.0,0.844863,0.875,0.0,0.5,0.0021204,0.912011,0.087989,0.2785639,0.879883
qrng_n4_transpiled.qasm,small,Other,4,16,severity,gate_deletion_2q,0.1,1.0,1.0,0.0,0.0,0.0,0.0,0.0,0.0032515,0.086564,0.913436,0.2811649,0.081055
qrng_n4_transpiled.qasm,small,Other,4,16,severity,gate_deletion_2q,0.3,1.0,1.0,0.0,0.0,0.0,0.0,0.0,0.0033028,0.075297,0.924703,0.2870313,0.077148
qrng_n4_transpiled.qasm,small,Other,4,16,severity,gate_deletion_2q,0.6,1.0,1.0,0.0,0.0,0.0,0.0,0.0,0.0036427,0.060397,0.939603,0.2807641,0.056641
qrng_n4_transpiled.qasm,small,Other,4,16,severity,gate_insertion,0.1,0.876511,0.514075,1.0,0.610579,0.555556,0.0,0.111111,0.0035841,0.577099,0.422901,0.2786149,0.524414
qrng_n4_transpiled.qasm,small,Other,4,16,severity,gate_insertion,0.3,0.725586,0.372853,1.0,0.859874,0.809524,0.0,0.142857,0.0040307,0.074379,0.925621,0.2842815,0.069336
qrng_n4_transpiled.qasm,small,Other,4,16,severity,gate_insertion,0.6,0.574755,0.333333,1.0,1.0,0.75,0.0,0.166667,0.0045677,0.706961,0.293039,0.2771066,0.535156
qrng_n4_transpiled.qasm,small,Other,4,16,severity,gate_substitution,0.1,1.0,0.953761,0.0,0.060683,0.125,0.0,0.0,0.0033093,0.073396,0.926604,0.2769054,0.068359
qrng_n4_transpiled.qasm,small,Other,4,16,severity,gate_substitution,0.3,1.0,0.907522,0.0,0.121367,0.25,0.0,0.0,0.0032605,0.076795,0.923205,0.279214,0.073242
qrng_n4_transpiled.qasm,small,Other,4,16,severity,gate_substitution,0.6,1.0,0.82106,0.0,0.225544,0.5,0.0,0.0,0.0032097,0.06256,0.93744,0.2703901,0.0625
qrng_n4_transpiled.qasm,small,Other,4,16,severity,gate_reorder,0.1,1.0,0.942141,0.0,0.165312,0.0,0.0,0.0,0.0032449,0.058875,0.941125,0.2688133,0.053711
qrng_n4_transpiled.qasm,small,Other,4,16,severity,gate_reorder,0.3,1.0,0.56213,1.0,0.536771,0.5,0.0,0.0,0.0033375,0.8756,0.1244,0.2756764,0.77832
qrng_n4_transpiled.qasm,small,Other,4,16,severity,gate_reorder,0.6,1.0,0.561795,1.0,0.537728,0.5,0.0,0.0,0.0029259,0.714162,0.285838,0.2819863,0.544922
qrng_n4_transpiled.qasm,small,Other,4,16,severity,trojan_NOT,0.1,0.876511,0.515244,1.0,0.575495,0.611111,0.0,0.111111,0.0035825,1.0,0.0,0.2724603,1.0
qrng_n4_transpiled.qasm,small,Other,4,16,severity,trojan_NOT,0.3,0.657204,0.427667,1.0,0.703263,0.761905,0.0,0.238095,0.0040463,1.0,0.0,0.277164,1.0
qrng_n4_transpiled.qasm,small,Other,4,16,severity,trojan_NOT,0.6,0.574755,0.355949,1.0,0.935382,0.75,0.0,0.166667,0.0045191,0.071197,0.928803,0.2782036,0.073242
qrng_n4_transpiled.qasm,small,Other,4,16,severity,trojan_H,0.1,0.808129,0.613545,1.0,0.500983,0.222222,0.0,0.166667,0.0036936,0.717447,0.282553,0.277367,0.548828
qrng_n4_transpiled.qasm,small,Other,4,16,severity,trojan_H,0.3,0.725586,0.399021,1.0,0.78511,0.809524,0.0,0.142857,0.0040437,0.555137,0.444863,0.2750705,0.493164
qrng_n4_transpiled.qasm,small,Other,4,16,severity,trojan_H,0.6,0.506373,0.341667,1.0,1.0,0.708333,0.0,0.166667,0.0045141,0.851355,0.148645,0.275381,0.879883
qrng_n4_transpiled.qasm,small,Other,4,16,severity,qubit_swap,0.1,0.807475,0.605408,0.5,0.249627,0.111111,1.0,0.1,0.0038359,0.867058,0.132942,0.2726069,0.769531
qrng_n4_transpiled.qasm,small,Other,4,16,severity,qubit_swap,0.3,0.587981,0.422291,0.916667,0.52828,0.238095,1.0,0.076923,0.0041568,0.721672,0.278328,0.2757619,0.532227
qrng_n4_transpiled.qasm,small,Other,4,16,severity,qubit_swap,0.6,0.231863,0.284034,1.0,0.783712,0.333333,1.0,0.25,0.0046315,0.86159,0.13841,0.275425,0.760742
quantumwalks_n2.qasm,small,Other,2,13,severity,gate_deletion_1q,0.1,0.968932,0.572073,0.642857,0.664353,0.461538,0.0,0.066667,0.0027852,1.0,0.0,0.2787121,1.0
quantumwalks_n2.qasm,small,Other,2,13,severity,gate_deletion_1q,0.3,0.907649,0.3862,1.0,0.863604,0.769231,0.0,0.076923,0.0024829,0.586799,0.413201,0.2760427,0.539062
quantumwalks_n2.qasm,small,Other,2,13,severity,gate_deletion_1q,0.6,0.777878,0.46035,0.857143,0.721764,0.692308,0.0,0.2,0.0020196,0.761422,0.238578,0.2820409,0.775391
quantumwalks_n2.qasm,small,Other,2,13,severity,gate_deletion_2q,0.1,0.842512,0.677748,0.571429,0.353478,0.230769,0.333333,0.0,0.0028122,0.958374,0.041626,0.2722565,0.977539
quantumwalks_n2.qasm,small,Other,2,13,severity,gate_deletion_2q,0.3,0.842512,0.677748,0.571429,0.353478,0.230769,0.333333,0.0,0.0028595,0.952772,0.047228,0.2774392,0.973633
quantumwalks_n2.qasm,small,Other,2,13,severity,gate_deletion_2q,0.6,0.684851,0.34453,1.0,0.711599,0.615385,0.666667,0.0,0.0026406,0.670114,0.329886,0.277394,0.667969
quantumwalks_n2.qasm,small,Other,2,13,severity,gate_insertion,0.1,0.86419,0.504638,0.857143,0.673371,0.6,0.0,0.111111,0.0033177,0.832787,0.167213,0.2719077,0.867188
quantumwalks_n2.qasm,small,Other,2,13,severity,gate_insertion,0.3,0.728558,0.421682,1.0,0.859061,0.588235,0.0,0.1,0.0037456,0.733219,0.266781,0.2779219,0.751953
quantumwalks_n2.qasm,small,Other,2,13,severity,gate_insertion,0.6,0.666912,0.47754,1.0,0.793495,0.473684,0.0,0.0,0.0038991,0.89488,0.10512,0.2822435,0.926758
quantumwalks_n2.qasm,small,Other,2,13,severity,gate_substitution,0.1,1.0,1.0,0.0,0.0,0.0,0.0,0.0,0.0030067,0.042821,0.957179,0.2781263,0.00293
quantumwalks_n2.qasm,small,Other,2,13,severity,gate_substitution,0.3,1.0,1.0,0.0,0.0,0.0,0.0,0.0,0.0030247,0.027202,0.972798,0.272278,0.003906
quantumwalks_n2.qasm,small,Other,2,13,severity,gate_substitution,0.6,1.0,1.0,0.0,0.0,0.0,0.0,0.0,0.0033415,0.023647,0.976353,0.2820608,0.000977
quantumwalks_n2.qasm,small,Other,2,13,severity,gate_reorder,0.1,0.999126,0.749553,0.5,0.413366,0.153846,0.0,0.0,0.0029405,0.962923,0.037077,0.2776628,0.980469
quantumwalks_n2.qasm,small,Other,2,13,severity,gate_reorder,0.3,0.926136,0.733016,0.857143,0.307551,0.153846,0.0,0.0,0.0031333,0.7401,0.2599,0.2767025,0.754883
quantumwalks_n2.qasm,small,Other,2,13,severity,gate_reorder,0.6,0.926136,0.442758,1.0,0.8119,0.615385,0.0,0.0,0.0029377,0.904594,0.095406,0.2772124,0.935547
quantumwalks_n2.qasm,small,Other,2,13,severity,trojan_NOT,0.1,0.86419,0.577286,0.714286,0.565124,0.533333,0.0,0.111111,0.0033081,0.038062,0.961938,0.2829838,0.004883
quantumwalks_n2.qasm,small,Other,2,13,severity,trojan_NOT,0.3,0.76549,0.662929,0.714286,0.393071,0.411765,0.0,0.1,0.0036993,1.0,0.0,0.2747497,1.0
quantumwalks_n2.qasm,small,Other,2,13,severity,trojan_NOT,0.6,0.62998,0.333014,1.0,1.0,0.789474,0.0,0.090909,0.0038875,0.994887,0.005113,0.2848986,0.998047
quantumwalks_n2.qasm,small,Other,2,13,severity,trojan_H,0.1,0.86419,0.730555,0.428571,0.395692,0.333333,0.0,0.0,0.00331,0.845981,0.154019,0.2772132,0.879883
quantumwalks_n2.qasm,small,Other,2,13,severity,trojan_H,0.3,0.728558,0.337059,1.0,1.0,0.764706,0.0,0.1,0.0035817,0.898956,0.101044,0.2882276,0.931641
quantumwalks_n2.qasm,small,Other,2,13,severity,trojan_H,0.6,0.62998,0.391129,1.0,0.894108,0.684211,0.0,0.090909,0.0040015,0.613363,0.386637,0.2770916,0.59375
quantumwalks_n2.qasm,small,Other,2,13,severity,qubit_swap,0.1,0.864598,0.731872,0.214286,0.2171,0.133333,0.666667,0.0,0.0033558,0.050635,0.949365,0.2770847,0.005859
quantumwalks_n2.qasm,small,Other,2,13,severity,qubit_swap,0.3,0.729227,0.5474,0.357143,0.4342,0.235294,1.0,0.0,0.0036605,0.033453,0.966547,0.2735919,0.00293
quantumwalks_n2.qasm,small,Other,2,13,severity,qubit_swap,0.6,0.593646,0.433887,0.5,0.651301,0.315789,1.0,0.0,0.0040255,0.05526,0.94474,0.2782866,0.005859
quantumwalks_n2_transpiled.qasm,small,Other,2,40,severity,gate_deletion_1q,0.1,0.957114,0.528863,0.634146,0.730789,0.6,0.0,0.002385,0.0066333,0.551559,0.448441,0.2735112,0.489258
quantumwalks_n2_transpiled.qasm,small,Other,2,40,severity,gate_deletion_1q,0.3,0.831988,0.56538,0.731707,0.639897,0.5,0.0,0.009002,0.0054732,0.989879,0.010121,0.2774045,0.995117
quantumwalks_n2_transpiled.qasm,small,Other,2,40,severity,gate_deletion_1q,0.6,0.680487,0.374303,0.878049,0.898789,0.8,0.0,0.194135,0.0042982,0.730202,0.269798,0.273835,0.75293
quantumwalks_n2_transpiled.qasm,small,Other,2,40,severity,gate_deletion_2q,0.1,0.877396,0.57208,0.439024,0.572245,0.475,0.333333,0.001134,0.0072686,0.378264,0.621736,0.29548,0.282227
quantumwalks_n2_transpiled.qasm,small,Other,2,40,severity,gate_deletion_2q,0.3,0.890492,0.47235,0.536585,0.715378,0.65,0.333333,0.001134,0.0070927,0.736527,0.263473,0.270564,0.760742
quantumwalks_n2_transpiled.qasm,small,Other,2,40,severity,gate_deletion_2q,0.6,0.76788,0.580964,0.341463,0.469269,0.35,0.666667,0.002385,0.0069794,0.718559,0.281441,0.2778532,0.738281
quantumwalks_n2_transpiled.qasm,small,Other,2,40,severity,gate_insertion,0.1,0.917843,0.49791,0.682927,0.803633,0.590909,0.0,0.001979,0.0076029,0.375985,0.624015,0.2722702,0.264648
quantumwalks_n2_transpiled.qasm,small,Other,2,40,severity,gate_insertion,0.3,0.766655,0.390112,0.780488,1.0,0.711538,0.0,0.005074,0.0090854,0.612999,0.387001,0.271462,0.597656
quantumwalks_n2_transpiled.qasm,small,Other,2,40,severity,gate_insertion,0.6,0.628589,0.336246,1.0,1.0,0.783333,0.0,0.070875,0.010998,0.552988,0.447012,0.284133,0.500977
quantumwalks_n2_transpiled.qasm,small,Other,2,40,severity,gate_substitution,0.1,1.0,0.957178,0.0,0.065206,0.1,0.0,0.0,0.0080474,0.872296,0.127704,0.3117769,0.910156
quantumwalks_n2_transpiled.qasm,small,Other,2,40,severity,gate_substitution,0.3,1.0,0.880963,0.0,0.182962,0.275,0.0,0.0,0.0081144,0.859318,0.140682,0.2952511,0.897461
quantumwalks_n2_transpiled.qasm,small,Other,2,40,severity,gate_substitution,0.6,1.0,0.765862,0.0,0.368965,0.525,0.0,0.0,0.0081821,0.368558,0.631442,0.3025188,0.271484
quantumwalks_n2_transpiled.qasm,small,Other,2,40,severity,gate_reorder,0.1,0.97381,0.848303,0.292683,0.250841,0.1,0.0,0.0,0.0079808,0.712175,0.287825,0.3014318,0.726562
quantumwalks_n2_transpiled.qasm,small,Other,2,40,severity,gate_reorder,0.3,0.921429,0.579222,0.585366,0.751352,0.35,0.0,0.0,0.0077653,0.918737,0.081263,0.304488,0.947266
quantumwalks_n2_transpiled.qasm,small,Other,2,40,severity,gate_reorder,0.6,0.986905,0.557314,0.585366,0.756804,0.45,0.0,0.0,0.0073693,0.997205,0.002795,0.2825316,0.999023
quantumwalks_n2_transpiled.qasm,small,Other,2,40,severity,trojan_NOT,0.1,0.917843,0.468601,0.634146,0.869317,0.659091,0.0,0.001979,0.008214,0.552065,0.447935,0.2901775,0.5
quantumwalks_n2_transpiled.qasm,small,Other,2,40,severity,trojan_NOT,0.3,0.792845,0.380173,0.829268,1.0,0.711538,0.0,0.03129,0.0093617,0.989754,0.010246,0.2827053,0.996094
quantumwalks_n2_transpiled.qasm,small,Other,2,40,severity,trojan_NOT,0.6,0.602398,0.341698,0.97561,1.0,0.75,0.0,0.119601,0.0110169,1.0,0.0,0.2865494,1.0
quantumwalks_n2_transpiled.qasm,small,Other,2,40,severity,trojan_H,0.1,0.944034,0.570811,0.585366,0.612009,0.613636,0.0,0.044532,0.0087167,0.983644,0.016356,0.3012746,0.993164
quantumwalks_n2_transpiled.qasm,small,Other,2,40,severity,trojan_H,0.3,0.753559,0.390222,0.780488,0.993393,0.673077,0.0,0.104017,0.0095243,0.866224,0.133776,0.2896751,0.904297
quantumwalks_n2_transpiled.qasm,small,Other,2,40,severity,trojan_H,0.6,0.628589,0.34423,1.0,1.0,0.766667,0.0,0.024363,0.0102361,0.990437,0.009563,0.2900031,0.995117
quantumwalks_n2_transpiled.qasm,small,Other,2,40,severity,qubit_swap,0.1,0.904748,0.716583,0.121951,0.13308,0.090909,1.0,0.003648,0.008159,0.019217,0.980783,0.279104,0.00293
quantumwalks_n2_transpiled.qasm,small,Other,2,40,severity,qubit_swap,0.3,0.714359,0.565718,0.317073,0.399241,0.230769,1.0,0.00833,0.0094263,0.023478,0.976522,0.2806006,0.003906
quantumwalks_n2_transpiled.qasm,small,Other,2,40,severity,qubit_swap,0.6,0.523901,0.422493,0.512195,0.665401,0.333333,1.0,0.011208,0.0105433,0.025664,0.974336,0.2789979,0.00293
sat_n7.qasm,small,Other,7,42,severity,gate_deletion_1q,0.1,0.958416,0.482667,1.0,0.680527,0.619048,0.0,0.053393,0.0069643,1.0,0.0,0.2744536,1.0
sat_n7.qasm,small,Other,7,42,severity,gate_deletion_1q,0.3,0.867873,0.49554,1.0,0.573386,0.714286,0.0,0.109181,0.0061428,1.0,0.0,0.2785624,1.0
sat_n7.qasm,small,Other,7,42,severity,gate_deletion_1q,0.6,0.721548,0.403809,1.0,0.76792,0.785714,0.0,0.202765,0.0046411,1.0,0.0,0.2784078,1.0
sat_n7.qasm,small,Other,7,42,severity,gate_deletion_2q,0.1,1.0,1.0,0.0,0.0,0.0,0.0,0.0,0.0075133,0.04892,0.95108,0.2777541,0.03418
sat_n7.qasm,small,Other,7,42,severity,gate_deletion_2q,0.3,1.0,1.0,0.0,0.0,0.0,0.0,0.0,0.0075,0.059957,0.940043,0.2723648,0.032227
sat_n7.qasm,small,Other,7,42,severity,gate_deletion_2q,0.6,1.0,1.0,0.0,0.0,0.0,0.0,0.0,0.0075847,0.043906,0.956094,0.2745647,0.022461
sat_n7.qasm,small,Other,7,42,severity,gate_insertion,0.1,0.948075,0.435787,1.0,0.814841,0.595745,0.0,0.0987,0.0083998,1.0,0.0,0.2802549,1.0
sat_n7.qasm,small,Other,7,42,severity,gate_insertion,0.3,0.82287,0.379442,1.0,0.901407,0.709091,0.0,0.132473,0.0097688,1.0,0.0,0.291369,1.0
sat_n7.qasm,small,Other,7,42,severity,gate_insertion,0.6,0.697577,0.330882,1.0,1.0,0.730159,0.0,0.230859,0.010762,1.0,0.0,0.2831133,1.0
sat_n7.qasm,small,Other,7,42,severity,gate_substitution,0.1,1.0,0.980701,0.0,0.014324,0.071429,0.0,0.0,0.0075508,0.74257,0.25743,0.2702382,0.731445
sat_n7.qasm,small,Other,7,42,severity,gate_substitution,0.3,1.0,0.942102,0.0,0.042973,0.214286,0.0,0.0,0.007625,0.892513,0.107487,0.2830396,0.884766
sat_n7.qasm,small,Other,7,42,severity,gate_substitution,0.6,1.0,0.884204,0.0,0.085947,0.428571,0.0,0.0,0.0075526,0.899822,0.100178,0.2831735,0.887695
sat_n7.qasm,small,Other,7,42,severity,gate_reorder,0.1,0.957707,0.702971,0.814815,0.445025,0.095238,0.0,0.0,0.0078335,1.0,0.0,0.2877403,1.0
sat_n7.qasm,small,Other,7,42,severity,gate_reorder,0.3,0.985589,0.586001,1.0,0.577412,0.309524,0.0,0.0,0.0072495,1.0,0.0,0.2848889,1.0
sat_n7.qasm,small,Other,7,42,severity,gate_reorder,0.6,0.943505,0.508346,1.0,0.676836,0.52381,0.0,0.0,0.0080819,0.964526,0.035474,0.2887056,0.973633
sat_n7.qasm,small,Other,7,42,severity,trojan_NOT,0.1,0.919879,0.431682,1.0,0.806653,0.638298,0.0,0.083293,0.0083194,1.0,0.0,0.2828173,1.0
sat_n7.qasm,small,Other,7,42,severity,trojan_NOT,0.3,0.836967,0.379157,1.0,0.937388,0.636364,0.0,0.154839,0.0096103,0.796063,0.203937,0.278839,0.776367
sat_n7.qasm,small,Other,7,42,severity,trojan_NOT,0.6,0.697577,0.359659,1.0,1.0,0.650794,0.0,0.101827,0.0106206,1.0,0.0,0.2730888,1.0
sat_n7.qasm,small,Other,7,42,severity,trojan_H,0.1,0.933977,0.472552,1.0,0.714886,0.595745,0.0,0.080886,0.0082945,0.731439,0.268561,0.2683704,0.725586
sat_n7.qasm,small,Other,7,42,severity,trojan_H,0.3,0.780497,0.418347,1.0,0.778006,0.763636,0.0,0.066237,0.009646,0.9695,0.0305,0.2873241,0.954102
sat_n7.qasm,small,Other,7,42,severity,trojan_H,0.6,0.73994,0.342102,1.0,1.0,0.714286,0.0,0.150408,0.0105901,1.0,0.0,0.2834421,1.0
sat_n7.qasm,small,Other,7,42,severity,qubit_swap,0.1,0.905875,0.630548,0.351852,0.223922,0.106383,1.0,0.170251,0.008512,1.0,0.0,0.2795766,1.0
sat_n7.qasm,small,Other,7,42,severity,qubit_swap,0.3,0.738283,0.515611,0.462963,0.406378,0.236364,1.0,0.254399,0.0098734,1.0,0.0,0.2889559,1.0
sat_n7.qasm,small,Other,7,42,severity,qubit_swap,0.6,0.584795,0.320668,0.814815,0.749725,0.333333,1.0,0.280397,0.0117211,1.0,0.0,0.297419,1.0
shor_n5.qasm,small,Error Correction,5,25,severity,gate_deletion_1q,0.1,0.95613,0.535741,0.705882,0.553995,0.8,0.0,0.044788,0.0073499,1.0,0.0,0.2737195,1.0
shor_n5.qasm,small,Error Correction,5,25,severity,gate_deletion_1q,0.3,0.857608,0.457112,0.794118,0.676545,0.88,0.0,0.109797,0.0061389,0.066692,0.933308,0.2853659,0.063477
shor_n5.qasm,small,Error Correction,5,25,severity,gate_deletion_1q,0.6,0.728869,0.366463,0.823529,0.855396,0.96,0.0,0.186186,0.0045389,1.0,0.0,0.2822431,1.0
shor_n5.qasm,small,Error Correction,5,25,severity,gate_deletion_2q,0.1,0.927339,0.858756,0.235294,0.103252,0.16,0.166667,0.044788,0.0075896,0.693912,0.306088,0.284986,0.49707
shor_n5.qasm,small,Error Correction,5,25,severity,gate_deletion_2q,0.3,0.854666,0.758003,0.352941,0.187268,0.24,0.333333,0.088452,0.007418,0.051312,0.948688,0.2945042,0.050781
shor_n5.qasm,small,Error Correction,5,25,severity,gate_deletion_2q,0.6,0.709279,0.434226,0.647059,0.523373,0.72,0.666667,0.082013,0.0065848,0.751395,0.248605,0.2820771,0.762695
shor_n5.qasm,small,Error Correction,5,25,severity,gate_insertion,0.1,0.953844,0.473559,0.852941,0.677568,0.75,0.0,0.113514,0.0081297,0.753106,0.246894,0.2827859,0.760742
shor_n5.qasm,small,Error Correction,5,25,severity,gate_insertion,0.3,0.864088,0.329746,0.941176,1.0,0.787879,0.0,0.215015,0.0090953,0.559581,0.440419,0.2892861,0.498047
shor_n5.qasm,small,Error Correction,5,25,severity,gate_insertion,0.6,0.776912,0.300883,1.0,1.0,0.891892,0.0,0.207391,0.0094901,0.912699,0.087301,0.2844973,0.885742
shor_n5.qasm,small,Error Correction,5,25,severity,gate_substitution,0.1,1.0,0.989649,0.0,0.006718,0.04,0.0,0.0,0.0077942,0.547053,0.452947,0.2831201,0.481445
shor_n5.qasm,small,Error Correction,5,25,severity,gate_substitution,0.3,1.0,0.968946,0.0,0.020155,0.12,0.0,0.0,0.0078494,0.806078,0.193922,0.280962,0.739258
shor_n5.qasm,small,Error Correction,5,25,severity,gate_substitution,0.6,1.0,0.948243,0.0,0.033591,0.2,0.0,0.0,0.0077113,0.912867,0.087133,0.2843532,0.881836
shor_n5.qasm,small,Error Correction,5,25,severity,gate_reorder,0.1,0.997389,0.907378,0.294118,0.070013,0.12,0.0,0.0,0.007863,0.700597,0.299403,0.2892667,0.518555
shor_n5.qasm,small,Error Correction,5,25,severity,gate_reorder,0.3,0.999373,0.694167,0.676471,0.355321,0.4,0.0,0.0,0.0078473,0.712382,0.287618,0.2881609,0.53125
shor_n5.qasm,small,Error Correction,5,25,severity,gate_reorder,0.6,0.994361,0.677493,0.529412,0.374557,0.56,0.0,0.0,0.008358,0.869683,0.130317,0.2840684,0.77832
shor_n5.qasm,small,Error Correction,5,25,severity,trojan_NOT,0.1,0.953844,0.566016,0.911765,0.531052,0.5,0.0,0.113514,0.008436,1.0,0.0,0.2834749,1.0
shor_n5.qasm,small,Error Correction,5,25,severity,trojan_NOT,0.3,0.851219,0.331566,1.0,0.91577,0.909091,0.0,0.160961,0.0091529,0.701301,0.298699,0.2806967,0.517578
shor_n5.qasm,small,Error Correction,5,25,severity,trojan_NOT,0.6,0.789798,0.296801,1.0,1.0,0.891892,0.0,0.248207,0.009616,0.69724,0.30276,0.2837434,0.597656
shor_n5.qasm,small,Error Correction,5,25,severity,trojan_H,0.1,0.940816,0.503659,0.852941,0.598903,0.75,0.0,0.087838,0.0082763,0.547146,0.452854,0.2850624,0.481445
shor_n5.qasm,small,Error Correction,5,25,severity,trojan_H,0.3,0.864088,0.355856,1.0,0.865559,0.848485,0.0,0.215015,0.0090151,0.856996,0.143004,0.2863472,0.829102
shor_n5.qasm,small,Error Correction,5,25,severity,trojan_H,0.6,0.802967,0.300662,1.0,1.0,0.837838,0.0,0.317705,0.0095881,0.749993,0.250007,0.2842623,0.696289
shor_n5.qasm,small,Error Correction,5,25,severity,qubit_swap,0.1,0.954134,0.682275,0.529412,0.273617,0.107143,0.5,0.211188,0.008275,0.691197,0.308803,0.2822889,0.507812
shor_n5.qasm,small,Error Correction,5,25,severity,qubit_swap,0.3,0.7999,0.553777,0.411765,0.319726,0.242424,1.0,0.240694,0.0093041,0.866405,0.133595,0.2844291,0.770508
shor_n5.qasm,small,Error Correction,5,25,severity,qubit_swap,0.6,0.712656,0.327286,1.0,0.62835,0.324324,1.0,0.379265,0.009896,0.871021,0.128979,0.2854317,0.774414
shor_n5_transpiled.qasm,small,Error Correction,5,88,severity,gate_deletion_1q,0.1,0.958456,0.65069,0.745763,0.427253,0.431818,0.0,0.015436,0.0180443,0.556056,0.443944,0.278163,0.535156
shor_n5_transpiled.qasm,small,Error Correction,5,88,severity,gate_deletion_1q,0.3,0.880036,0.44072,0.983051,0.763194,0.693182,0.0,0.060678,0.0159434,1.0,0.0,0.2775992,1.0
shor_n5_transpiled.qasm,small,Error Correction,5,88,severity,gate_deletion_1q,0.6,0.736644,0.341582,0.974576,0.960555,0.829545,0.0,0.101287,0.0117492,1.0,0.0,0.2795915,1.0
shor_n5_transpiled.qasm,small,Error Correction,5,88,severity,gate_deletion_2q,0.1,0.944616,0.48704,0.881356,0.655068,0.647727,0.1,0.01937,0.0186088,0.863104,0.136896,0.2832697,0.822266
shor_n5_transpiled.qasm,small,Error Correction,5,88,severity,gate_deletion_2q,0.3,0.843152,0.562197,0.711864,0.461132,0.5,0.3,0.096271,0.0175772,0.600274,0.399726,0.2847548,0.52832
shor_n5_transpiled.qasm,small,Error Correction,5,88,severity,gate_deletion_2q,0.6,0.653652,0.34166,0.830508,0.779807,0.647727,0.6,0.112857,0.0160758,0.77166,0.22834,0.285119,0.65625
shor_n5_transpiled.qasm,small,Error Correction,5,88,severity,gate_insertion,0.1,0.949349,0.448509,1.0,0.690876,0.773196,0.0,0.050447,0.02205,0.824336,0.175664,0.292775,0.766602
shor_n5_transpiled.qasm,small,Error Correction,5,88,severity,gate_insertion,0.3,0.848093,0.342723,1.0,1.0,0.756522,0.0,0.059731,0.0243859,0.78808,0.21192,0.3039724,0.757812
shor_n5_transpiled.qasm,small,Error Correction,5,88,severity,gate_insertion,0.6,0.760783,0.317137,1.0,1.0,0.871212,0.0,0.086211,0.0261395,0.851692,0.148308,0.2874969,0.819336
shor_n5_transpiled.qasm,small,Error Correction,5,88,severity,gate_substitution,0.1,1.0,0.983145,0.0,0.015688,0.056818,0.0,0.0,0.0197586,0.367647,0.632353,0.2862245,0.285156
shor_n5_transpiled.qasm,small,Error Correction,5,88,severity,gate_substitution,0.3,1.0,0.948229,0.0,0.050515,0.170455,0.0,0.0,0.0193625,0.805244,0.194756,0.2821053,0.744141
shor_n5_transpiled.qasm,small,Error Correction,5,88,severity,gate_substitution,0.6,1.0,0.894727,0.0,0.105975,0.340909,0.0,0.0,0.0208987,0.764508,0.235492,0.2830584,0.722656
shor_n5_transpiled.qasm,small,Error Correction,5,88,severity,gate_reorder,0.1,0.981328,0.703231,0.79661,0.448064,0.102273,0.0,0.0,0.0188863,0.781302,0.218698,0.2821563,0.672852
shor_n5_transpiled.qasm,small,Error Correction,5,88,severity,gate_reorder,0.3,0.953378,0.59137,0.864407,0.628223,0.295455,0.0,0.0,0.0199791,0.856512,0.143488,0.2805208,0.759766
shor_n5_transpiled.qasm,small,Error Correction,5,88,severity,gate_reorder,0.6,0.920791,0.536476,0.940678,0.648478,0.477273,0.0,0.0,0.0196547,0.917799,0.082201,0.2919394,0.882812
shor_n5_transpiled.qasm,small,Error Correction,5,88,severity,trojan_NOT,0.1,0.935374,0.427485,0.957627,0.773264,0.773196,0.0,0.0359,0.0210972,1.0,0.0,0.2761635,1.0
shor_n5_transpiled.qasm,small,Error Correction,5,88,severity,trojan_NOT,0.3,0.848093,0.332124,1.0,1.0,0.808696,0.0,0.061368,0.0248265,1.0,0.0,0.3058433,1.0
shor_n5_transpiled.qasm,small,Error Correction,5,88,severity,trojan_NOT,0.6,0.75148,0.322921,1.0,1.0,0.825758,0.0,0.119272,0.0284989,1.0,0.0,0.2857974,1.0
shor_n5_transpiled.qasm,small,Error Correction,5,88,severity,trojan_H,0.1,0.94469,0.433322,1.0,0.774114,0.71134,0.0,0.034699,0.0209029,0.863487,0.136513,0.2822488,0.814453
shor_n5_transpiled.qasm,small,Error Correction,5,88,severity,trojan_H,0.3,0.838777,0.342559,1.0,1.0,0.756522,0.0,0.061368,0.024983,0.811666,0.188334,0.2935401,0.796875
shor_n5_transpiled.qasm,small,Error Correction,5,88,severity,trojan_H,0.6,0.765442,0.308674,1.0,1.0,0.878788,0.0,0.155681,0.0269708,0.878076,0.121924,0.2926152,0.870117
shor_n5_transpiled.qasm,small,Error Correction,5,88,severity,qubit_swap,0.1,0.930737,0.806604,0.237288,0.201991,0.092784,0.3,0.085494,0.020814,1.0,0.0,0.2820936,1.0
shor_n5_transpiled.qasm,small,Error Correction,5,88,severity,qubit_swap,0.3,0.792218,0.542254,0.491525,0.413328,0.234783,0.9,0.123965,0.0239795,0.864611,0.135389,0.2853746,0.766602
shor_n5_transpiled.qasm,small,Error Correction,5,88,severity,qubit_swap,0.6,0.649013,0.41729,0.694915,0.568205,0.333333,1.0,0.12934,0.0283803,0.867844,0.132156,0.2792485,0.764648
simon_n6.qasm,small,Oracle,6,24,severity,gate_deletion_1q,0.1,0.965561,0.385877,1.0,1.0,0.541667,0.0,0.057895,0.0045974,0.791559,0.208441,0.276435,0.705078
simon_n6.qasm,small,Oracle,6,24,severity,gate_deletion_1q,0.3,0.897273,0.461053,0.8125,0.799199,0.625,0.0,0.123529,0.0040452,0.870531,0.129469,0.2759023,0.768555
simon_n6.qasm,small,Oracle,6,24,severity,gate_deletion_1q,0.6,0.717121,0.309655,1.0,1.0,0.875,0.0,0.153448,0.0031639,0.938164,0.061836,0.2742316,0.950195
simon_n6.qasm,small,Oracle,6,24,severity,gate_deletion_2q,0.1,0.854368,0.385394,1.0,0.781831,0.416667,0.5,0.076316,0.0046679,0.748404,0.251596,0.2729621,0.758789
simon_n6.qasm,small,Oracle,6,24,severity,gate_deletion_2q,0.3,0.854368,0.385394,1.0,0.781831,0.416667,0.5,0.076316,0.0046039,0.748556,0.251444,0.274061,0.758789
simon_n6.qasm,small,Oracle,6,24,severity,gate_deletion_2q,0.6,0.677293,0.223745,1.0,0.875015,0.541667,1.0,0.116667,0.0044319,0.758374,0.241626,0.2754484,0.771484
simon_n6.qasm,small,Oracle,6,24,severity,gate_insertion,0.1,0.885788,0.358992,1.0,1.0,0.666667,0.0,0.076744,0.0052859,0.544981,0.455019,0.2768257,0.474609
simon_n6.qasm,small,Oracle,6,24,severity,gate_insertion,0.3,0.706289,0.322083,1.0,1.0,0.84375,0.0,0.091667,0.0060445,1.0,0.0,0.2765222,1.0
simon_n6.qasm,small,Oracle,6,24,severity,gate_insertion,0.6,0.699601,0.312393,1.0,1.0,0.861111,0.0,0.153846,0.0061477,1.0,0.0,0.2933207,1.0
simon_n6.qasm,small,Oracle,6,24,severity,gate_substitution,0.1,1.0,0.979652,0.0,0.010519,0.083333,0.0,0.0,0.0048829,0.704349,0.295651,0.280553,0.535156
simon_n6.qasm,small,Oracle,6,24,severity,gate_substitution,0.3,1.0,0.959303,0.0,0.021039,0.166667,0.0,0.0,0.0047984,0.803836,0.196164,0.2712558,0.74707
simon_n6.qasm,small,Oracle,6,24,severity,gate_substitution,0.6,1.0,0.918606,0.0,0.042078,0.333333,0.0,0.0,0.0048086,0.740397,0.259603,0.2727836,0.666992
simon_n6.qasm,small,Oracle,6,24,severity,gate_reorder,0.1,0.968878,0.564316,1.0,0.697193,0.208333,0.0,0.0,0.0047253,0.891736,0.108264,0.2767196,0.893555
simon_n6.qasm,small,Oracle,6,24,severity,gate_reorder,0.3,0.899387,0.696931,0.9375,0.20222,0.458333,0.0,0.0,0.0047818,0.945756,0.054244,0.2835621,0.943359
simon_n6.qasm,small,Oracle,6,24,severity,gate_reorder,0.6,0.999721,0.35,1.0,1.0,0.75,0.0,0.0,0.0052615,0.916899,0.083101,0.2880869,0.943359
simon_n6.qasm,small,Oracle,6,24,severity,trojan_NOT,0.1,0.916911,0.360039,1.0,1.0,0.666667,0.0,0.066279,0.005274,1.0,0.0,0.280773,1.0
simon_n6.qasm,small,Oracle,6,24,severity,trojan_NOT,0.3,0.706289,0.33375,1.0,1.0,0.78125,0.0,0.1,0.0059362,1.0,0.0,0.2929656,1.0
simon_n6.qasm,small,Oracle,6,24,severity,trojan_NOT,0.6,0.699415,0.323462,1.0,1.0,0.75,0.0,0.265385,0.0072624,1.0,0.0,0.3017295,1.0
simon_n6.qasm,small,Oracle,6,24,severity,trojan_H,0.1,0.885788,0.359341,1.0,1.0,0.666667,0.0,0.073256,0.0053312,0.818299,0.181701,0.2794696,0.754883
simon_n6.qasm,small,Oracle,6,24,severity,trojan_H,0.3,0.768325,0.343333,1.0,1.0,0.6875,0.0,0.191667,0.0060952,0.908586,0.091414,0.2892031,0.933594
simon_n6.qasm,small,Oracle,6,24,severity,trojan_H,0.6,0.699415,0.327735,1.0,1.0,0.805556,0.0,0.111538,0.0066723,0.942537,0.057463,0.2904201,0.933594
simon_n6.qasm,small,Oracle,6,24,severity,qubit_swap,0.1,0.886284,0.683837,0.25,0.137035,0.111111,1.0,0.084783,0.0054915,0.933019,0.066981,0.2892413,0.881836
simon_n6.qasm,small,Oracle,6,24,severity,qubit_swap,0.3,0.676282,0.533461,0.59375,0.323403,0.25,1.0,0.142857,0.0064164,0.969578,0.030422,0.2893075,0.943359
simon_n6.qasm,small,Oracle,6,24,severity,qubit_swap,0.6,0.545661,0.435276,0.8125,0.464093,0.333333,1.0,0.1375,0.0068496,0.871898,0.128102,0.2896949,0.773438
simon_n6_transpiled.qasm,small,Oracle,6,64,severity,gate_deletion_1q,0.1,0.958647,0.357927,1.0,1.0,0.6875,0.0,0.045728,0.0109312,0.809234,0.190766,0.2611411,0.740234
simon_n6_transpiled.qasm,small,Oracle,6,64,severity,gate_deletion_1q,0.3,0.858623,0.355526,1.0,1.0,0.6875,0.0,0.069738,0.0095403,1.0,0.0,0.2739044,1.0
simon_n6_transpiled.qasm,small,Oracle,6,64,severity,gate_deletion_1q,0.6,0.740644,0.340221,1.0,1.0,0.734375,0.0,0.129045,0.0074954,0.889983,0.110017,0.2703339,0.881836
simon_n6_transpiled.qasm,small,Oracle,6,64,severity,gate_deletion_2q,0.1,0.931224,0.54016,0.91358,0.583859,0.4375,0.142857,0.02381,0.0115469,0.627152,0.372848,0.2790774,0.573242
simon_n6_transpiled.qasm,small,Oracle,6,64,severity,gate_deletion_2q,0.3,0.819389,0.415163,0.962963,0.710776,0.5625,0.357143,0.076923,0.0109141,0.651751,0.348249,0.2666676,0.541992
simon_n6_transpiled.qasm,small,Oracle,6,64,severity,gate_deletion_2q,0.6,0.690462,0.316222,0.91358,0.784102,0.6875,0.642857,0.062338,0.0100969,0.823679,0.176321,0.2775393,0.788086
simon_n6_transpiled.qasm,small,Oracle,6,64,severity,gate_insertion,0.1,0.936877,0.341087,1.0,1.0,0.746479,0.0,0.096172,0.0128287,0.558436,0.441564,0.2732352,0.495117
simon_n6_transpiled.qasm,small,Oracle,6,64,severity,gate_insertion,0.3,0.817237,0.322234,1.0,1.0,0.869048,0.0,0.039562,0.0148685,0.675167,0.324833,0.2936496,0.585938
simon_n6_transpiled.qasm,small,Oracle,6,64,severity,gate_insertion,0.6,0.712846,0.308182,1.0,1.0,0.875,0.0,0.168182,0.0176138,0.776218,0.223782,0.29944,0.745117
simon_n6_transpiled.qasm,small,Oracle,6,64,severity,gate_substitution,0.1,1.0,0.976953,0.0,0.021204,0.078125,0.0,0.0,0.0120102,0.586075,0.413925,0.2789061,0.505859
simon_n6_transpiled.qasm,small,Oracle,6,64,severity,gate_substitution,0.3,1.0,0.940265,0.0,0.054599,0.203125,0.0,0.0,0.0119329,0.748965,0.251035,0.2732729,0.672852
simon_n6_transpiled.qasm,small,Oracle,6,64,severity,gate_substitution,0.6,1.0,0.880823,0.0,0.108362,0.40625,0.0,0.0,0.0116453,0.720163,0.279837,0.2524622,0.669922
simon_n6_transpiled.qasm,small,Oracle,6,64,severity,gate_reorder,0.1,0.991298,0.510573,1.0,0.880507,0.15625,0.0,0.0,0.011628,0.739433,0.260567,0.2661694,0.643555
simon_n6_transpiled.qasm,small,Oracle,6,64,severity,gate_reorder,0.3,0.955264,0.55677,1.0,0.677086,0.28125,0.0,0.0,0.0119105,0.837739,0.162261,0.2830432,0.777344
simon_n6_transpiled.qasm,small,Oracle,6,64,severity,gate_reorder,0.6,0.956532,0.378921,1.0,0.988796,0.625,0.0,0.0,0.0118317,1.0,0.0,0.2900623,1.0
simon_n6_transpiled.qasm,small,Oracle,6,64,severity,trojan_NOT,0.1,0.919555,0.431937,1.0,0.791076,0.690141,0.0,0.031579,0.012805,0.569465,0.430535,0.2707726,0.508789
simon_n6_transpiled.qasm,small,Oracle,6,64,severity,trojan_NOT,0.3,0.817237,0.328018,1.0,1.0,0.797619,0.0,0.124579,0.0152462,1.0,0.0,0.2976095,1.0
simon_n6_transpiled.qasm,small,Oracle,6,64,severity,trojan_NOT,0.6,0.721507,0.320492,1.0,1.0,0.802083,0.0,0.190909,0.0165459,1.0,0.0,0.2731901,1.0
simon_n6_transpiled.qasm,small,Oracle,6,64,severity,trojan_H,0.1,0.936877,0.36449,1.0,1.0,0.647887,0.0,0.05933,0.0130703,0.910591,0.089409,0.2911161,0.875977
simon_n6_transpiled.qasm,small,Oracle,6,64,severity,trojan_H,0.3,0.817237,0.324579,1.0,1.0,0.833333,0.0,0.087542,0.0157087,0.840685,0.159315,0.3018629,0.803711
simon_n6_transpiled.qasm,small,Oracle,6,64,severity,trojan_H,0.6,0.712873,0.327992,1.0,1.0,0.822917,0.0,0.074242,0.0171438,0.66211,0.33789,0.2923322,0.561523
simon_n6_transpiled.qasm,small,Oracle,6,64,severity,qubit_swap,0.1,0.902208,0.781881,0.222222,0.164133,0.098592,0.5,0.076203,0.0131206,0.968509,0.031491,0.2865897,0.949219
simon_n6_transpiled.qasm,small,Oracle,6,64,severity,qubit_swap,0.3,0.747922,0.527746,0.506173,0.367659,0.238095,1.0,0.200284,0.0152783,0.939939,0.060061,0.2890802,0.888672
simon_n6_transpiled.qasm,small,Oracle,6,64,severity,qubit_swap,0.6,0.609023,0.385071,0.753086,0.601197,0.333333,1.0,0.248804,0.0174966,0.971709,0.028291,0.2919044,0.949219
teleportation_n3.qasm,small,Communication,3,11,severity,gate_deletion_1q,0.1,0.921153,0.799797,0.5,0.231849,0.181818,0.0,0.076923,0.002363,0.545813,0.454187,0.2869904,0.480469
teleportation_n3.qasm,small,Communication,3,11,severity,gate_deletion_1q,0.3,0.849117,0.359337,0.9,0.942055,0.818182,0.0,0.123077,0.002056,0.728662,0.271338,0.2764694,0.566406
teleportation_n3.qasm,small,Communication,3,11,severity,gate_deletion_1q,0.6,0.691313,0.359285,0.9,0.903441,0.909091,0.0,0.076923,0.0017369,0.911409,0.088591,0.2795201,0.878906
teleportation_n3.qasm,small,Communication,3,11,severity,gate_deletion_2q,0.1,0.789052,0.566447,0.8,0.426335,0.272727,0.5,0.097902,0.0023173,0.401932,0.598068,0.2776553,0.397461
teleportation_n3.qasm,small,Communication,3,11,severity,gate_deletion_2q,0.3,0.83133,0.493109,0.8,0.6079,0.272727,0.5,0.195804,0.0023163,0.450801,0.549199,0.2690405,0.373047
teleportation_n3.qasm,small,Communication,3,11,severity,gate_deletion_2q,0.6,0.620104,0.315673,1.0,0.622219,0.454545,1.0,0.25641,0.0021508,0.650561,0.349439,0.2816358,0.610352
teleportation_n3.qasm,small,Communication,3,11,severity,gate_insertion,0.1,0.884913,0.436156,0.8,0.895965,0.615385,0.0,0.071795,0.0027892,0.061497,0.938503,0.2797831,0.054688
teleportation_n3.qasm,small,Communication,3,11,severity,gate_insertion,0.3,0.727843,0.342474,1.0,1.0,0.733333,0.0,0.108597,0.0030931,0.060133,0.939867,0.2811694,0.051758
teleportation_n3.qasm,small,Communication,3,11,severity,gate_insertion,0.6,0.818494,0.293376,1.0,1.0,0.875,0.0,0.316239,0.0032486,1.0,0.0,0.2897294,1.0
teleportation_n3.qasm,small,Communication,3,11,severity,gate_substitution,0.1,1.0,0.965922,0.0,0.045419,0.090909,0.0,0.0,0.002542,0.037098,0.962902,0.276934,0.033203
teleportation_n3.qasm,small,Communication,3,11,severity,gate_substitution,0.3,1.0,0.940418,0.0,0.06634,0.181818,0.0,0.0,0.0025464,0.271081,0.728919,0.2751659,0.136719
teleportation_n3.qasm,small,Communication,3,11,severity,gate_substitution,0.6,1.0,0.876548,0.0,0.144928,0.363636,0.0,0.0,0.0024551,0.628172,0.371828,0.2783527,0.598633
teleportation_n3.qasm,small,Communication,3,11,severity,gate_reorder,0.1,1.0,0.572641,1.0,0.688558,0.181818,0.0,0.0,0.0024834,0.061666,0.938334,0.276648,0.063477
teleportation_n3.qasm,small,Communication,3,11,severity,gate_reorder,0.3,1.0,0.434409,1.0,0.875715,0.545455,0.0,0.0,0.0024923,0.868608,0.131392,0.2830166,0.759766
teleportation_n3.qasm,small,Communication,3,11,severity,gate_reorder,0.6,0.915445,0.390909,1.0,1.0,0.545455,0.0,0.0,0.0024863,0.853676,0.146324,0.2906071,0.749023
teleportation_n3.qasm,small,Communication,3,11,severity,trojan_NOT,0.1,0.927191,0.516349,1.0,0.630946,0.461538,0.0,0.205128,0.0028257,1.0,0.0,0.2808311,1.0
teleportation_n3.qasm,small,Communication,3,11,severity,trojan_NOT,0.3,0.770121,0.311523,1.0,1.0,0.933333,0.0,0.0181,0.0030765,0.045814,0.954186,0.2839357,0.041992
teleportation_n3.qasm,small,Communication,3,11,severity,trojan_NOT,0.6,0.649384,0.32297,1.0,1.0,0.8125,0.0,0.145299,0.0031964,0.058469,0.941531,0.2804687,0.054688
teleportation_n3.qasm,small,Communication,3,11,severity,trojan_H,0.1,0.927191,0.635654,0.8,0.463699,0.307692,0.0,0.205128,0.0028066,0.066833,0.933167,0.2778777,0.057617
teleportation_n3.qasm,small,Communication,3,11,severity,trojan_H,0.3,0.770121,0.32733,1.0,1.0,0.8,0.0,0.126697,0.003088,0.624368,0.375632,0.2767778,0.483398
teleportation_n3.qasm,small,Communication,3,11,severity,trojan_H,0.6,0.818494,0.358887,1.0,0.960567,0.625,0.0,0.299145,0.0032048,0.633076,0.366924,0.2768345,0.602539
teleportation_n3.qasm,small,Communication,3,11,severity,qubit_swap,0.1,0.88574,0.577904,0.3,0.345677,0.153846,1.0,0.253394,0.0028301,0.064281,0.935719,0.2807689,0.047852
teleportation_n3.qasm,small,Communication,3,11,severity,qubit_swap,0.3,0.686122,0.407403,0.7,0.633741,0.266667,1.0,0.124542,0.0032254,0.750778,0.249222,0.2826061,0.592773
teleportation_n3.qasm,small,Communication,3,11,severity,qubit_swap,0.6,0.608747,0.367744,0.7,0.714399,0.3125,1.0,0.147157,0.0035238,0.698988,0.301012,0.315749,0.523438
teleportation_n3_transpiled.qasm,small,Communication,3,15,severity,gate_deletion_1q,0.1,0.912095,0.61905,0.571429,0.523081,0.533333,0.0,0.054902,0.0029686,0.547422,0.452578,0.2770291,0.483398
teleportation_n3_transpiled.qasm,small,Communication,3,15,severity,gate_deletion_1q,0.3,0.890605,0.580548,0.428571,0.578822,0.6,0.0,0.325792,0.0026166,0.62811,0.37189,0.2774603,0.547852
teleportation_n3_transpiled.qasm,small,Communication,3,15,severity,gate_deletion_1q,0.6,0.675726,0.3921,0.928571,0.849261,0.733333,0.0,0.247059,0.0021548,0.614068,0.385932,0.2770148,0.483398
teleportation_n3_transpiled.qasm,small,Communication,3,15,severity,gate_deletion_2q,0.1,0.841821,0.442632,0.714286,0.769831,0.333333,0.5,0.141176,0.0030817,0.452225,0.547775,0.2778093,0.37793
teleportation_n3_transpiled.qasm,small,Communication,3,15,severity,gate_deletion_2q,0.3,0.808813,0.505657,0.714286,0.605446,0.333333,0.5,0.086275,0.0030203,0.407391,0.592609,0.2762611,0.414062
teleportation_n3_transpiled.qasm,small,Communication,3,15,severity,gate_deletion_2q,0.6,0.650508,0.373856,0.714286,0.625976,0.4,1.0,0.199095,0.0028927,0.678865,0.321135,0.2776234,0.65332
teleportation_n3_transpiled.qasm,small,Communication,3,15,severity,gate_insertion,0.1,0.945254,0.520175,0.714286,0.611909,0.705882,0.0,0.173375,0.0035148,0.053953,0.946047,0.2760217,0.041992
teleportation_n3_transpiled.qasm,small,Communication,3,15,severity,gate_insertion,0.3,0.731288,0.363825,0.928571,0.838629,0.95,0.0,0.13369,0.0039995,0.645212,0.354788,0.2845109,0.719727
teleportation_n3_transpiled.qasm,small,Communication,3,15,severity,gate_insertion,0.6,0.610733,0.337072,1.0,0.969328,0.772727,0.0,0.191176,0.0043954,1.0,0.0,0.2921481,1.0
teleportation_n3_transpiled.qasm,small,Communication,3,15,severity,gate_substitution,0.1,1.0,0.969628,0.0,0.048682,0.066667,0.0,0.0,0.0032174,0.038178,0.961822,0.2800273,0.040039
teleportation_n3_transpiled.qasm,small,Communication,3,15,severity,gate_substitution,0.3,1.0,0.923453,0.0,0.104419,0.2,0.0,0.0,0.0029142,0.35864,0.64136,0.2754427,0.381836
teleportation_n3_transpiled.qasm,small,Communication,3,15,severity,gate_substitution,0.6,1.0,0.854904,0.0,0.185989,0.4,0.0,0.0,0.0031442,0.261281,0.738719,0.2808369,0.128906
teleportation_n3_transpiled.qasm,small,Communication,3,15,severity,gate_reorder,0.1,1.0,0.575976,0.714286,0.829184,0.133333,0.0,0.0,0.0032202,0.064545,0.935455,0.2748108,0.054688
teleportation_n3_transpiled.qasm,small,Communication,3,15,severity,gate_reorder,0.3,1.0,0.652682,0.571429,0.556964,0.333333,0.0,0.0,0.0034589,0.705261,0.294739,0.2800267,0.519531
teleportation_n3_transpiled.qasm,small,Communication,3,15,severity,gate_reorder,0.6,1.0,0.586465,0.714286,0.68493,0.333333,0.0,0.0,0.0032065,0.633117,0.366883,0.2875177,0.516602
teleportation_n3_transpiled.qasm,small,Communication,3,15,severity,trojan_NOT,0.1,0.912246,0.814856,0.428571,0.225008,0.176471,0.0,0.068111,0.0035818,1.0,0.0,0.2761803,1.0
teleportation_n3_transpiled.qasm,small,Communication,3,15,severity,trojan_NOT,0.3,0.797304,0.350554,0.928571,1.0,0.75,0.0,0.101604,0.0039713,0.048308,0.951692,0.2754422,0.054688
teleportation_n3_transpiled.qasm,small,Communication,3,15,severity,trojan_NOT,0.6,0.742764,0.330749,1.0,1.0,0.772727,0.0,0.147059,0.0043257,1.0,0.0,0.2809946,1.0
teleportation_n3_transpiled.qasm,small,Communication,3,15,severity,trojan_H,0.1,0.912246,0.536467,0.571429,0.610664,0.764706,0.0,0.111455,0.003512,0.663836,0.336164,0.2855881,0.635742
teleportation_n3_transpiled.qasm,small,Communication,3,15,severity,trojan_H,0.3,0.764296,0.28665,0.928571,1.0,1.0,0.0,0.240642,0.0040124,0.652104,0.347896,0.278805,0.632812
teleportation_n3_transpiled.qasm,small,Communication,3,15,severity,trojan_H,0.6,0.709757,0.314572,1.0,1.0,0.772727,0.0,0.308824,0.0042359,0.476951,0.523049,0.2769827,0.384766
teleportation_n3_transpiled.qasm,small,Communication,3,15,severity,qubit_swap,0.1,0.911836,0.652697,0.285714,0.195974,0.117647,1.0,0.123249,0.0035285,0.763994,0.236006,0.2853643,0.59375
teleportation_n3_transpiled.qasm,small,Communication,3,15,severity,qubit_swap,0.3,0.698454,0.425171,0.714286,0.573407,0.25,1.0,0.169935,0.0041084,0.713796,0.286204,0.2800663,0.520508
teleportation_n3_transpiled.qasm,small,Communication,3,15,severity,qubit_swap,0.6,0.610099,0.337639,0.928571,0.696798,0.318182,1.0,0.155598,0.0044061,0.368028,0.631972,0.277981,0.146484
toffoli_n3.qasm,small,Other,3,21,severity,gate_deletion_1q,0.1,0.961074,0.393742,1.0,0.75611,0.904762,0.0,0.106667,0.0039242,1.0,0.0,0.275305,1.0
toffoli_n3.qasm,small,Other,3,21,severity,gate_deletion_1q,0.3,0.880037,0.443182,1.0,0.64753,0.857143,0.0,0.087542,0.0034936,1.0,0.0,0.2808378,1.0
toffoli_n3.qasm,small,Other,3,21,severity,gate_deletion_1q,0.6,0.7333,0.452861,1.0,0.652445,0.714286,0.0,0.259259,0.0029251,1.0,0.0,0.2701617,1.0
toffoli_n3.qasm,small,Other,3,21,severity,gate_deletion_2q,0.1,0.889283,0.63751,0.833333,0.374203,0.333333,0.166667,0.065185,0.0040445,1.0,0.0,0.2786692,1.0
toffoli_n3.qasm,small,Other,3,21,severity,gate_deletion_2q,0.3,0.824328,0.392032,1.0,0.673429,0.761905,0.333333,0.032206,0.0040382,0.562084,0.437916,0.2808698,0.505859
toffoli_n3.qasm,small,Other,3,21,severity,gate_deletion_2q,0.6,0.625588,0.425757,0.75,0.502304,0.714286,0.666667,0.097466,0.0035522,1.0,0.0,0.2750984,1.0
toffoli_n3.qasm,small,Other,3,21,severity,gate_insertion,0.1,0.89595,0.445937,1.0,0.706845,0.75,0.0,0.066667,0.0046799,1.0,0.0,0.276404,1.0
toffoli_n3.qasm,small,Other,3,21,severity,gate_insertion,0.3,0.795557,0.408835,1.0,0.783969,0.75,0.0,0.167756,0.0052489,0.725636,0.274364,0.2826516,0.730469
toffoli_n3.qasm,small,Other,3,21,severity,gate_insertion,0.6,0.691727,0.314595,1.0,1.0,0.870968,0.0,0.112112,0.0058863,1.0,0.0,0.2831586,1.0
toffoli_n3.qasm,small,Other,3,21,severity,gate_substitution,0.1,1.0,0.986035,0.0,0.012689,0.047619,0.0,0.0,0.0041928,0.562084,0.437916,0.2715761,0.505859
toffoli_n3.qasm,small,Other,3,21,severity,gate_substitution,0.3,1.0,0.956465,0.0,0.042753,0.142857,0.0,0.0,0.0041921,0.757819,0.242181,0.2833596,0.771484
toffoli_n3.qasm,small,Other,3,21,severity,gate_substitution,0.6,1.0,0.926895,0.0,0.072817,0.238095,0.0,0.0,0.004179,1.0,0.0,0.2729946,1.0
toffoli_n3.qasm,small,Other,3,21,severity,gate_reorder,0.1,0.9771,0.640739,1.0,0.516256,0.142857,0.0,0.0,0.0042042,0.58427,0.41573,0.2761141,0.537109
toffoli_n3.qasm,small,Other,3,21,severity,gate_reorder,0.3,0.9771,0.537383,1.0,0.648294,0.428571,0.0,0.0,0.0042266,1.0,0.0,0.2773157,1.0
toffoli_n3.qasm,small,Other,3,21,severity,gate_reorder,0.6,0.9771,0.498554,1.0,0.65039,0.619048,0.0,0.0,0.0042592,1.0,0.0,0.2767883,1.0
toffoli_n3.qasm,small,Other,3,21,severity,trojan_NOT,0.1,0.918849,0.471662,1.0,0.695782,0.666667,0.0,0.014815,0.0046353,1.0,0.0,0.2819847,1.0
toffoli_n3.qasm,small,Other,3,21,severity,trojan_NOT,0.3,0.818457,0.371389,1.0,0.925195,0.75,0.0,0.04793,0.0052433,1.0,0.0,0.2778068,1.0
toffoli_n3.qasm,small,Other,3,21,severity,trojan_NOT,0.6,0.714626,0.310236,1.0,1.0,0.83871,0.0,0.22022,0.0056837,1.0,0.0,0.2744006,1.0
toffoli_n3.qasm,small,Other,3,21,severity,trojan_H,0.1,0.918849,0.55389,1.0,0.537033,0.5,0.0,0.081481,0.0047748,0.843069,0.156931,0.2792104,0.871094
toffoli_n3.qasm,small,Other,3,21,severity,trojan_H,0.3,0.772658,0.330003,1.0,1.0,0.785714,0.0,0.12854,0.0052514,0.889096,0.110904,0.2861539,0.917969
toffoli_n3.qasm,small,Other,3,21,severity,trojan_H,0.6,0.645928,0.308944,1.0,1.0,0.903226,0.0,0.104104,0.0056655,0.948148,0.051852,0.2734064,0.96875
toffoli_n3.qasm,small,Other,3,21,severity,qubit_swap,0.1,0.873225,0.773285,0.208333,0.176317,0.125,0.5,0.087542,0.0047079,0.0,1.0,0.2761288,0.0
toffoli_n3.qasm,small,Other,3,21,severity,qubit_swap,0.3,0.703959,0.485948,0.625,0.462833,0.25,1.0,0.083107,0.0054261,0.0,1.0,0.2878713,0.0
toffoli_n3.qasm,small,Other,3,21,severity,qubit_swap,0.6,0.578075,0.394474,0.708333,0.656782,0.322581,1.0,0.048857,0.005903,0.0,1.0,0.277387,0.0
toffoli_n3_transpiled.qasm,small,Other,3,24,severity,gate_deletion_1q,0.1,0.925797,0.483608,1.0,0.620302,0.708333,0.0,0.07619,0.0042949,0.280206,0.719794,0.2667005,0.148438
toffoli_n3_transpiled.qasm,small,Other,3,24,severity,gate_deletion_1q,0.3,0.837792,0.432829,0.962963,0.726838,0.791667,0.0,0.1,0.0039372,1.0,0.0,0.2734847,1.0
toffoli_n3_transpiled.qasm,small,Other,3,24,severity,gate_deletion_1q,0.6,0.712002,0.430339,1.0,0.708053,0.708333,0.0,0.301754,0.003115,1.0,0.0,0.2774071,1.0
toffoli_n3_transpiled.qasm,small,Other,3,24,severity,gate_deletion_2q,0.1,0.917806,0.576057,0.888889,0.460924,0.458333,0.166667,0.042857,0.0045887,0.562084,0.437916,0.27542,0.505859
toffoli_n3_transpiled.qasm,small,Other,3,24,severity,gate_deletion_2q,0.3,0.835586,0.634014,0.740741,0.347629,0.291667,0.333333,0.082051,0.0044609,1.0,0.0,0.2730404,1.0
toffoli_n3_transpiled.qasm,small,Other,3,24,severity,gate_deletion_2q,0.6,0.691009,0.411731,0.814815,0.548447,0.625,0.666667,0.157576,0.0041986,0.55931,0.44069,0.2755837,0.501953
toffoli_n3_transpiled.qasm,small,Other,3,24,severity,gate_insertion,0.1,0.908735,0.741946,0.555556,0.265051,0.37037,0.0,0.078788,0.0053455,0.740807,0.259193,0.2769995,0.75
toffoli_n3_transpiled.qasm,small,Other,3,24,severity,gate_insertion,0.3,0.803344,0.353377,1.0,1.0,0.6875,0.0,0.091228,0.0060185,0.650703,0.349297,0.2790225,0.629883
toffoli_n3_transpiled.qasm,small,Other,3,24,severity,gate_insertion,0.6,0.715132,0.333968,1.0,1.0,0.777778,0.0,0.104762,0.0068828,0.84946,0.15054,0.2731147,0.87793
toffoli_n3_transpiled.qasm,small,Other,3,24,severity,gate_substitution,0.1,1.0,0.968596,0.0,0.042106,0.083333,0.0,0.0,0.0049286,0.574562,0.425438,0.2761154,0.523438
toffoli_n3_transpiled.qasm,small,Other,3,24,severity,gate_substitution,0.3,1.0,0.923993,0.0,0.098114,0.208333,0.0,0.0,0.004776,0.557229,0.442771,0.2646161,0.499023
toffoli_n3_transpiled.qasm,small,Other,3,24,severity,gate_substitution,0.6,1.0,0.872693,0.0,0.14945,0.375,0.0,0.0,0.0047395,0.903737,0.096263,0.2796165,0.931641
toffoli_n3_transpiled.qasm,small,Other,3,24,severity,gate_reorder,0.1,0.97977,0.722151,0.703704,0.34941,0.25,0.0,0.0,0.0047573,0.820934,0.179066,0.2806022,0.84668
toffoli_n3_transpiled.qasm,small,Other,3,24,severity,gate_reorder,0.3,0.980044,0.604135,1.0,0.440567,0.458333,0.0,0.0,0.0048102,0.555148,0.444852,0.2776103,0.496094
toffoli_n3_transpiled.qasm,small,Other,3,24,severity,gate_reorder,0.6,0.980044,0.521076,1.0,0.630259,0.541667,0.0,0.0,0.0048962,1.0,0.0,0.2868014,1.0
toffoli_n3_transpiled.qasm,small,Other,3,24,severity,trojan_NOT,0.1,0.928692,0.489091,1.0,0.647139,0.62963,0.0,0.084848,0.005399,1.0,0.0,0.2746123,1.0
toffoli_n3_transpiled.qasm,small,Other,3,24,severity,trojan_NOT,0.3,0.8233,0.328377,1.0,1.0,0.8125,0.0,0.091228,0.0059867,0.581496,0.418504,0.270313,0.533203
toffoli_n3_transpiled.qasm,small,Other,3,24,severity,trojan_NOT,0.6,0.675219,0.336349,1.0,1.0,0.694444,0.0,0.247619,0.0072926,1.0,0.0,0.3012139,1.0
toffoli_n3_transpiled.qasm,small,Other,3,24,severity,trojan_H,0.1,0.928692,0.561239,1.0,0.521809,0.518519,0.0,0.024242,0.0058138,0.848541,0.151459,0.304874,0.876953
toffoli_n3_transpiled.qasm,small,Other,3,24,severity,trojan_H,0.3,0.8233,0.291732,1.0,1.0,0.90625,0.0,0.270175,0.0064625,0.920293,0.079707,0.3156386,0.946289
toffoli_n3_transpiled.qasm,small,Other,3,24,severity,trojan_H,0.6,0.735088,0.334762,1.0,1.0,0.75,0.0,0.152381,0.0082735,0.920293,0.079707,0.3190194,0.946289
toffoli_n3_transpiled.qasm,small,Other,3,24,severity,qubit_swap,0.1,0.888596,0.783598,0.222222,0.148451,0.111111,0.5,0.088889,0.0059376,0.0,1.0,0.3012495,0.0
toffoli_n3_transpiled.qasm,small,Other,3,24,severity,qubit_swap,0.3,0.703564,0.494062,0.592593,0.43422,0.25,1.0,0.150725,0.0064895,0.0,1.0,0.3019201,0.0
toffoli_n3_transpiled.qasm,small,Other,3,24,severity,qubit_swap,0.6,0.5553,0.381787,0.814815,0.60865,0.333333,1.0,0.162963,0.0069132,0.0,1.0,0.2919086,0.0
variational_n4.qasm,small,Other,4,58,severity,gate_deletion_1q,0.1,0.937547,0.548155,0.728571,0.587458,0.655172,0.0,0.059146,0.0101273,0.691723,0.308277,0.270062,0.671875
variational_n4.qasm,small,Other,4,58,severity,gate_deletion_1q,0.3,0.862246,0.492328,0.742857,0.704279,0.724138,0.0,0.04918,0.0085596,1.0,0.0,0.2766354,1.0
variational_n4.qasm,small,Other,4,58,severity,gate_deletion_1q,0.6,0.689268,0.393591,0.857143,0.917796,0.741379,0.0,0.083333,0.0068025,1.0,0.0,0.2841088,1.0
variational_n4.qasm,small,Other,4,58,severity,gate_deletion_2q,0.1,0.933755,0.738021,0.485714,0.35172,0.189655,0.125,0.030888,0.010348,0.714615,0.285385,0.2843542,0.540039
variational_n4.qasm,small,Other,4,58,severity,gate_deletion_2q,0.3,0.825575,0.515518,0.685714,0.551756,0.603448,0.3125,0.053209,0.0099804,0.542661,0.457339,0.2790249,0.478516
variational_n4.qasm,small,Other,4,58,severity,gate_deletion_2q,0.6,0.66869,0.418355,0.714286,0.582467,0.689655,0.625,0.077077,0.0090067,0.814509,0.185491,0.2717413,0.755859
variational_n4.qasm,small,Other,4,58,severity,gate_insertion,0.1,0.930268,0.667052,0.628571,0.442414,0.40625,0.0,0.025676,0.011762,0.866451,0.133549,0.280184,0.759766
variational_n4.qasm,small,Other,4,58,severity,gate_insertion,0.3,0.81726,0.376687,0.942857,0.937596,0.723684,0.0,0.089894,0.0135793,0.880755,0.119245,0.2682881,0.873047
variational_n4.qasm,small,Other,4,58,severity,gate_insertion,0.6,0.685123,0.326044,1.0,1.0,0.83908,0.0,0.061401,0.0150228,0.679959,0.320041,0.2608286,0.619141
variational_n4.qasm,small,Other,4,58,severity,gate_substitution,0.1,1.0,0.975271,0.0,0.031246,0.068966,0.0,0.0,0.0109976,0.565218,0.434782,0.2793967,0.507812
variational_n4.qasm,small,Other,4,58,severity,gate_substitution,0.3,1.0,0.931026,0.0,0.078841,0.206897,0.0,0.0,0.010663,0.471596,0.528404,0.2764243,0.387695
variational_n4.qasm,small,Other,4,58,severity,gate_substitution,0.6,1.0,0.865131,0.0,0.15874,0.396552,0.0,0.0,0.0104562,0.724859,0.275141,0.2677839,0.728516
variational_n4.qasm,small,Other,4,58,severity,gate_reorder,0.1,0.964757,0.74063,0.642857,0.39658,0.12069,0.0,0.0,0.010672,1.0,0.0,0.2773695,1.0
variational_n4.qasm,small,Other,4,58,severity,gate_reorder,0.3,0.973456,0.577731,0.9,0.663133,0.275862,0.0,0.0,0.0110154,1.0,0.0,0.2789813,1.0
variational_n4.qasm,small,Other,4,58,severity,gate_reorder,0.6,0.991152,0.575686,0.785714,0.629287,0.431034,0.0,0.0,0.0108545,1.0,0.0,0.2824823,1.0
variational_n4.qasm,small,Other,4,58,severity,trojan_NOT,0.1,0.930268,0.487092,0.828571,0.698381,0.6875,0.0,0.066892,0.0118911,1.0,0.0,0.2806143,1.0
variational_n4.qasm,small,Other,4,58,severity,trojan_NOT,0.3,0.808462,0.352784,1.0,0.973077,0.75,0.0,0.066392,0.0134152,1.0,0.0,0.2729598,1.0
variational_n4.qasm,small,Other,4,58,severity,trojan_NOT,0.6,0.711518,0.335797,1.0,1.0,0.712644,0.0,0.216741,0.0150711,1.0,0.0,0.2763982,1.0
variational_n4.qasm,small,Other,4,58,severity,trojan_H,0.1,0.939066,0.586909,0.685714,0.474751,0.703125,0.0,0.034459,0.0115944,0.893998,0.106002,0.2648935,0.919922
variational_n4.qasm,small,Other,4,58,severity,trojan_H,0.3,0.81726,0.390781,0.942857,0.90223,0.736842,0.0,0.046416,0.0137057,0.74362,0.25638,0.2763779,0.700195
variational_n4.qasm,small,Other,4,58,severity,trojan_H,0.6,0.737913,0.338966,1.0,1.0,0.735632,0.0,0.139071,0.0150648,0.900257,0.099743,0.2698083,0.90332
variational_n4.qasm,small,Other,4,58,severity,qubit_swap,0.1,0.912632,0.806685,0.214286,0.167673,0.09375,0.375,0.087366,0.0120221,1.0,0.0,0.2809726,1.0
variational_n4.qasm,small,Other,4,58,severity,qubit_swap,0.3,0.737977,0.502243,0.528571,0.461486,0.236842,1.0,0.095823,0.0137406,0.046223,0.953777,0.2873356,0.052734
variational_n4.qasm,small,Other,4,58,severity,qubit_swap,0.6,0.570513,0.33665,0.828571,0.707612,0.333333,1.0,0.247338,0.0158987,0.712137,0.287863,0.2810988,0.520508
variational_n4_transpiled.qasm,small,Other,4,62,severity,gate_deletion_1q,0.1,0.943019,0.621055,0.689189,0.49349,0.5,0.0,0.028451,0.0106357,0.557977,0.442023,0.2689783,0.5
variational_n4_transpiled.qasm,small,Other,4,62,severity,gate_deletion_1q,0.3,0.859178,0.483442,0.810811,0.73311,0.66129,0.0,0.060897,0.0091606,1.0,0.0,0.2655938,1.0
variational_n4_transpiled.qasm,small,Other,4,62,severity,gate_deletion_1q,0.6,0.702613,0.410758,0.851351,0.871863,0.741935,0.0,0.08,0.0071332,1.0,0.0,0.2693703,1.0
variational_n4_transpiled.qasm,small,Other,4,62,severity,gate_deletion_2q,0.1,0.944768,0.747168,0.405405,0.281983,0.322581,0.125,0.038115,0.0111713,0.809721,0.190279,0.2700958,0.74707
variational_n4_transpiled.qasm,small,Other,4,62,severity,gate_deletion_2q,0.3,0.858029,0.438479,0.675676,0.668377,0.774194,0.3125,0.088989,0.0106161,1.0,0.0,0.270321,1.0
variational_n4_transpiled.qasm,small,Other,4,62,severity,gate_deletion_2q,0.6,0.700501,0.431998,0.702703,0.602703,0.580645,0.625,0.105217,0.0095349,1.0,0.0,0.2605493,1.0
variational_n4_transpiled.qasm,small,Other,4,62,severity,gate_insertion,0.1,0.945069,0.643679,0.554054,0.510262,0.449275,0.0,0.047662,0.0126411,0.814358,0.185642,0.268717,0.753906
variational_n4_transpiled.qasm,small,Other,4,62,severity,gate_insertion,0.3,0.82547,0.367649,1.0,0.925455,0.753086,0.0,0.078245,0.0141557,0.813875,0.186125,0.2750196,0.790039
variational_n4_transpiled.qasm,small,Other,4,62,severity,gate_insertion,0.6,0.729178,0.323245,1.0,1.0,0.817204,0.0,0.133145,0.0160512,0.769234,0.230766,0.2837216,0.746094
variational_n4_transpiled.qasm,small,Other,4,62,severity,gate_substitution,0.1,1.0,0.971869,0.0,0.034291,0.080645,0.0,0.0,0.0114012,0.705426,0.294574,0.2773274,0.516602
variational_n4_transpiled.qasm,small,Other,4,62,severity,gate_substitution,0.3,1.0,0.924865,0.0,0.094856,0.209677,0.0,0.0,0.0115283,0.752379,0.247621,0.2743743,0.74707
variational_n4_transpiled.qasm,small,Other,4,62,severity,gate_substitution,0.6,1.0,0.856852,0.0,0.169363,0.419355,0.0,0.0,0.0111058,0.754554,0.245446,0.2701322,0.666016
variational_n4_transpiled.qasm,small,Other,4,62,severity,gate_reorder,0.1,0.961225,0.837505,0.459459,0.202843,0.112903,0.0,0.0,0.0111316,0.813038,0.186962,0.2763661,0.753906
variational_n4_transpiled.qasm,small,Other,4,62,severity,gate_reorder,0.3,0.992202,0.588879,0.878378,0.669151,0.225806,0.0,0.0,0.0111727,0.914388,0.085612,0.274937,0.878906
variational_n4_transpiled.qasm,small,Other,4,62,severity,gate_reorder,0.6,0.96885,0.560746,0.77027,0.657614,0.467742,0.0,0.0,0.011429,1.0,0.0,0.2798731,1.0
variational_n4_transpiled.qasm,small,Other,4,62,severity,trojan_NOT,0.1,0.937314,0.496786,0.743243,0.728185,0.666667,0.0,0.035294,0.0126624,0.562286,0.437714,0.2793874,0.505859
variational_n4_transpiled.qasm,small,Other,4,62,severity,trojan_NOT,0.3,0.80996,0.343821,1.0,1.0,0.765432,0.0,0.030928,0.0143168,0.025941,0.974059,0.265915,0.030273
variational_n4_transpiled.qasm,small,Other,4,62,severity,trojan_NOT,0.6,0.713668,0.315274,1.0,1.0,0.83871,0.0,0.169842,0.0161538,0.738514,0.261486,0.2830038,0.74707
variational_n4_transpiled.qasm,small,Other,4,62,severity,trojan_H,0.1,0.921804,0.515534,0.716216,0.713374,0.623188,0.0,0.027149,0.0125889,0.857955,0.142045,0.2729754,0.870117
variational_n4_transpiled.qasm,small,Other,4,62,severity,trojan_H,0.3,0.82547,0.358921,1.0,0.946541,0.753086,0.0,0.091726,0.0141543,0.905186,0.094814,0.2657613,0.90918
variational_n4_transpiled.qasm,small,Other,4,62,severity,trojan_H,0.6,0.698158,0.327015,1.0,1.0,0.784946,0.0,0.159962,0.0162281,0.839283,0.160717,0.2793715,0.860352
variational_n4_transpiled.qasm,small,Other,4,62,severity,qubit_swap,0.1,0.913952,0.794473,0.216216,0.167633,0.101449,0.4375,0.066332,0.0129325,1.0,0.0,0.2830553,1.0
variational_n4_transpiled.qasm,small,Other,4,62,severity,qubit_swap,0.3,0.747762,0.519405,0.486486,0.408517,0.234568,1.0,0.177277,0.0146769,1.0,0.0,0.2843944,1.0
variational_n4_transpiled.qasm,small,Other,4,62,severity,qubit_swap,0.6,0.573933,0.358767,0.783784,0.683209,0.333333,1.0,0.178755,0.0168354,1.0,0.0,0.2800541,1.0
vqe_n4.qasm,small,Variational,4,94,severity,gate_deletion_1q,0.1,0.946911,0.486212,0.539216,0.838979,0.680851,0.0,0.030928,0.015062,0.53847,0.46153,0.259681,0.537109
vqe_n4.qasm,small,Variational,4,94,severity,gate_deletion_1q,0.3,0.835527,0.387841,0.666667,1.0,0.776596,0.0,0.068396,0.0123892,0.743894,0.256106,0.2727947,0.693359
vqe_n4.qasm,small,Variational,4,94,severity,gate_deletion_1q,0.6,0.684899,0.354411,0.813725,0.997112,0.797872,0.0,0.149664,0.0094203,0.933971,0.066029,0.2654995,0.924805
vqe_n4.qasm,small,Variational,4,94,severity,gate_deletion_2q,0.1,0.956357,0.555253,0.431373,0.664573,0.617021,0.111111,0.018142,0.0161239,0.491684,0.508316,0.2762945,0.449219
vqe_n4.qasm,small,Variational,4,94,severity,gate_deletion_2q,0.3,0.879061,0.469381,0.470588,0.79028,0.56383,0.333333,0.04,0.0159908,0.609328,0.390672,0.2699008,0.592773
vqe_n4.qasm,small,Variational,4,94,severity,gate_deletion_2q,0.6,0.748125,0.392801,0.470588,0.81994,0.553191,0.666667,0.056604,0.0152113,0.556902,0.443098,0.2660803,0.533203
vqe_n4.qasm,small,Variational,4,94,severity,gate_insertion,0.1,0.90217,0.457445,0.568627,0.886286,0.721154,0.0,0.028302,0.0179485,0.564993,0.435007,0.2716751,0.483398
vqe_n4.qasm,small,Variational,4,94,severity,gate_insertion,0.3,0.74129,0.382964,0.754902,1.0,0.747967,0.0,0.042068,0.0209872,0.497757,0.502243,0.2624851,0.508789
vqe_n4.qasm,small,Variational,4,94,severity,gate_insertion,0.6,0.615184,0.330715,0.95098,1.0,0.858156,0.0,0.050068,0.0264102,0.755017,0.244983,0.2870359,0.765625
vqe_n4.qasm,small,Variational,4,94,severity,gate_substitution,0.1,1.0,0.969966,0.0,0.037178,0.085106,0.0,0.0,0.0165346,0.582902,0.417098,0.263013,0.518555
vqe_n4.qasm,small,Variational,4,94,severity,gate_substitution,0.3,1.0,0.909975,0.0,0.111317,0.255319,0.0,0.0,0.0164463,0.655672,0.344328,0.2642134,0.59375
vqe_n4.qasm,small,Variational,4,94,severity,gate_substitution,0.6,1.0,0.817401,0.0,0.229918,0.510638,0.0,0.0,0.0160623,0.633435,0.366565,0.2693495,0.62793
vqe_n4.qasm,small,Variational,4,94,severity,gate_reorder,0.1,0.900096,0.775607,0.431373,0.365063,0.159574,0.0,0.0,0.0164349,0.49129,0.50871,0.2646508,0.458984
vqe_n4.qasm,small,Variational,4,94,severity,gate_reorder,0.3,0.920077,0.594925,0.627451,0.748633,0.244681,0.0,0.0,0.0166148,0.674226,0.325774,0.2829833,0.648438
vqe_n4.qasm,small,Variational,4,94,severity,gate_reorder,0.6,0.950048,0.545577,0.54902,0.844211,0.382979,0.0,0.0,0.0165497,0.735424,0.264576,0.2771046,0.692383
vqe_n4.qasm,small,Variational,4,94,severity,trojan_NOT,0.1,0.912161,0.534816,0.45098,0.755245,0.634615,0.0,0.062785,0.0187391,0.512554,0.487446,0.2763778,0.529297
vqe_n4.qasm,small,Variational,4,94,severity,trojan_NOT,0.3,0.721309,0.367641,0.754902,1.0,0.804878,0.0,0.081481,0.0220308,1.0,0.0,0.2848901,1.0
vqe_n4.qasm,small,Variational,4,94,severity,trojan_NOT,0.6,0.595203,0.336716,0.970588,1.0,0.815603,0.0,0.045752,0.0226066,0.649544,0.350456,0.2792345,0.633789
vqe_n4.qasm,small,Variational,4,94,severity,trojan_H,0.1,0.88219,0.471813,0.588235,0.868599,0.653846,0.0,0.051724,0.0188181,0.693101,0.306899,0.2768391,0.637695
vqe_n4.qasm,small,Variational,4,94,severity,trojan_H,0.3,0.7313,0.36391,0.813725,1.0,0.796748,0.0,0.04682,0.0210793,0.674589,0.325411,0.2716164,0.671875
vqe_n4.qasm,small,Variational,4,94,severity,trojan_H,0.6,0.625174,0.336716,0.970588,1.0,0.815603,0.0,0.045752,0.0254516,0.671542,0.328458,0.2866276,0.59375
vqe_n4.qasm,small,Variational,4,94,severity,qubit_swap,0.1,0.852104,0.705242,0.186275,0.125606,0.096154,1.0,0.036238,0.0180966,0.922174,0.077826,0.2673054,0.865234
vqe_n4.qasm,small,Variational,4,94,severity,qubit_swap,0.3,0.631203,0.554157,0.490196,0.349512,0.235772,1.0,0.028302,0.0216473,0.849961,0.150039,0.274541,0.744141
vqe_n4.qasm,small,Variational,4,94,severity,qubit_swap,0.6,0.375067,0.396801,0.843137,0.577319,0.333333,1.0,0.08,0.0250887,0.94219,0.05781,0.2729005,0.889648
vqe_n4_transpiled.qasm,small,Variational,4,78,severity,gate_deletion_1q,0.1,0.959993,0.494626,0.546512,0.786157,0.730769,0.0,0.020884,0.0128464,0.936546,0.063454,0.2708016,0.930664
vqe_n4_transpiled.qasm,small,Variational,4,78,severity,gate_deletion_1q,0.3,0.83319,0.402926,0.732558,0.95273,0.717949,0.0,0.101449,0.0105588,0.828201,0.171799,0.2669873,0.796875
vqe_n4_transpiled.qasm,small,Variational,4,78,severity,gate_deletion_1q,0.6,0.695051,0.328104,0.848837,1.0,0.884615,0.0,0.176471,0.0077444,0.935063,0.064937,0.2748833,0.90332
vqe_n4_transpiled.qasm,small,Variational,4,78,severity,gate_deletion_2q,0.1,0.953548,0.707092,0.348837,0.471304,0.25641,0.111111,0.021212,0.0138526,0.40595,0.59405,0.2716502,0.269531
vqe_n4_transpiled.qasm,small,Variational,4,78,severity,gate_deletion_2q,0.3,0.872311,0.432329,0.55814,0.811809,0.653846,0.333333,0.02381,0.0131959,0.559286,0.440714,0.2655794,0.504883
vqe_n4_transpiled.qasm,small,Variational,4,78,severity,gate_deletion_2q,0.6,0.744612,0.369367,0.511628,0.791329,0.692308,0.666667,0.051282,0.0129125,0.540436,0.459564,0.2733935,0.555664
vqe_n4_transpiled.qasm,small,Variational,4,78,severity,gate_insertion,0.1,0.919241,0.470568,0.627907,0.832412,0.709302,0.0,0.020408,0.0148941,0.433009,0.566991,0.2729683,0.4375
vqe_n4_transpiled.qasm,small,Variational,4,78,severity,gate_insertion,0.3,0.792761,0.356947,0.813953,1.0,0.803922,0.0,0.101754,0.017507,0.566313,0.433687,0.2650467,0.503906
vqe_n4_transpiled.qasm,small,Variational,4,78,severity,gate_insertion,0.6,0.566995,0.327056,1.0,1.0,0.82906,0.0,0.071318,0.0197696,0.626227,0.373773,0.2786241,0.602539
vqe_n4_transpiled.qasm,small,Variational,4,78,severity,gate_substitution,0.1,1.0,0.96826,0.0,0.039404,0.089744,0.0,0.0,0.013874,0.573855,0.426145,0.264786,0.556641
vqe_n4_transpiled.qasm,small,Variational,4,78,severity,gate_substitution,0.3,1.0,0.910332,0.0,0.109674,0.25641,0.0,0.0,0.0137348,0.596894,0.403106,0.2722981,0.569336
vqe_n4_transpiled.qasm,small,Variational,4,78,severity,gate_substitution,0.6,1.0,0.827924,0.0,0.20593,0.5,0.0,0.0,0.0136606,0.650539,0.349461,0.2724612,0.663086
vqe_n4_transpiled.qasm,small,Variational,4,78,severity,gate_reorder,0.1,0.940367,0.746777,0.569767,0.413375,0.115385,0.0,0.0,0.0138226,0.757896,0.242104,0.2677119,0.710938
vqe_n4_transpiled.qasm,small,Variational,4,78,severity,gate_reorder,0.3,0.906643,0.581177,0.604651,0.783656,0.269231,0.0,0.0,0.0135834,0.464142,0.535858,0.2773908,0.479492
vqe_n4_transpiled.qasm,small,Variational,4,78,severity,gate_reorder,0.6,0.953321,0.630182,0.55814,0.524381,0.512821,0.0,0.0,0.0137362,0.987156,0.012844,0.2826865,0.989258
vqe_n4_transpiled.qasm,small,Variational,4,78,severity,trojan_NOT,0.1,0.907572,0.40762,0.627907,0.953277,0.802326,0.0,0.040816,0.0152712,0.635476,0.364524,0.2767156,0.639648
vqe_n4_transpiled.qasm,small,Variational,4,78,severity,trojan_NOT,0.3,0.781092,0.354636,0.790698,1.0,0.862745,0.0,0.042105,0.0174653,1.0,0.0,0.2833319,1.0
vqe_n4_transpiled.qasm,small,Variational,4,78,severity,trojan_NOT,0.6,0.602004,0.328448,1.0,1.0,0.837607,0.0,0.04031,0.0200706,1.0,0.0,0.2824175,1.0
vqe_n4_transpiled.qasm,small,Variational,4,78,severity,trojan_H,0.1,0.907572,0.422826,0.651163,0.953835,0.697674,0.0,0.061224,0.0157705,0.861738,0.138262,0.2849853,0.84668
vqe_n4_transpiled.qasm,small,Variational,4,78,severity,trojan_H,0.3,0.769422,0.347019,0.813953,1.0,0.892157,0.0,0.024561,0.0176482,0.91893,0.08107,0.2825321,0.925781
vqe_n4_transpiled.qasm,small,Variational,4,78,severity,trojan_H,0.6,0.625343,0.330165,1.0,1.0,0.811966,0.0,0.074419,0.0195688,0.520754,0.479246,0.2661252,0.486328
vqe_n4_transpiled.qasm,small,Variational,4,78,severity,qubit_swap,0.1,0.860785,0.728567,0.174419,0.12207,0.093023,0.888889,0.061635,0.0153084,0.920269,0.079731,0.2807881,0.851562
vqe_n4_transpiled.qasm,small,Variational,4,78,severity,qubit_swap,0.3,0.617492,0.55499,0.5,0.326445,0.235294,1.0,0.086957,0.0189479,0.077616,0.922384,0.2780914,0.071289
vqe_n4_transpiled.qasm,small,Variational,4,78,severity,qubit_swap,0.6,0.391565,0.411251,0.848837,0.542843,0.333333,1.0,0.047619,0.0205997,0.939473,0.060527,0.2858453,0.888672
wstate_n3.qasm,small,State Prep,3,9,severity,gate_deletion_1q,0.1,0.956545,0.913769,0.111111,0.094969,0.111111,0.0,0.141026,0.0024533,0.562161,0.437839,0.2841333,0.333984
wstate_n3.qasm,small,State Prep,3,9,severity,gate_deletion_1q,0.3,0.913595,0.635165,0.666667,0.486718,0.444444,0.0,0.055944,0.0022037,0.812179,0.187821,0.2877548,0.673828
wstate_n3.qasm,small,State Prep,3,9,severity,gate_deletion_1q,0.6,0.778285,0.628818,0.666667,0.40362,0.555556,0.0,0.188034,0.0019589,1.0,0.0,0.2789478,1.0
wstate_n3.qasm,small,State Prep,3,9,severity,gate_deletion_2q,0.1,0.649202,0.641933,0.666667,0.308651,0.222222,0.5,0.055944,0.0023506,0.598985,0.401015,0.2730084,0.385742
wstate_n3.qasm,small,State Prep,3,9,severity,gate_deletion_2q,0.3,0.899306,0.363611,1.0,0.770524,0.555556,0.5,0.055944,0.0020717,0.427649,0.572351,0.272557,0.306641
wstate_n3.qasm,small,State Prep,3,9,severity,gate_deletion_2q,0.6,0.549768,0.233402,0.777778,0.865493,0.666667,1.0,0.136752,0.0019147,0.724275,0.275725,0.2802044,0.652344
wstate_n3.qasm,small,State Prep,3,9,severity,gate_insertion,0.1,0.907051,0.79977,0.333333,0.289825,0.2,0.0,0.087912,0.0027465,0.009265,0.990735,0.2813349,0.009766
wstate_n3.qasm,small,State Prep,3,9,severity,gate_insertion,0.3,0.819975,0.35609,1.0,1.0,0.666667,0.0,0.105769,0.0031144,1.0,0.0,0.2757778,1.0
wstate_n3.qasm,small,State Prep,3,9,severity,gate_insertion,0.6,0.776624,0.336199,1.0,1.0,0.769231,0.0,0.099548,0.0032706,0.846521,0.153479,0.2795648,0.844727
wstate_n3.qasm,small,State Prep,3,9,severity,gate_substitution,0.1,1.0,0.965817,0.0,0.034173,0.111111,0.0,0.0,0.0025373,0.55781,0.44219,0.2772541,0.499023
wstate_n3.qasm,small,State Prep,3,9,severity,gate_substitution,0.3,1.0,0.965817,0.0,0.034173,0.111111,0.0,0.0,0.0025698,0.557449,0.442551,0.2784218,0.492188
wstate_n3.qasm,small,State Prep,3,9,severity,gate_substitution,0.6,1.0,0.931634,0.0,0.068347,0.222222,0.0,0.0,0.0025038,0.721256,0.278744,0.273822,0.583008
wstate_n3.qasm,small,State Prep,3,9,severity,gate_reorder,0.1,1.0,0.776706,0.444444,0.320522,0.222222,0.0,0.0,0.0025735,0.581656,0.418344,0.2803606,0.359375
wstate_n3.qasm,small,State Prep,3,9,severity,gate_reorder,0.3,0.901717,0.564923,0.666667,0.703394,0.444444,0.0,0.0,0.0025268,1.0,0.0,0.2761966,1.0
wstate_n3.qasm,small,State Prep,3,9,severity,gate_reorder,0.6,0.935908,0.565218,0.666667,0.70255,0.444444,0.0,0.0,0.0025347,1.0,0.0,0.2788425,1.0
wstate_n3.qasm,small,State Prep,3,9,severity,trojan_NOT,0.1,0.907051,0.402339,1.0,0.914195,0.6,0.0,0.076923,0.0027063,0.260922,0.739078,0.2715278,0.304688
wstate_n3.qasm,small,State Prep,3,9,severity,trojan_NOT,0.3,0.819975,0.341591,1.0,0.969079,0.75,0.0,0.192308,0.0029815,1.0,0.0,0.2814483,1.0
wstate_n3.qasm,small,State Prep,3,9,severity,trojan_NOT,0.6,0.727482,0.271946,1.0,1.0,1.0,0.0,0.280543,0.0031257,1.0,0.0,0.2728507,1.0
wstate_n3.qasm,small,State Prep,3,9,severity,trojan_H,0.1,0.907051,0.62077,1.0,0.461536,0.3,0.0,0.076923,0.0027021,0.565809,0.434191,0.2786094,0.506836
wstate_n3.qasm,small,State Prep,3,9,severity,trojan_H,0.3,0.764604,0.322756,1.0,1.0,0.833333,0.0,0.105769,0.0031315,0.606509,0.393491,0.2757313,0.580078
wstate_n3.qasm,small,State Prep,3,9,severity,trojan_H,0.6,0.727482,0.336199,1.0,1.0,0.769231,0.0,0.099548,0.0033395,0.895844,0.104156,0.279775,0.892578
wstate_n3.qasm,small,State Prep,3,9,severity,qubit_swap,0.1,0.907549,0.713668,0.444444,0.273037,0.1,0.5,0.041026,0.0027931,0.827864,0.172136,0.2825145,0.703125
wstate_n3.qasm,small,State Prep,3,9,severity,qubit_swap,0.3,0.722937,0.389275,0.888889,0.617301,0.25,1.0,0.11336,0.0030564,0.815729,0.184271,0.2842395,0.68457
wstate_n3.qasm,small,State Prep,3,9,severity,qubit_swap,0.6,0.630732,0.293233,1.0,0.795369,0.307692,1.0,0.168498,0.0032415,0.056046,0.943954,0.2799299,0.056641
wstate_n3_transpiled.qasm,small,State Prep,3,38,severity,gate_deletion_1q,0.1,0.954583,0.458435,1.0,0.667745,0.763158,0.0,0.052224,0.0066829,0.664691,0.335309,0.2716934,0.519531
wstate_n3_transpiled.qasm,small,State Prep,3,38,severity,gate_deletion_1q,0.3,0.851371,0.448656,0.863636,0.758811,0.736842,0.0,0.088466,0.0059957,1.0,0.0,0.281175,1.0
wstate_n3_transpiled.qasm,small,State Prep,3,38,severity,gate_deletion_1q,0.6,0.702487,0.378386,0.909091,0.848209,0.842105,0.0,0.19956,0.0044466,1.0,0.0,0.2749502,1.0
wstate_n3_transpiled.qasm,small,State Prep,3,38,severity,gate_deletion_2q,0.1,0.946472,0.757786,0.590909,0.232397,0.236842,0.111111,0.026478,0.0069224,0.814054,0.185946,0.2739988,0.668945
wstate_n3_transpiled.qasm,small,State Prep,3,38,severity,gate_deletion_2q,0.3,0.814246,0.414123,0.863636,0.637292,0.789474,0.333333,0.087182,0.006741,1.0,0.0,0.2699108,1.0
wstate_n3_transpiled.qasm,small,State Prep,3,38,severity,gate_deletion_2q,0.6,0.615843,0.402828,0.863636,0.583554,0.605263,0.666667,0.08997,0.0061512,1.0,0.0,0.2686552,1.0
wstate_n3_transpiled.qasm,small,State Prep,3,38,severity,gate_insertion,0.1,0.918522,0.546251,0.954545,0.578956,0.52381,0.0,0.031706,0.007834,0.838009,0.161991,0.2766457,0.818359
wstate_n3_transpiled.qasm,small,State Prep,3,38,severity,gate_insertion,0.3,0.805949,0.342053,1.0,1.0,0.78,0.0,0.019473,0.0090263,0.862962,0.137038,0.2678285,0.891602
wstate_n3_transpiled.qasm,small,State Prep,3,38,severity,gate_insertion,0.6,0.654069,0.332896,1.0,1.0,0.824561,0.0,0.021921,0.010118,1.0,0.0,0.2770895,1.0
wstate_n3_transpiled.qasm,small,State Prep,3,38,severity,gate_substitution,0.1,1.0,0.97127,0.0,0.036973,0.078947,0.0,0.0,0.0072947,0.552405,0.447595,0.2760164,0.492188
wstate_n3_transpiled.qasm,small,State Prep,3,38,severity,gate_substitution,0.3,1.0,0.919305,0.0,0.110257,0.210526,0.0,0.0,0.0073887,0.809838,0.190162,0.2767578,0.755859
wstate_n3_transpiled.qasm,small,State Prep,3,38,severity,gate_substitution,0.6,1.0,0.851901,0.0,0.182539,0.421053,0.0,0.0,0.0072018,0.801126,0.198874,0.2778825,0.808594
wstate_n3_transpiled.qasm,small,State Prep,3,38,severity,gate_reorder,0.1,1.0,0.743369,0.863636,0.302952,0.105263,0.0,0.0,0.0071179,0.730542,0.269458,0.2683483,0.657227
wstate_n3_transpiled.qasm,small,State Prep,3,38,severity,gate_reorder,0.3,0.987426,0.559568,1.0,0.604242,0.394737,0.0,0.0,0.0070263,0.893603,0.106397,0.2758984,0.898438
wstate_n3_transpiled.qasm,small,State Prep,3,38,severity,gate_reorder,0.6,0.987199,0.543976,0.818182,0.696637,0.447368,0.0,0.0,0.0072187,0.899763,0.100237,0.2760613,0.880859
wstate_n3_transpiled.qasm,small,State Prep,3,38,severity,trojan_NOT,0.1,0.918522,0.515028,0.863636,0.652703,0.619048,0.0,0.031706,0.0081229,0.744406,0.255594,0.2833622,0.682617
wstate_n3_transpiled.qasm,small,State Prep,3,38,severity,trojan_NOT,0.3,0.818523,0.341188,1.0,0.987015,0.78,0.0,0.073567,0.0090332,1.0,0.0,0.2890221,1.0
wstate_n3_transpiled.qasm,small,State Prep,3,38,severity,trojan_NOT,0.6,0.691792,0.326669,1.0,1.0,0.807018,0.0,0.119278,0.01005,1.0,0.0,0.2831258,1.0
wstate_n3_transpiled.qasm,small,State Prep,3,38,severity,trojan_H,0.1,0.943671,0.436082,1.0,0.744405,0.738095,0.0,0.057572,0.0078201,0.752006,0.247994,0.2742322,0.666992
wstate_n3_transpiled.qasm,small,State Prep,3,38,severity,trojan_H,0.3,0.805949,0.352167,1.0,0.936276,0.78,0.0,0.141363,0.0089598,0.487855,0.512145,0.2765994,0.396484
wstate_n3_transpiled.qasm,small,State Prep,3,38,severity,trojan_H,0.6,0.666643,0.329699,1.0,1.0,0.807018,0.0,0.088975,0.010055,0.608292,0.391708,0.2678081,0.536133
wstate_n3_transpiled.qasm,small,State Prep,3,38,severity,qubit_swap,0.1,0.905899,0.81717,0.159091,0.134748,0.095238,0.444444,0.038685,0.0078705,1.0,0.0,0.2725081,1.0
wstate_n3_transpiled.qasm,small,State Prep,3,38,severity,qubit_swap,0.3,0.717979,0.525034,0.477273,0.426292,0.24,1.0,0.061732,0.0094536,1.0,0.0,0.2840715,1.0
wstate_n3_transpiled.qasm,small,State Prep,3,38,severity,qubit_swap,0.6,0.553474,0.388337,0.75,0.651688,0.333333,1.0,0.044055,0.0104573,0.827915,0.172085,0.276546,0.704102
bigadder_n18.qasm,medium,Arithmetic,18,21,severity,gate_deletion_1q,0.1,0.961823,0.949355,0.1,0.021284,0.095238,0.0,0.091476,0.0063574,,,,
bigadder_n18.qasm,medium,Arithmetic,18,21,severity,gate_deletion_1q,0.3,0.883436,0.362404,1.0,1.0,0.571429,0.0,0.2331,0.004434,,,,
bigadder_n18.qasm,medium,Arithmetic,18,21,severity,gate_deletion_1q,0.6,0.805246,0.322862,1.0,1.0,0.761905,0.0,0.247569,0.0042262,,,,
bigadder_n18.qasm,medium,Arithmetic,18,21,severity,gate_deletion_2q,0.1,1.0,1.0,0.0,0.0,0.0,0.0,0.0,0.0063902,,,,
bigadder_n18.qasm,medium,Arithmetic,18,21,severity,gate_deletion_2q,0.3,1.0,1.0,0.0,0.0,0.0,0.0,0.0,0.0066233,,,,
bigadder_n18.qasm,medium,Arithmetic,18,21,severity,gate_deletion_2q,0.6,1.0,1.0,0.0,0.0,0.0,0.0,0.0,0.0066317,,,,
bigadder_n18.qasm,medium,Arithmetic,18,21,severity,gate_insertion,0.1,0.875857,0.481721,1.0,0.827214,0.333333,0.0,0.120879,0.006665,,,,
bigadder_n18.qasm,medium,Arithmetic,18,21,severity,gate_insertion,0.3,0.798761,0.367766,1.0,1.0,0.571429,0.0,0.179487,0.008344,,,,
bigadder_n18.qasm,medium,Arithmetic,18,21,severity,gate_insertion,0.6,0.675078,0.350036,1.0,1.0,0.645161,0.0,0.209314,0.007949,,,,
bigadder_n18.qasm,medium,Arithmetic,18,21,severity,gate_substitution,0.1,1.0,0.990141,0.0,0.000957,0.047619,0.0,0.0,0.0065157,,,,
bigadder_n18.qasm,medium,Arithmetic,18,21,severity,gate_substitution,0.3,1.0,0.970423,0.0,0.002872,0.142857,0.0,0.0,0.0066111,,,,
bigadder_n18.qasm,medium,Arithmetic,18,21,severity,gate_substitution,0.6,1.0,0.940847,0.0,0.005744,0.285714,0.0,0.0,0.0064246,,,,
bigadder_n18.qasm,medium,Arithmetic,18,21,severity,gate_reorder,0.1,0.933953,0.568964,0.9,0.736974,0.190476,0.0,0.0,0.0061191,,,,
bigadder_n18.qasm,medium,Arithmetic,18,21,severity,gate_reorder,0.3,0.933953,0.433333,1.0,1.0,0.333333,0.0,0.0,0.0068441,,,,
bigadder_n18.qasm,medium,Arithmetic,18,21,severity,gate_reorder,0.6,0.933953,0.42381,1.0,1.0,0.380952,0.0,0.0,0.0069871,,,,
bigadder_n18.qasm,medium,Arithmetic,18,21,severity,trojan_NOT,0.1,0.875857,0.446245,1.0,1.0,0.208333,0.0,0.120879,0.0070958,,,,
bigadder_n18.qasm,medium,Arithmetic,18,21,severity,trojan_NOT,0.3,0.732714,0.387633,1.0,1.0,0.464286,0.0,0.195095,0.0073148,,,,
bigadder_n18.qasm,medium,Arithmetic,18,21,severity,trojan_NOT,0.6,0.675078,0.35666,1.0,1.0,0.580645,0.0,0.272109,0.0085014,,,,
bigadder_n18.qasm,medium,Arithmetic,18,21,severity,trojan_H,0.1,0.875857,0.490545,1.0,0.82581,0.291667,0.0,0.120879,0.0066399,,,,
bigadder_n18.qasm,medium,Arithmetic,18,21,severity,trojan_H,0.3,0.798761,0.342435,1.0,1.0,0.678571,0.0,0.218506,0.0081952,,,,
bigadder_n18.qasm,medium,Arithmetic,18,21,severity,trojan_H,0.6,0.675078,0.346897,1.0,1.0,0.645161,0.0,0.240712,0.0080904,,,,
bigadder_n18.qasm,medium,Arithmetic,18,21,severity,qubit_swap,0.1,0.876743,0.622119,0.7,0.080149,0.125,1.0,0.198291,0.0066834,,,,
bigadder_n18.qasm,medium,Arithmetic,18,21,severity,qubit_swap,0.3,0.66844,0.555864,0.9,0.108417,0.25,1.0,0.211901,0.0071923,,,,
bigadder_n18.qasm,medium,Arithmetic,18,21,severity,qubit_swap,0.6,0.673591,0.491987,1.0,0.190894,0.322581,1.0,0.266841,0.0075245,,,,
bigadder_n18_transpiled.qasm,medium,Arithmetic,18,339,severity,gate_deletion_1q,0.1,0.965797,0.568722,0.791574,0.555712,0.581121,0.0,0.01819,0.0233162,,,,
bigadder_n18_transpiled.qasm,medium,Arithmetic,18,339,severity,gate_deletion_1q,0.3,0.877786,0.480075,0.902439,0.699912,0.666667,0.0,0.062569,0.0204386,,,,
bigadder_n18_transpiled.qasm,medium,Arithmetic,18,339,severity,gate_deletion_1q,0.6,0.760449,0.392558,0.944568,0.866134,0.778761,0.0,0.068578,0.0162624,,,,
bigadder_n18_transpiled.qasm,medium,Arithmetic,18,339,severity,gate_deletion_2q,0.1,0.947447,0.537603,0.81153,0.561508,0.60472,0.1,0.031959,0.0246265,,,,
bigadder_n18_transpiled.qasm,medium,Arithmetic,18,339,severity,gate_deletion_2q,0.3,0.799895,0.471708,0.831486,0.630968,0.589971,0.3,0.047366,0.0216378,,,,
bigadder_n18_transpiled.qasm,medium,Arithmetic,18,339,severity,gate_deletion_2q,0.6,0.572036,0.341749,0.842572,0.735779,0.713864,0.6,0.115697,0.0194035,,,,
bigadder_n18_transpiled.qasm,medium,Arithmetic,18,339,severity,gate_insertion,0.1,0.949673,0.480017,0.922395,0.687816,0.678284,0.0,0.052309,0.0280769,,,,
bigadder_n18_transpiled.qasm,medium,Arithmetic,18,339,severity,gate_insertion,0.3,0.868618,0.335701,1.0,1.0,0.773243,0.0,0.096505,0.0339023,,,,
bigadder_n18_transpiled.qasm,medium,Arithmetic,18,339,severity,gate_insertion,0.6,0.777389,0.32306,1.0,1.0,0.826772,0.0,0.115854,0.0378454,,,,
bigadder_n18_transpiled.qasm,medium,Arithmetic,18,339,severity,gate_substitution,0.1,1.0,0.985405,0.0,0.007987,0.058997,0.0,0.0,0.0245581,,,,
bigadder_n18_transpiled.qasm,medium,Arithmetic,18,339,severity,gate_substitution,0.3,1.0,0.955634,0.0,0.025623,0.176991,0.0,0.0,0.0243744,,,,
bigadder_n18_transpiled.qasm,medium,Arithmetic,18,339,severity,gate_substitution,0.6,1.0,0.910623,0.0,0.053087,0.353982,0.0,0.0,0.0253384,,,,
bigadder_n18_transpiled.qasm,medium,Arithmetic,18,339,severity,gate_reorder,0.1,0.957558,0.643292,0.909091,0.56213,0.117994,0.0,0.0,0.0246147,,,,
bigadder_n18_transpiled.qasm,medium,Arithmetic,18,339,severity,gate_reorder,0.3,0.869419,0.57525,0.964523,0.643442,0.274336,0.0,0.0,0.0241544,,,,
bigadder_n18_transpiled.qasm,medium,Arithmetic,18,339,severity,gate_reorder,0.6,0.809023,0.521106,0.991131,0.688967,0.445428,0.0,0.0,0.0253968,,,,
bigadder_n18_transpiled.qasm,medium,Arithmetic,18,339,severity,trojan_NOT,0.1,0.949673,0.485009,0.935698,0.689237,0.640751,0.0,0.052538,0.0278792,,,,
bigadder_n18_transpiled.qasm,medium,Arithmetic,18,339,severity,trojan_NOT,0.3,0.866986,0.327474,1.0,1.0,0.811791,0.0,0.101673,0.0323921,,,,
bigadder_n18_transpiled.qasm,medium,Arithmetic,18,339,severity,trojan_NOT,0.6,0.777389,0.326284,1.0,1.0,0.809055,0.0,0.119049,0.036871,,,,
bigadder_n18_transpiled.qasm,medium,Arithmetic,18,339,severity,trojan_H,0.1,0.95457,0.461176,0.980044,0.722953,0.675603,0.0,0.036633,0.029156,,,,
bigadder_n18_transpiled.qasm,medium,Arithmetic,18,339,severity,trojan_H,0.3,0.853929,0.336507,1.0,1.0,0.782313,0.0,0.070306,0.0328571,,,,
bigadder_n18_transpiled.qasm,medium,Arithmetic,18,339,severity,trojan_H,0.6,0.774125,0.320992,1.0,1.0,0.832677,0.0,0.124723,0.037259,,,,
bigadder_n18_transpiled.qasm,medium,Arithmetic,18,339,severity,qubit_swap,0.1,0.938241,0.842653,0.18847,0.147166,0.091153,0.261538,0.070303,0.0292614,,,,
bigadder_n18_transpiled.qasm,medium,Arithmetic,18,339,severity,qubit_swap,0.3,0.814741,0.376942,0.982262,0.738648,0.231293,0.784615,0.140104,0.0338088,,,,
bigadder_n18_transpiled.qasm,medium,Arithmetic,18,339,severity,qubit_swap,0.6,0.700653,0.355703,0.767184,0.686392,0.332677,1.0,0.22447,0.0386652,,,,
bv_n14.qasm,medium,Oracle,14,56,severity,gate_deletion_1q,0.1,0.963084,0.543953,1.0,0.689434,0.285714,0.0,0.076023,0.0099343,1.0,0.0,0.2651777,1.0
bv_n14.qasm,medium,Oracle,14,56,severity,gate_deletion_1q,0.3,0.887994,0.454537,1.0,0.787161,0.553571,0.0,0.092426,0.0085415,1.0,0.0,0.2734816,1.0
bv_n14.qasm,medium,Oracle,14,56,severity,gate_deletion_1q,0.6,0.798452,0.306557,1.0,0.985776,0.892857,0.0,0.198496,0.0069252,1.0,0.0,0.2740682,1.0
bv_n14.qasm,medium,Oracle,14,56,severity,gate_deletion_2q,0.1,0.9116,0.718986,0.620253,0.360285,0.125,0.153846,0.061076,0.0100682,1.0,0.0,0.2775241,1.0
bv_n14.qasm,medium,Oracle,14,56,severity,gate_deletion_2q,0.3,0.823136,0.596272,0.696203,0.516792,0.232143,0.307692,0.104537,0.0098028,1.0,0.0,0.2709263,1.0
bv_n14.qasm,medium,Oracle,14,56,severity,gate_deletion_2q,0.6,0.646166,0.419669,0.848101,0.65071,0.446429,0.615385,0.130047,0.0092413,1.0,0.0,0.2655917,1.0
bv_n14.qasm,medium,Oracle,14,56,severity,gate_insertion,0.1,0.907267,0.592397,0.987342,0.565039,0.274194,0.0,0.068994,0.0115132,1.0,0.0,0.2747196,1.0
bv_n14.qasm,medium,Oracle,14,56,severity,gate_insertion,0.3,0.826159,0.406058,1.0,0.908905,0.561644,0.0,0.134962,0.0133882,1.0,0.0,0.2725789,1.0
bv_n14.qasm,medium,Oracle,14,56,severity,gate_insertion,0.6,0.729012,0.309297,1.0,1.0,0.869048,0.0,0.168935,0.0146506,1.0,0.0,0.2702848,1.0
bv_n14.qasm,medium,Oracle,14,56,severity,gate_substitution,0.1,1.0,0.98766,0.0,0.004645,0.053571,0.0,0.0,0.0107482,0.840437,0.159563,0.2692284,0.868164
bv_n14.qasm,medium,Oracle,14,56,severity,gate_substitution,0.3,1.0,0.96298,0.0,0.013934,0.160714,0.0,0.0,0.0104883,1.0,0.0,0.2826107,1.0
bv_n14.qasm,medium,Oracle,14,56,severity,gate_substitution,0.6,1.0,0.930074,0.0,0.02632,0.303571,0.0,0.0,0.0104954,1.0,0.0,0.2697812,1.0
bv_n14.qasm,medium,Oracle,14,56,severity,gate_reorder,0.1,0.998563,0.656313,1.0,0.441148,0.196429,0.0,0.0,0.0104816,1.0,0.0,0.275497,1.0
bv_n14.qasm,medium,Oracle,14,56,severity,gate_reorder,0.3,0.980779,0.528591,1.0,0.704025,0.375,0.0,0.0,0.0105849,1.0,0.0,0.2689624,1.0
bv_n14.qasm,medium,Oracle,14,56,severity,gate_reorder,0.6,0.983755,0.668617,0.911392,0.35213,0.357143,0.0,0.0,0.0105902,1.0,0.0,0.2764376,1.0
bv_n14.qasm,medium,Oracle,14,56,severity,trojan_NOT,0.1,0.939552,0.461071,1.0,0.848369,0.419355,0.0,0.081292,0.0113501,1.0,0.0,0.2678667,1.0
bv_n14.qasm,medium,Oracle,14,56,severity,trojan_NOT,0.3,0.810016,0.357345,1.0,0.971808,0.712329,0.0,0.100564,0.0130436,1.0,0.0,0.2888092,1.0
bv_n14.qasm,medium,Oracle,14,56,severity,trojan_NOT,0.6,0.729012,0.324195,1.0,1.0,0.821429,0.0,0.11519,0.0145759,1.0,0.0,0.2775524,1.0
bv_n14.qasm,medium,Oracle,14,56,severity,trojan_H,0.1,0.923409,0.458026,1.0,0.871941,0.403226,0.0,0.06149,0.0113015,0.96751,0.03249,0.2795919,0.982422
bv_n14.qasm,medium,Oracle,14,56,severity,trojan_H,0.3,0.826159,0.364145,1.0,0.986417,0.643836,0.0,0.118421,0.0127858,0.987068,0.012932,0.2772876,0.994141
bv_n14.qasm,medium,Oracle,14,56,severity,trojan_H,0.6,0.696727,0.330844,1.0,1.0,0.77381,0.0,0.143945,0.0147007,1.0,0.0,0.2848178,1.0
bv_n14.qasm,medium,Oracle,14,56,severity,qubit_swap,0.1,0.907498,0.770411,0.291139,0.176407,0.096774,0.461538,0.125135,0.0116214,0.005806,0.994194,0.272258,0.006836
bv_n14.qasm,medium,Oracle,14,56,severity,qubit_swap,0.3,0.72983,0.519456,0.607595,0.358192,0.232877,1.0,0.174623,0.0139883,0.699123,0.300877,0.2758107,0.490234
bv_n14.qasm,medium,Oracle,14,56,severity,qubit_swap,0.6,0.568374,0.397818,0.873418,0.536212,0.333333,1.0,0.168282,0.015306,0.710771,0.289229,0.2863218,0.519531
bv_n14_transpiled.qasm,medium,Oracle,14,109,severity,gate_deletion_1q,0.1,0.959261,0.512071,1.0,0.631586,0.541284,0.0,0.086173,0.0182014,1.0,0.0,0.2628761,1.0
bv_n14_transpiled.qasm,medium,Oracle,14,109,severity,gate_deletion_1q,0.3,0.881808,0.36776,1.0,0.893129,0.761468,0.0,0.173518,0.0152335,1.0,0.0,0.2742292,1.0
bv_n14_transpiled.qasm,medium,Oracle,14,109,severity,gate_deletion_1q,0.6,0.766352,0.326986,1.0,0.932709,0.87156,0.0,0.222542,0.0115242,1.0,0.0,0.2799147,1.0
bv_n14_transpiled.qasm,medium,Oracle,14,109,severity,gate_deletion_2q,0.1,0.924811,0.707173,0.75,0.252995,0.284404,0.153846,0.041291,0.0191022,1.0,0.0,0.2738661,1.0
bv_n14_transpiled.qasm,medium,Oracle,14,109,severity,gate_deletion_2q,0.3,0.849603,0.631302,0.734848,0.348837,0.33945,0.307692,0.069498,0.018989,1.0,0.0,0.2730196,1.0
bv_n14_transpiled.qasm,medium,Oracle,14,109,severity,gate_deletion_2q,0.6,0.699179,0.50376,0.765152,0.47614,0.412844,0.615385,0.091728,0.0183073,1.0,0.0,0.2671627,1.0
bv_n14_transpiled.qasm,medium,Oracle,14,109,severity,gate_insertion,0.1,0.901655,0.503313,1.0,0.63374,0.591667,0.0,0.065443,0.0239088,1.0,0.0,0.272484,1.0
bv_n14_transpiled.qasm,medium,Oracle,14,109,severity,gate_insertion,0.3,0.785277,0.336908,1.0,1.0,0.788732,0.0,0.053457,0.0253334,1.0,0.0,0.2733304,1.0
bv_n14_transpiled.qasm,medium,Oracle,14,109,severity,gate_insertion,0.6,0.673019,0.311214,1.0,1.0,0.877301,0.0,0.133262,0.0280264,1.0,0.0,0.270779,1.0
bv_n14_transpiled.qasm,medium,Oracle,14,109,severity,gate_substitution,0.1,1.0,0.978632,0.0,0.01387,0.082569,0.0,0.0,0.0198448,0.9086,0.0914,0.2675351,0.935547
bv_n14_transpiled.qasm,medium,Oracle,14,109,severity,gate_substitution,0.3,1.0,0.942257,0.0,0.033919,0.229358,0.0,0.0,0.0195465,0.980249,0.019751,0.2714577,0.990234
bv_n14_transpiled.qasm,medium,Oracle,14,109,severity,gate_substitution,0.6,1.0,0.884539,0.0,0.073008,0.449541,0.0,0.0,0.019599,0.995377,0.004623,0.2763817,0.998047
bv_n14_transpiled.qasm,medium,Oracle,14,109,severity,gate_reorder,0.1,0.973211,0.647446,1.0,0.515818,0.110092,0.0,0.0,0.0196271,1.0,0.0,0.2654596,1.0
bv_n14_transpiled.qasm,medium,Oracle,14,109,severity,gate_reorder,0.3,0.972276,0.648094,1.0,0.409116,0.293578,0.0,0.0,0.0195465,1.0,0.0,0.2754617,1.0
bv_n14_transpiled.qasm,medium,Oracle,14,109,severity,gate_reorder,0.6,0.958841,0.469553,1.0,0.803898,0.495413,0.0,0.0,0.0196074,1.0,0.0,0.2676563,1.0
bv_n14_transpiled.qasm,medium,Oracle,14,109,severity,trojan_NOT,0.1,0.915026,0.464897,1.0,0.698554,0.675,0.0,0.056094,0.0215229,1.0,0.0,0.2755189,1.0
bv_n14_transpiled.qasm,medium,Oracle,14,109,severity,trojan_NOT,0.3,0.77189,0.324639,1.0,1.0,0.802817,0.0,0.147977,0.0270714,1.0,0.0,0.2668954,1.0
bv_n14_transpiled.qasm,medium,Oracle,14,109,severity,trojan_NOT,0.6,0.686405,0.332314,1.0,1.0,0.815951,0.0,0.044956,0.0285037,1.0,0.0,0.26435,1.0
bv_n14_transpiled.qasm,medium,Oracle,14,109,severity,trojan_H,0.1,0.915026,0.538013,1.0,0.655103,0.383333,0.0,0.060343,0.0221971,0.997447,0.002553,0.2825085,0.999023
bv_n14_transpiled.qasm,medium,Oracle,14,109,severity,trojan_H,0.3,0.798663,0.334389,1.0,1.0,0.78169,0.0,0.092728,0.0250222,1.0,0.0,0.2812592,1.0
bv_n14_transpiled.qasm,medium,Oracle,14,109,severity,trojan_H,0.6,0.673019,0.315189,1.0,1.0,0.858896,0.0,0.130318,0.0280773,1.0,0.0,0.2609302,1.0
bv_n14_transpiled.qasm,medium,Oracle,14,109,severity,qubit_swap,0.1,0.901626,0.724947,0.242424,0.123904,0.091667,0.846154,0.077583,0.0216564,0.708144,0.291856,0.2674534,0.50293
bv_n14_transpiled.qasm,medium,Oracle,14,109,severity,qubit_swap,0.3,0.691575,0.522538,0.628788,0.360448,0.232394,1.0,0.105077,0.0256687,0.717968,0.282032,0.2667374,0.530273
bv_n14_transpiled.qasm,medium,Oracle,14,109,severity,qubit_swap,0.6,0.539139,0.384039,0.962121,0.55285,0.331288,1.0,0.118877,0.0297679,0.709879,0.290121,0.2730343,0.507812
bv_n19.qasm,medium,Oracle,19,76,severity,gate_deletion_1q,0.1,0.954886,0.57138,1.0,0.627814,0.263158,0.0,0.062531,0.0053112,,,,
bv_n19.qasm,medium,Oracle,19,76,severity,gate_deletion_1q,0.3,0.907344,0.47497,1.0,0.720921,0.539474,0.0,0.148128,0.0045713,,,,
bv_n19.qasm,medium,Oracle,19,76,severity,gate_deletion_1q,0.6,0.801914,0.33964,1.0,0.928343,0.842105,0.0,0.170192,0.003811,,,,
bv_n19.qasm,medium,Oracle,19,76,severity,gate_deletion_2q,0.1,0.934316,0.765191,0.633028,0.270066,0.092105,0.111111,0.046886,0.0053882,,,,
bv_n19.qasm,medium,Oracle,19,76,severity,gate_deletion_2q,0.3,0.802879,0.576162,0.743119,0.526969,0.25,0.333333,0.112647,0.0051416,,,,
bv_n19.qasm,medium,Oracle,19,76,severity,gate_deletion_2q,0.6,0.63855,0.419868,0.880734,0.636716,0.447368,0.611111,0.134758,0.0046699,,,,
bv_n19.qasm,medium,Oracle,19,76,severity,gate_insertion,0.1,0.943953,0.533028,1.0,0.691206,0.333333,0.0,0.083835,0.0060727,,,,
bv_n19.qasm,medium,Oracle,19,76,severity,gate_insertion,0.3,0.849834,0.410476,1.0,0.892738,0.585859,0.0,0.098944,0.0068825,,,,
bv_n19.qasm,medium,Oracle,19,76,severity,gate_insertion,0.6,0.730932,0.319982,1.0,1.0,0.833333,0.0,0.133516,0.008017,,,,
bv_n19.qasm,medium,Oracle,19,76,severity,gate_substitution,0.1,1.0,0.988173,0.0,0.003716,0.052632,0.0,0.0,0.0054279,,,,
bv_n19.qasm,medium,Oracle,19,76,severity,gate_substitution,0.3,1.0,0.964519,0.0,0.011149,0.157895,0.0,0.0,0.0057855,,,,
bv_n19.qasm,medium,Oracle,19,76,severity,gate_substitution,0.6,1.0,0.931995,0.0,0.021369,0.302632,0.0,0.0,0.0072193,,,,
bv_n19.qasm,medium,Oracle,19,76,severity,gate_reorder,0.1,0.972916,0.760332,0.688073,0.299652,0.157895,0.0,0.0,0.0059585,,,,
bv_n19.qasm,medium,Oracle,19,76,severity,gate_reorder,0.3,0.998904,0.586095,1.0,0.626194,0.223684,0.0,0.0,0.0059777,,,,
bv_n19.qasm,medium,Oracle,19,76,severity,gate_reorder,0.6,0.972888,0.567872,1.0,0.550441,0.447368,0.0,0.0,0.0053725,,,,
bv_n19.qasm,medium,Oracle,19,76,severity,trojan_NOT,0.1,0.943953,0.509528,1.0,0.742082,0.369048,0.0,0.069342,0.0064444,,,,
bv_n19.qasm,medium,Oracle,19,76,severity,trojan_NOT,0.3,0.824971,0.385101,1.0,0.880003,0.727273,0.0,0.114429,0.0068906,,,,
bv_n19.qasm,medium,Oracle,19,76,severity,trojan_NOT,0.6,0.706069,0.317579,1.0,1.0,0.824561,0.0,0.175092,0.0077669,,,,
bv_n19.qasm,medium,Oracle,19,76,severity,trojan_H,0.1,0.943953,0.534818,1.0,0.708027,0.297619,0.0,0.078484,0.005979,,,,
bv_n19.qasm,medium,Oracle,19,76,severity,trojan_H,0.3,0.812539,0.40524,1.0,0.888793,0.585859,0.0,0.165108,0.0068416,,,,
bv_n19.qasm,medium,Oracle,19,76,severity,trojan_H,0.6,0.743364,0.336646,1.0,1.0,0.745614,0.0,0.142308,0.0078437,,,,
bv_n19.qasm,medium,Oracle,19,76,severity,qubit_swap,0.1,0.906829,0.764545,0.422018,0.149753,0.095238,0.444444,0.118019,0.0060624,,,,
bv_n19.qasm,medium,Oracle,19,76,severity,qubit_swap,0.3,0.800561,0.524626,0.53211,0.399555,0.232323,1.0,0.092483,0.0074,,,,
bv_n19.qasm,medium,Oracle,19,76,severity,qubit_swap,0.6,0.656942,0.394968,0.880734,0.539626,0.333333,1.0,0.173861,0.0080621,,,,
bv_n19_transpiled.qasm,medium,Oracle,19,149,severity,gate_deletion_1q,0.1,0.961118,0.538306,1.0,0.609929,0.456376,0.0,0.069432,0.0097442,,,,
bv_n19_transpiled.qasm,medium,Oracle,19,149,severity,gate_deletion_1q,0.3,0.883314,0.402488,1.0,0.839116,0.724832,0.0,0.08855,0.009556,,,,
bv_n19_transpiled.qasm,medium,Oracle,19,149,severity,gate_deletion_1q,0.6,0.767814,0.356469,1.0,0.85152,0.872483,0.0,0.210028,0.0058542,,,,
bv_n19_transpiled.qasm,medium,Oracle,19,149,severity,gate_deletion_2q,0.1,0.943606,0.739775,0.763736,0.1864,0.275168,0.111111,0.031686,0.0106363,,,,
bv_n19_transpiled.qasm,medium,Oracle,19,149,severity,gate_deletion_2q,0.3,0.830796,0.69879,0.598901,0.319362,0.127517,0.333333,0.074278,0.0102138,,,,
bv_n19_transpiled.qasm,medium,Oracle,19,149,severity,gate_deletion_2q,0.6,0.689779,0.502406,0.78022,0.473477,0.416107,0.611111,0.094004,0.0097356,,,,
bv_n19_transpiled.qasm,medium,Oracle,19,149,severity,gate_insertion,0.1,0.923175,0.525039,1.0,0.612344,0.518293,0.0,0.069824,0.0115608,,,,
bv_n19_transpiled.qasm,medium,Oracle,19,149,severity,gate_insertion,0.3,0.790864,0.335012,1.0,1.0,0.773196,0.0,0.103488,0.0135368,,,,
bv_n19_transpiled.qasm,medium,Oracle,19,149,severity,gate_insertion,0.6,0.693531,0.319268,1.0,1.0,0.847534,0.0,0.112251,0.0150255,,,,
bv_n19_transpiled.qasm,medium,Oracle,19,149,severity,gate_substitution,0.1,1.0,0.980348,0.0,0.010127,0.080537,0.0,0.0,0.0105403,,,,
bv_n19_transpiled.qasm,medium,Oracle,19,149,severity,gate_substitution,0.3,1.0,0.943827,0.0,0.030102,0.228188,0.0,0.0,0.0104048,,,,
bv_n19_transpiled.qasm,medium,Oracle,19,149,severity,gate_substitution,0.6,1.0,0.890523,0.0,0.05584,0.449664,0.0,0.0,0.0119199,,,,
bv_n19_transpiled.qasm,medium,Oracle,19,149,severity,gate_reorder,0.1,0.999311,0.759512,0.967033,0.211305,0.107383,0.0,0.0,0.0106503,,,,
bv_n19_transpiled.qasm,medium,Oracle,19,149,severity,gate_reorder,0.3,0.988647,0.682763,0.862637,0.364111,0.302013,0.0,0.0,0.0105123,,,,
bv_n19_transpiled.qasm,medium,Oracle,19,149,severity,gate_reorder,0.6,0.988019,0.559473,1.0,0.550116,0.489933,0.0,0.0,0.0106239,,,,
bv_n19_transpiled.qasm,medium,Oracle,19,149,severity,trojan_NOT,0.1,0.912521,0.538944,1.0,0.571363,0.518293,0.0,0.074208,0.0121716,,,,
bv_n19_transpiled.qasm,medium,Oracle,19,149,severity,trojan_NOT,0.3,0.780216,0.32476,1.0,1.0,0.829897,0.0,0.092603,0.0136264,,,,
bv_n19_transpiled.qasm,medium,Oracle,19,149,severity,trojan_NOT,0.6,0.704185,0.321434,1.0,1.0,0.847534,0.0,0.090591,0.01496,,,,
bv_n19_transpiled.qasm,medium,Oracle,19,149,severity,trojan_H,0.1,0.923175,0.508227,1.0,0.614217,0.603659,0.0,0.06065,0.0114477,,,,
bv_n19_transpiled.qasm,medium,Oracle,19,149,severity,trojan_H,0.3,0.812173,0.350134,1.0,0.953231,0.793814,0.0,0.074726,0.0148093,,,,
bv_n19_transpiled.qasm,medium,Oracle,19,149,severity,trojan_H,0.6,0.693531,0.311627,1.0,1.0,0.883408,0.0,0.116911,0.0151324,,,,
bv_n19_transpiled.qasm,medium,Oracle,19,149,severity,qubit_swap,0.1,0.912514,0.709049,0.285714,0.159049,0.091463,0.833333,0.074674,0.011965,,,,
bv_n19_transpiled.qasm,medium,Oracle,19,149,severity,qubit_swap,0.3,0.737581,0.531425,0.565934,0.356969,0.231959,1.0,0.123539,0.0136077,,,,
bv_n19_transpiled.qasm,medium,Oracle,19,149,severity,qubit_swap,0.6,0.56567,0.370729,0.928571,0.60945,0.331839,1.0,0.103097,0.0156655,,,,
cat_state_n22.qasm,medium,State Prep,22,45,severity,gate_deletion_1q,0.1,0.97498,0.930667,0.046875,0.122316,0.066667,0.0,0.061576,0.0032518,,,,
cat_state_n22.qasm,medium,State Prep,22,45,severity,gate_deletion_1q,0.3,0.929275,0.595145,1.0,0.567265,0.222222,0.0,0.118678,0.0032846,,,,
cat_state_n22.qasm,medium,State Prep,22,45,severity,gate_deletion_1q,0.6,0.883032,0.750083,0.21875,0.402211,0.311111,0.0,0.14108,0.0027654,,,,
cat_state_n22.qasm,medium,State Prep,22,45,severity,gate_deletion_2q,0.1,0.785533,0.592298,1.0,0.533172,0.155556,0.142857,0.114091,0.003218,,,,
cat_state_n22.qasm,medium,State Prep,22,45,severity,gate_deletion_2q,0.3,0.648851,0.39713,1.0,0.858798,0.333333,0.333333,0.189576,0.0031034,,,,
cat_state_n22.qasm,medium,State Prep,22,45,severity,gate_deletion_2q,0.6,0.467527,0.235086,1.0,1.0,0.6,0.619048,0.211042,0.0027092,,,,
cat_state_n22.qasm,medium,State Prep,22,45,severity,gate_insertion,0.1,0.933576,0.52383,1.0,0.757997,0.26,0.0,0.088706,0.0037336,,,,
cat_state_n22.qasm,medium,State Prep,22,45,severity,gate_insertion,0.3,0.858271,0.386718,1.0,1.0,0.491525,0.0,0.149767,0.0049199,,,,
cat_state_n22.qasm,medium,State Prep,22,45,severity,gate_insertion,0.6,0.791473,0.342871,1.0,1.0,0.701493,0.0,0.168301,0.004781,,,,
cat_state_n22.qasm,medium,State Prep,22,45,severity,gate_substitution,0.1,1.0,0.995,0.0,0.001586,0.022222,0.0,0.0,0.0035532,,,,
cat_state_n22.qasm,medium,State Prep,22,45,severity,gate_substitution,0.3,1.0,0.995,0.0,0.001586,0.022222,0.0,0.0,0.0035274,,,,
cat_state_n22.qasm,medium,State Prep,22,45,severity,gate_substitution,0.6,1.0,0.995,0.0,0.001586,0.022222,0.0,0.0,0.0034428,,,,
cat_state_n22.qasm,medium,State Prep,22,45,severity,gate_reorder,0.1,0.899205,0.932113,0.1875,0.062811,0.088889,0.0,0.0,0.0035529,,,,
cat_state_n22.qasm,medium,State Prep,22,45,severity,gate_reorder,0.3,0.830837,0.538338,1.0,0.763479,0.222222,0.0,0.0,0.003947,,,,
cat_state_n22.qasm,medium,State Prep,22,45,severity,gate_reorder,0.6,0.79268,0.539982,1.0,0.631796,0.444444,0.0,0.0,0.0035201,,,,
cat_state_n22.qasm,medium,State Prep,22,45,severity,trojan_NOT,0.1,0.933576,0.548109,1.0,0.678629,0.28,0.0,0.083708,0.0037544,,,,
cat_state_n22.qasm,medium,State Prep,22,45,severity,trojan_NOT,0.3,0.858271,0.379939,1.0,1.0,0.525424,0.0,0.149767,0.0049047,,,,
cat_state_n22.qasm,medium,State Prep,22,45,severity,trojan_NOT,0.6,0.791473,0.344507,1.0,1.0,0.686567,0.0,0.181799,0.0047758,,,,
cat_state_n22.qasm,medium,State Prep,22,45,severity,trojan_H,0.1,0.945817,0.565374,1.0,0.627873,0.28,0.0,0.088706,0.0038654,,,,
cat_state_n22.qasm,medium,State Prep,22,45,severity,trojan_H,0.3,0.821548,0.371044,1.0,1.0,0.576271,0.0,0.137021,0.0042887,,,,
cat_state_n22.qasm,medium,State Prep,22,45,severity,trojan_H,0.6,0.791473,0.354125,1.0,1.0,0.656716,0.0,0.145313,0.0048382,,,,
cat_state_n22.qasm,medium,State Prep,22,45,severity,qubit_swap,0.1,0.946091,0.808549,0.21875,0.227553,0.1,0.238095,0.113758,0.0042386,,,,
cat_state_n22.qasm,medium,State Prep,22,45,severity,qubit_swap,0.3,0.846635,0.522941,0.609375,0.550424,0.237288,0.666667,0.122139,0.0045118,,,,
cat_state_n22.qasm,medium,State Prep,22,45,severity,qubit_swap,0.6,0.743409,0.323861,0.875,0.743816,0.328358,1.0,0.188822,0.004918,,,,
cat_state_n22_transpiled.qasm,medium,State Prep,22,47,severity,gate_deletion_1q,0.1,0.964578,0.6704,1.0,0.411239,0.148936,0.0,0.058793,0.0036187,,,,
cat_state_n22_transpiled.qasm,medium,State Prep,22,47,severity,gate_deletion_1q,0.3,0.92448,0.591374,1.0,0.569682,0.234043,0.0,0.124289,0.0031235,,,,
cat_state_n22_transpiled.qasm,medium,State Prep,22,47,severity,gate_deletion_1q,0.6,0.85682,0.459194,1.0,0.814417,0.446809,0.0,0.163984,0.0027242,,,,
cat_state_n22_transpiled.qasm,medium,State Prep,22,47,severity,gate_deletion_2q,0.1,0.786326,0.600048,1.0,0.516777,0.148936,0.142857,0.107215,0.0037845,,,,
cat_state_n22_transpiled.qasm,medium,State Prep,22,47,severity,gate_deletion_2q,0.3,0.666108,0.403555,1.0,0.84758,0.319149,0.333333,0.192959,0.0031849,,,,
cat_state_n22_transpiled.qasm,medium,State Prep,22,47,severity,gate_deletion_2q,0.6,0.481977,0.239788,1.0,1.0,0.574468,0.619048,0.215088,0.0028349,,,,
cat_state_n22_transpiled.qasm,medium,State Prep,22,47,severity,gate_insertion,0.1,0.948387,0.557687,1.0,0.668758,0.25,0.0,0.082477,0.0041304,,,,
cat_state_n22_transpiled.qasm,medium,State Prep,22,47,severity,gate_insertion,0.3,0.868012,0.366708,1.0,1.0,0.596774,0.0,0.139369,0.0045619,,,,
cat_state_n22_transpiled.qasm,medium,State Prep,22,47,severity,gate_insertion,0.6,0.792507,0.345257,1.0,1.0,0.728571,0.0,0.090289,0.0049679,,,,
cat_state_n22_transpiled.qasm,medium,State Prep,22,47,severity,gate_substitution,0.1,1.0,0.995029,0.0,0.002045,0.021277,0.0,0.0,0.0037551,,,,
cat_state_n22_transpiled.qasm,medium,State Prep,22,47,severity,gate_substitution,0.3,1.0,0.994463,0.0,0.003661,0.021277,0.0,0.0,0.0035998,,,,
cat_state_n22_transpiled.qasm,medium,State Prep,22,47,severity,gate_substitution,0.6,1.0,0.989492,0.0,0.005706,0.042553,0.0,0.0,0.0035954,,,,
cat_state_n22_transpiled.qasm,medium,State Prep,22,47,severity,gate_reorder,0.1,0.835854,0.876401,0.393939,0.111359,0.12766,0.0,0.0,0.0037575,,,,
cat_state_n22_transpiled.qasm,medium,State Prep,22,47,severity,gate_reorder,0.3,0.786495,0.475752,1.0,0.813961,0.446809,0.0,0.0,0.0035658,,,,
cat_state_n22_transpiled.qasm,medium,State Prep,22,47,severity,gate_reorder,0.6,0.797711,0.697823,0.742424,0.289862,0.446809,0.0,0.0,0.0036639,,,,
cat_state_n22_transpiled.qasm,medium,State Prep,22,47,severity,trojan_NOT,0.1,0.937058,0.536582,1.0,0.718752,0.269231,0.0,0.080086,0.0039477,,,,
cat_state_n22_transpiled.qasm,medium,State Prep,22,47,severity,trojan_NOT,0.3,0.856683,0.355713,1.0,1.0,0.645161,0.0,0.15255,0.0045513,,,,
cat_state_n22_transpiled.qasm,medium,State Prep,22,47,severity,trojan_NOT,0.6,0.781179,0.354246,1.0,1.0,0.657143,0.0,0.143258,0.0049316,,,,
cat_state_n22_transpiled.qasm,medium,State Prep,22,47,severity,trojan_H,0.1,0.948387,0.543004,1.0,0.687025,0.288462,0.0,0.088453,0.0040169,,,,
cat_state_n22_transpiled.qasm,medium,State Prep,22,47,severity,trojan_H,0.3,0.856683,0.372188,1.0,1.0,0.564516,0.0,0.149092,0.004464,,,,
cat_state_n22_transpiled.qasm,medium,State Prep,22,47,severity,trojan_H,0.6,0.781179,0.330658,1.0,1.0,0.785714,0.0,0.12199,0.0059106,,,,
cat_state_n22_transpiled.qasm,medium,State Prep,22,47,severity,qubit_swap,0.1,0.937314,0.79306,0.242424,0.258747,0.096154,0.238095,0.131654,0.0039213,,,,
cat_state_n22_transpiled.qasm,medium,State Prep,22,47,severity,qubit_swap,0.3,0.834668,0.520511,0.575758,0.532778,0.241935,0.714286,0.154093,0.0046635,,,,
cat_state_n22_transpiled.qasm,medium,State Prep,22,47,severity,qubit_swap,0.6,0.736698,0.306098,0.863636,0.800804,0.328571,1.0,0.183604,0.0050887,,,,
cc_n12.qasm,medium,Other,12,61,severity,gate_deletion_1q,0.1,0.951539,0.495081,1.0,0.835087,0.278689,0.0,0.069006,0.0303786,0.898021,0.101979,0.2344674,0.918945
cc_n12.qasm,medium,Other,12,61,severity,gate_deletion_1q,0.3,0.8381,0.413766,1.0,0.907895,0.52459,0.0,0.135526,0.0244114,0.983808,0.016192,0.2598306,0.989258
cc_n12.qasm,medium,Other,12,61,severity,gate_deletion_1q,0.6,0.690348,0.360664,1.0,0.943962,0.688525,0.0,0.21244,0.0170991,0.994247,0.005753,0.2594446,0.99707
cc_n12.qasm,medium,Other,12,61,severity,gate_deletion_2q,0.1,0.923504,0.650383,0.87619,0.445661,0.114754,0.166667,0.059225,0.0325105,0.721603,0.278397,0.266006,0.537109
cc_n12.qasm,medium,Other,12,61,severity,gate_deletion_2q,0.3,0.847005,0.446263,1.0,0.813623,0.213115,0.333333,0.096794,0.0323235,0.707198,0.292802,0.2628754,0.518555
cc_n12.qasm,medium,Other,12,61,severity,gate_deletion_2q,0.6,0.693997,0.297926,1.0,0.925053,0.409836,0.666667,0.130047,0.0309793,0.711629,0.288371,0.2654164,0.520508
cc_n12.qasm,medium,Other,12,61,severity,gate_insertion,0.1,0.94588,0.427959,1.0,0.990913,0.338235,0.0,0.075748,0.0339264,1.0,0.0,0.2731477,1.0
cc_n12.qasm,medium,Other,12,61,severity,gate_insertion,0.3,0.866419,0.362018,1.0,1.0,0.625,0.0,0.129825,0.0359397,1.0,0.0,0.2678913,1.0
cc_n12.qasm,medium,Other,12,61,severity,gate_insertion,0.6,0.785896,0.344495,1.0,1.0,0.736264,0.0,0.082526,0.0403062,1.0,0.0,0.266726,1.0
cc_n12.qasm,medium,Other,12,61,severity,gate_substitution,0.1,1.0,0.992229,0.0,0.003468,0.032787,0.0,0.0,0.0326711,0.740669,0.259331,0.2592506,0.748047
cc_n12.qasm,medium,Other,12,61,severity,gate_substitution,0.3,1.0,0.984458,0.0,0.006936,0.065574,0.0,0.0,0.033017,0.909,0.091,0.2637329,0.935547
cc_n12.qasm,medium,Other,12,61,severity,gate_substitution,0.6,1.0,0.972801,0.0,0.012137,0.114754,0.0,0.0,0.0335077,0.981933,0.018067,0.2868189,0.991211
cc_n12.qasm,medium,Other,12,61,severity,gate_reorder,0.1,0.989438,0.694294,1.0,0.369932,0.131148,0.0,0.0,0.0387992,0.9512,0.0488,0.302197,0.951172
cc_n12.qasm,medium,Other,12,61,severity,gate_reorder,0.3,0.973837,0.616125,1.0,0.508963,0.278689,0.0,0.0,0.0413953,1.0,0.0,0.2894874,1.0
cc_n12.qasm,medium,Other,12,61,severity,gate_reorder,0.6,0.995603,0.501867,1.0,0.685532,0.540984,0.0,0.0,0.0391813,0.997946,0.002054,0.2973,0.999023
cc_n12.qasm,medium,Other,12,61,severity,trojan_NOT,0.1,0.94588,0.42982,1.0,0.985595,0.338235,0.0,0.075748,0.0374439,1.0,0.0,0.2861926,1.0
cc_n12.qasm,medium,Other,12,61,severity,trojan_NOT,0.3,0.866388,0.372018,1.0,1.0,0.575,0.0,0.129825,0.0412838,1.0,0.0,0.2805266,1.0
cc_n12.qasm,medium,Other,12,61,severity,trojan_NOT,0.6,0.770663,0.337076,1.0,1.0,0.747253,0.0,0.134737,0.0369693,1.0,0.0,0.2694948,1.0
cc_n12.qasm,medium,Other,12,61,severity,trojan_H,0.1,0.953538,0.42328,1.0,0.996054,0.352941,0.0,0.075129,0.0348762,0.958387,0.041613,0.2764434,0.975586
cc_n12.qasm,medium,Other,12,61,severity,trojan_H,0.3,0.849825,0.363816,1.0,1.0,0.6125,0.0,0.136842,0.0382923,0.977324,0.022676,0.301583,0.986328
cc_n12.qasm,medium,Other,12,61,severity,trojan_H,0.6,0.785978,0.357942,1.0,1.0,0.659341,0.0,0.101895,0.0422138,0.951881,0.048119,0.3071361,0.963867
cc_n12.qasm,medium,Other,12,61,severity,qubit_swap,0.1,0.930822,0.771331,0.228571,0.142751,0.102941,0.583333,0.071656,0.0370677,0.868971,0.131029,0.2776244,0.763672
cc_n12.qasm,medium,Other,12,61,severity,qubit_swap,0.3,0.797999,0.555499,0.371429,0.365008,0.2375,1.0,0.135338,0.0379912,0.866597,0.133403,0.2746916,0.763672
cc_n12.qasm,medium,Other,12,61,severity,qubit_swap,0.6,0.694799,0.402848,0.657143,0.616779,0.32967,1.0,0.167742,0.039535,0.712764,0.287236,0.275841,0.519531
cc_n12_transpiled.qasm,medium,Other,12,129,severity,gate_deletion_1q,0.1,0.932799,0.544549,0.924855,0.667809,0.379845,0.0,0.070207,0.0671062,0.861113,0.138887,0.3283776,0.887695
cc_n12_transpiled.qasm,medium,Other,12,129,severity,gate_deletion_1q,0.3,0.800982,0.40262,0.99422,0.911782,0.612403,0.0,0.06643,0.054814,1.0,0.0,0.3107315,1.0
cc_n12_transpiled.qasm,medium,Other,12,129,severity,gate_deletion_1q,0.6,0.66072,0.311459,1.0,1.0,0.868217,0.0,0.148974,0.0462664,0.972699,0.027301,0.2577481,0.981445
cc_n12_transpiled.qasm,medium,Other,12,129,severity,gate_deletion_2q,0.1,0.939683,0.755141,0.716763,0.255761,0.054264,0.166667,0.036424,0.0728074,0.714697,0.285303,0.3504231,0.533203
cc_n12_transpiled.qasm,medium,Other,12,129,severity,gate_deletion_2q,0.3,0.90274,0.634115,0.757225,0.460764,0.093023,0.333333,0.057629,0.0714767,0.868559,0.131441,0.4124924,0.754883
cc_n12_transpiled.qasm,medium,Other,12,129,severity,gate_deletion_2q,0.6,0.782103,0.481159,0.757225,0.646765,0.186047,0.666667,0.083469,0.0742076,0.866327,0.133673,0.3508802,0.753906
cc_n12_transpiled.qasm,medium,Other,12,129,severity,gate_insertion,0.1,0.957782,0.500562,1.0,0.752364,0.408451,0.0,0.0442,0.0737815,1.0,0.0,0.3495474,1.0
cc_n12_transpiled.qasm,medium,Other,12,129,severity,gate_insertion,0.3,0.866299,0.364965,1.0,1.0,0.619048,0.0,0.112252,0.0835778,1.0,0.0,0.3459938,1.0
cc_n12_transpiled.qasm,medium,Other,12,129,severity,gate_insertion,0.6,0.760488,0.340252,1.0,1.0,0.740933,0.0,0.115618,0.0889182,1.0,0.0,0.345659,1.0
cc_n12_transpiled.qasm,medium,Other,12,129,severity,gate_substitution,0.1,1.0,0.991701,0.0,0.005993,0.031008,0.0,0.0,0.0773012,0.572091,0.427909,0.3423619,0.515625
cc_n12_transpiled.qasm,medium,Other,12,129,severity,gate_substitution,0.3,1.0,0.978734,0.0,0.016464,0.077519,0.0,0.0,0.0779942,0.909744,0.090256,0.3527763,0.936523
cc_n12_transpiled.qasm,medium,Other,12,129,severity,gate_substitution,0.6,1.0,0.957467,0.0,0.032929,0.155039,0.0,0.0,0.0795307,0.993549,0.006451,0.3556353,0.99707
cc_n12_transpiled.qasm,medium,Other,12,129,severity,gate_reorder,0.1,0.985122,0.752896,0.774566,0.294319,0.139535,0.0,0.0,0.0790214,0.983778,0.016222,0.3477129,0.989258
cc_n12_transpiled.qasm,medium,Other,12,129,severity,gate_reorder,0.3,0.991137,0.578359,1.0,0.59893,0.310078,0.0,0.0,0.0895635,1.0,0.0,0.358988,1.0
cc_n12_transpiled.qasm,medium,Other,12,129,severity,gate_reorder,0.6,0.984024,0.489356,1.0,0.777921,0.44186,0.0,0.0,0.090153,1.0,0.0,0.3527932,1.0
cc_n12_transpiled.qasm,medium,Other,12,129,severity,trojan_NOT,0.1,0.947213,0.496785,1.0,0.745368,0.422535,0.0,0.078291,0.0776221,1.0,0.0,0.3476929,1.0
cc_n12_transpiled.qasm,medium,Other,12,129,severity,trojan_NOT,0.3,0.862772,0.364346,1.0,1.0,0.630952,0.0,0.094636,0.082336,1.0,0.0,0.3496949,1.0
cc_n12_transpiled.qasm,medium,Other,12,129,severity,trojan_NOT,0.6,0.774592,0.330301,1.0,1.0,0.797927,0.0,0.101132,0.0860106,1.0,0.0,0.3482426,1.0
cc_n12_transpiled.qasm,medium,Other,12,129,severity,trojan_H,0.1,0.957782,0.576613,0.959538,0.626647,0.267606,0.0,0.06609,0.0788553,0.917608,0.082392,0.3744081,0.943359
cc_n12_transpiled.qasm,medium,Other,12,129,severity,trojan_H,0.3,0.862772,0.355922,1.0,1.0,0.678571,0.0,0.083642,0.0787561,1.0,0.0,0.407679,1.0
cc_n12_transpiled.qasm,medium,Other,12,129,severity,trojan_H,0.6,0.774592,0.331338,1.0,1.0,0.792746,0.0,0.101132,0.0806155,1.0,0.0,0.3963251,1.0
cc_n12_transpiled.qasm,medium,Other,12,129,severity,qubit_swap,0.1,0.940149,0.685246,0.231214,0.156281,0.091549,1.0,0.070633,0.0800986,0.858248,0.141752,0.3664727,0.746094
cc_n12_transpiled.qasm,medium,Other,12,129,severity,qubit_swap,0.3,0.824018,0.518875,0.531792,0.412074,0.232143,1.0,0.107018,0.0868359,0.70935,0.29065,0.3517777,0.515625
cc_n12_transpiled.qasm,medium,Other,12,129,severity,qubit_swap,0.6,0.700581,0.377852,0.745665,0.659852,0.331606,1.0,0.130289,0.0906535,0.862642,0.137358,0.3485091,0.746094
ghz_state_n23.qasm,medium,State Prep,23,47,severity,gate_deletion_1q,0.1,0.976045,0.913551,0.044776,0.174423,0.06383,0.0,0.059191,0.0039679,,,,
ghz_state_n23.qasm,medium,State Prep,23,47,severity,gate_deletion_1q,0.3,0.936081,0.80899,0.119403,0.361595,0.170213,0.0,0.124983,0.0033848,,,,
ghz_state_n23.qasm,medium,State Prep,23,47,severity,gate_deletion_1q,0.6,0.88001,0.739199,0.223881,0.428406,0.319149,0.0,0.134471,0.0029224,,,,
ghz_state_n23.qasm,medium,State Prep,23,47,severity,gate_deletion_2q,0.1,0.818099,0.611408,1.0,0.487193,0.148936,0.136364,0.110149,0.0036913,,,,
ghz_state_n23.qasm,medium,State Prep,23,47,severity,gate_deletion_2q,0.3,0.637645,0.409524,1.0,0.845219,0.319149,0.318182,0.171828,0.0032525,,,,
ghz_state_n23.qasm,medium,State Prep,23,47,severity,gate_deletion_2q,0.6,0.482694,0.229543,1.0,1.0,0.617021,0.636364,0.197802,0.0027612,,,,
ghz_state_n23.qasm,medium,State Prep,23,47,severity,gate_insertion,0.1,0.93639,0.605174,1.0,0.553767,0.211538,0.0,0.086996,0.0041195,,,,
ghz_state_n23.qasm,medium,State Prep,23,47,severity,gate_insertion,0.3,0.844563,0.366454,1.0,1.0,0.580645,0.0,0.174165,0.0046716,,,,
ghz_state_n23.qasm,medium,State Prep,23,47,severity,gate_insertion,0.6,0.780615,0.365618,1.0,1.0,0.6,0.0,0.143821,0.0056999,,,,
ghz_state_n23.qasm,medium,State Prep,23,47,severity,gate_substitution,0.1,1.0,0.995231,0.0,0.001468,0.021277,0.0,0.0,0.0042742,,,,
ghz_state_n23.qasm,medium,State Prep,23,47,severity,gate_substitution,0.3,1.0,0.995231,0.0,0.001468,0.021277,0.0,0.0,0.0037083,,,,
ghz_state_n23.qasm,medium,State Prep,23,47,severity,gate_substitution,0.6,1.0,0.995231,0.0,0.001468,0.021277,0.0,0.0,0.00358,,,,
ghz_state_n23.qasm,medium,State Prep,23,47,severity,gate_reorder,0.1,0.819932,0.87478,0.343284,0.137702,0.12766,0.0,0.0,0.0045413,,,,
ghz_state_n23.qasm,medium,State Prep,23,47,severity,gate_reorder,0.3,0.777892,0.710047,0.686567,0.339665,0.340426,0.0,0.0,0.0036066,,,,
ghz_state_n23.qasm,medium,State Prep,23,47,severity,gate_reorder,0.6,0.790992,0.540696,1.0,0.713513,0.297872,0.0,0.0,0.0036176,,,,
ghz_state_n23.qasm,medium,State Prep,23,47,severity,trojan_NOT,0.1,0.948121,0.580636,1.0,0.591235,0.269231,0.0,0.085852,0.004169,,,,
ghz_state_n23.qasm,medium,State Prep,23,47,severity,trojan_NOT,0.3,0.856294,0.367272,1.0,1.0,0.596774,0.0,0.133734,0.0045413,,,,
ghz_state_n23.qasm,medium,State Prep,23,47,severity,trojan_NOT,0.6,0.780615,0.336858,1.0,1.0,0.728571,0.0,0.174282,0.0057736,,,,
ghz_state_n23.qasm,medium,State Prep,23,47,severity,trojan_H,0.1,0.93639,0.561814,1.0,0.643704,0.269231,0.0,0.09043,0.0039563,,,,
ghz_state_n23.qasm,medium,State Prep,23,47,severity,trojan_H,0.3,0.856294,0.367272,1.0,1.0,0.596774,0.0,0.133734,0.0045989,,,,
ghz_state_n23.qasm,medium,State Prep,23,47,severity,trojan_H,0.6,0.792346,0.360999,1.0,1.0,0.642857,0.0,0.104299,0.0049745,,,,
ghz_state_n23.qasm,medium,State Prep,23,47,severity,qubit_swap,0.1,0.936643,0.819174,0.208955,0.208083,0.096154,0.227273,0.119682,0.0039422,,,,
ghz_state_n23.qasm,medium,State Prep,23,47,severity,qubit_swap,0.3,0.798277,0.531647,0.567164,0.514598,0.241935,0.681818,0.184179,0.0046403,,,,
ghz_state_n23.qasm,medium,State Prep,23,47,severity,qubit_swap,0.6,0.757942,0.329795,0.835821,0.750221,0.328571,1.0,0.165397,0.0050498,,,,
ghz_state_n23_transpiled.qasm,medium,State Prep,23,49,severity,gate_deletion_1q,0.1,0.966006,0.683579,1.0,0.377677,0.142857,0.0,0.056631,0.003694,,,,
ghz_state_n23_transpiled.qasm,medium,State Prep,23,49,severity,gate_deletion_1q,0.3,0.938506,0.824877,0.115942,0.322092,0.163265,0.0,0.123466,0.0033421,,,,
ghz_state_n23_transpiled.qasm,medium,State Prep,23,49,severity,gate_deletion_1q,0.6,0.85494,0.465403,1.0,0.802709,0.44898,0.0,0.138528,0.0027962,,,,
ghz_state_n23_transpiled.qasm,medium,State Prep,23,49,severity,gate_deletion_2q,0.1,0.773134,0.607198,1.0,0.505773,0.142857,0.136364,0.09937,0.003588,,,,
ghz_state_n23_transpiled.qasm,medium,State Prep,23,49,severity,gate_deletion_2q,0.3,0.644419,0.420537,1.0,0.821292,0.306122,0.318182,0.171499,0.0034229,,,,
ghz_state_n23_transpiled.qasm,medium,State Prep,23,49,severity,gate_deletion_2q,0.6,0.491485,0.232325,1.0,1.0,0.591837,0.636364,0.220347,0.0027937,,,,
ghz_state_n23_transpiled.qasm,medium,State Prep,23,49,severity,gate_insertion,0.1,0.928703,0.584588,1.0,0.607825,0.222222,0.0,0.082291,0.0040304,,,,
ghz_state_n23_transpiled.qasm,medium,State Prep,23,49,severity,gate_insertion,0.3,0.840733,0.393545,1.0,1.0,0.453125,0.0,0.158303,0.0047921,,,,
ghz_state_n23_transpiled.qasm,medium,State Prep,23,49,severity,gate_insertion,0.6,0.782384,0.350369,1.0,1.0,0.671233,0.0,0.153846,0.0051855,,,,
ghz_state_n23_transpiled.qasm,medium,State Prep,23,49,severity,gate_substitution,0.1,1.0,0.994731,0.0,0.003391,0.020408,0.0,0.0,0.004021,,,,
ghz_state_n23_transpiled.qasm,medium,State Prep,23,49,severity,gate_substitution,0.3,1.0,0.994731,0.0,0.003391,0.020408,0.0,0.0,0.003758,,,,
ghz_state_n23_transpiled.qasm,medium,State Prep,23,49,severity,gate_substitution,0.6,1.0,0.989987,0.0,0.005286,0.040816,0.0,0.0,0.0038621,,,,
ghz_state_n23_transpiled.qasm,medium,State Prep,23,49,severity,gate_reorder,0.1,0.910227,0.891509,0.231884,0.16395,0.081633,0.0,0.0,0.0037635,,,,
ghz_state_n23_transpiled.qasm,medium,State Prep,23,49,severity,gate_reorder,0.3,0.808238,0.832997,0.478261,0.155563,0.204082,0.0,0.0,0.0038423,,,,
ghz_state_n23_transpiled.qasm,medium,State Prep,23,49,severity,gate_reorder,0.6,0.808238,0.771337,0.507246,0.272665,0.285714,0.0,0.0,0.0037203,,,,
ghz_state_n23_transpiled.qasm,medium,State Prep,23,49,severity,trojan_NOT,0.1,0.939593,0.567561,1.0,0.636564,0.259259,0.0,0.077902,0.0042012,,,,
ghz_state_n23_transpiled.qasm,medium,State Prep,23,49,severity,trojan_NOT,0.3,0.873403,0.379413,1.0,1.0,0.53125,0.0,0.143369,0.0046378,,,,
ghz_state_n23_transpiled.qasm,medium,State Prep,23,49,severity,trojan_NOT,0.6,0.771494,0.349045,1.0,1.0,0.671233,0.0,0.16708,0.0052244,,,,
ghz_state_n23_transpiled.qasm,medium,State Prep,23,49,severity,trojan_H,0.1,0.950483,0.582193,1.0,0.614041,0.222222,0.0,0.084485,0.0040565,,,,
ghz_state_n23_transpiled.qasm,medium,State Prep,23,49,severity,trojan_H,0.3,0.862513,0.38001,1.0,1.0,0.53125,0.0,0.137395,0.0046947,,,,
ghz_state_n23_transpiled.qasm,medium,State Prep,23,49,severity,trojan_H,0.6,0.771494,0.351344,1.0,1.0,0.657534,0.0,0.171492,0.0052741,,,,
ghz_state_n23_transpiled.qasm,medium,State Prep,23,49,severity,qubit_swap,0.1,0.939782,0.827444,0.188406,0.19012,0.092593,0.227273,0.137801,0.0042039,,,,
ghz_state_n23_transpiled.qasm,medium,State Prep,23,49,severity,qubit_swap,0.3,0.819551,0.533866,0.550725,0.523841,0.234375,0.681818,0.16942,0.0047894,,,,
ghz_state_n23_transpiled.qasm,medium,State Prep,23,49,severity,qubit_swap,0.6,0.739662,0.29841,0.927536,0.793347,0.328767,1.0,0.190345,0.0054294,,,,
ising_n26.qasm,medium,Simulation,26,307,severity,gate_deletion_1q,0.1,0.961125,0.638858,0.97191,0.354811,0.433225,0.0,0.045267,0.0199431,,,,
ising_n26.qasm,medium,Simulation,26,307,severity,gate_deletion_1q,0.3,0.884848,0.496283,0.980337,0.641335,0.615635,0.0,0.090722,0.0166964,,,,
ising_n26.qasm,medium,Simulation,26,307,severity,gate_deletion_1q,0.6,0.706945,0.338296,1.0,0.965002,0.80456,0.0,0.13041,0.0119616,,,,
ising_n26.qasm,medium,Simulation,26,307,severity,gate_deletion_2q,0.1,0.965813,0.664308,0.808989,0.236234,0.540717,0.1,0.035185,0.0222891,,,,
ising_n26.qasm,medium,Simulation,26,307,severity,gate_deletion_2q,0.3,0.897437,0.536787,0.898876,0.374973,0.661238,0.3,0.048935,0.0202666,,,,
ising_n26.qasm,medium,Simulation,26,307,severity,gate_deletion_2q,0.6,0.76294,0.534873,0.831461,0.379265,0.410423,0.6,0.055803,0.0193322,,,,
ising_n26.qasm,medium,Simulation,26,307,severity,gate_insertion,0.1,0.857845,0.597081,0.963483,0.396067,0.571006,0.0,0.055715,0.0242072,,,,
ising_n26.qasm,medium,Simulation,26,307,severity,gate_insertion,0.3,0.7332,0.41582,1.0,0.831705,0.68,0.0,0.070829,0.0301857,,,,
ising_n26.qasm,medium,Simulation,26,307,severity,gate_insertion,0.6,0.563659,0.334824,1.0,1.0,0.782609,0.0,0.086539,0.0331098,,,,
ising_n26.qasm,medium,Simulation,26,307,severity,gate_substitution,0.1,1.0,0.982472,0.0,0.007269,0.074919,0.0,0.0,0.021277,,,,
ising_n26.qasm,medium,Simulation,26,307,severity,gate_substitution,0.3,1.0,0.947508,0.0,0.021545,0.224756,0.0,0.0,0.0212102,,,,
ising_n26.qasm,medium,Simulation,26,307,severity,gate_substitution,0.6,1.0,0.894901,0.0,0.04342,0.449511,0.0,0.0,0.0223128,,,,
ising_n26.qasm,medium,Simulation,26,307,severity,gate_reorder,0.1,0.9521,0.820321,0.724719,0.146934,0.09772,0.0,0.0,0.0216399,,,,
ising_n26.qasm,medium,Simulation,26,307,severity,gate_reorder,0.3,0.87124,0.586568,1.0,0.577698,0.306189,0.0,0.0,0.0217791,,,,
ising_n26.qasm,medium,Simulation,26,307,severity,gate_reorder,0.6,0.885155,0.526884,0.983146,0.658656,0.47557,0.0,0.0,0.022001,,,,
ising_n26.qasm,medium,Simulation,26,307,severity,trojan_NOT,0.1,0.889776,0.587663,0.985955,0.399861,0.594675,0.0,0.055576,0.0248155,,,,
ising_n26.qasm,medium,Simulation,26,307,severity,trojan_NOT,0.3,0.749165,0.422737,1.0,0.789505,0.72,0.0,0.069363,0.0294498,,,,
ising_n26.qasm,medium,Simulation,26,307,severity,trojan_NOT,0.6,0.547694,0.332295,1.0,1.0,0.782609,0.0,0.111836,0.0330163,,,,
ising_n26.qasm,medium,Simulation,26,307,severity,trojan_H,0.1,0.87381,0.599798,0.946629,0.381836,0.588757,0.0,0.068139,0.0233609,,,,
ising_n26.qasm,medium,Simulation,26,307,severity,trojan_H,0.3,0.7332,0.418432,1.0,0.824361,0.67,0.0,0.090416,0.030325,,,,
ising_n26.qasm,medium,Simulation,26,307,severity,trojan_H,0.6,0.59559,0.342723,1.0,1.0,0.741304,0.0,0.09016,0.0328485,,,,
ising_n26.qasm,medium,Simulation,26,307,severity,qubit_swap,0.1,0.841859,0.765765,0.207865,0.150749,0.091716,0.62,0.079501,0.0240621,,,,
ising_n26.qasm,medium,Simulation,26,307,severity,qubit_swap,0.3,0.573493,0.524383,0.567416,0.384116,0.2325,1.0,0.095642,0.1033639,,,,
ising_n26.qasm,medium,Simulation,26,307,severity,qubit_swap,0.6,0.212349,0.366946,0.896067,0.630657,0.332609,1.0,0.11392,0.0343838,,,,
ising_n26_transpiled.qasm,medium,Simulation,26,204,severity,gate_deletion_1q,0.1,0.96476,0.587896,0.962656,0.401958,0.607843,0.0,0.054513,0.0133955,,,,
ising_n26_transpiled.qasm,medium,Simulation,26,204,severity,gate_deletion_1q,0.3,0.898637,0.502929,1.0,0.582129,0.666667,0.0,0.099928,0.0116704,,,,
ising_n26_transpiled.qasm,medium,Simulation,26,204,severity,gate_deletion_1q,0.6,0.774047,0.360061,1.0,0.901999,0.803922,0.0,0.134552,0.0086495,,,,
ising_n26_transpiled.qasm,medium,Simulation,26,204,severity,gate_deletion_2q,0.1,0.961044,0.665981,0.908714,0.259875,0.406863,0.1,0.05383,0.0144392,,,,
ising_n26_transpiled.qasm,medium,Simulation,26,204,severity,gate_deletion_2q,0.3,0.882162,0.515378,1.0,0.43684,0.573529,0.3,0.070216,0.0133875,,,,
ising_n26_transpiled.qasm,medium,Simulation,26,204,severity,gate_deletion_2q,0.6,0.741101,0.418043,0.995851,0.47419,0.686275,0.6,0.093583,0.0126733,,,,
ising_n26_transpiled.qasm,medium,Simulation,26,204,severity,gate_insertion,0.1,0.857946,0.555568,1.0,0.477344,0.604444,0.0,0.064731,0.0175988,,,,
ising_n26_transpiled.qasm,medium,Simulation,26,204,severity,gate_insertion,0.3,0.673275,0.429298,1.0,0.743413,0.74812,0.0,0.10883,0.0187695,,,,
ising_n26_transpiled.qasm,medium,Simulation,26,204,severity,gate_insertion,0.6,0.491797,0.321872,1.0,1.0,0.839869,0.0,0.101544,0.0220636,,,,
ising_n26_transpiled.qasm,medium,Simulation,26,204,severity,gate_substitution,0.1,1.0,0.984945,0.0,0.0066,0.063725,0.0,0.0,0.0145396,,,,
ising_n26_transpiled.qasm,medium,Simulation,26,204,severity,gate_substitution,0.3,1.0,0.954832,0.0,0.019806,0.191176,0.0,0.0,0.0142213,,,,
ising_n26_transpiled.qasm,medium,Simulation,26,204,severity,gate_substitution,0.6,1.0,0.910538,0.0,0.039921,0.377451,0.0,0.0,0.0139396,,,,
ising_n26_transpiled.qasm,medium,Simulation,26,204,severity,gate_reorder,0.1,0.694275,0.662432,1.0,0.46308,0.127451,0.0,0.0,0.0159001,,,,
ising_n26_transpiled.qasm,medium,Simulation,26,204,severity,gate_reorder,0.3,0.670073,0.648284,0.954357,0.422222,0.303922,0.0,0.0,0.0147722,,,,
ising_n26_transpiled.qasm,medium,Simulation,26,204,severity,gate_reorder,0.6,0.85628,0.532702,1.0,0.637657,0.470588,0.0,0.0,0.0144689,,,,
ising_n26_transpiled.qasm,medium,Simulation,26,204,severity,trojan_NOT,0.1,0.858914,0.556074,1.0,0.488779,0.586667,0.0,0.055197,0.0160329,,,,
ising_n26_transpiled.qasm,medium,Simulation,26,204,severity,trojan_NOT,0.3,0.627329,0.406386,1.0,0.796047,0.789474,0.0,0.071033,0.0182193,,,,
ising_n26_transpiled.qasm,medium,Simulation,26,204,severity,trojan_NOT,0.6,0.537742,0.317668,1.0,1.0,0.859477,0.0,0.104366,0.0225828,,,,
ising_n26_transpiled.qasm,medium,Simulation,26,204,severity,trojan_H,0.1,0.85843,0.538619,1.0,0.470081,0.706667,0.0,0.055197,0.0166298,,,,
ising_n26_transpiled.qasm,medium,Simulation,26,204,severity,trojan_H,0.3,0.696006,0.4129,1.0,0.791942,0.74812,0.0,0.102965,0.0186831,,,,
ising_n26_transpiled.qasm,medium,Simulation,26,204,severity,trojan_H,0.6,0.468581,0.328001,1.0,1.0,0.79085,0.0,0.138289,0.0209384,,,,
ising_n26_transpiled.qasm,medium,Simulation,26,204,severity,qubit_swap,0.1,0.837626,0.79317,0.236515,0.178636,0.093333,0.42,0.061635,0.0158554,,,,
ising_n26_transpiled.qasm,medium,Simulation,26,204,severity,qubit_swap,0.3,0.538325,0.525237,0.543568,0.394626,0.233083,1.0,0.084919,0.0187525,,,,
ising_n26_transpiled.qasm,medium,Simulation,26,204,severity,qubit_swap,0.6,0.241245,0.379542,0.892116,0.597024,0.333333,1.0,0.110154,0.0227952,,,,
knn_n25.qasm,medium,Other,25,39,severity,gate_deletion_1q,0.1,0.965843,0.514184,1.0,0.801755,0.230769,0.0,0.090476,0.0028389,,,,
knn_n25.qasm,medium,Other,25,39,severity,gate_deletion_1q,0.3,0.859313,0.430637,1.0,0.909327,0.410256,0.0,0.190476,0.0023482,,,,
knn_n25.qasm,medium,Other,25,39,severity,gate_deletion_1q,0.6,0.786612,0.343469,1.0,0.901526,0.794872,0.0,0.320221,0.0020462,,,,
knn_n25.qasm,medium,Other,25,39,severity,gate_deletion_2q,0.1,1.0,1.0,0.0,0.0,0.0,0.0,0.0,0.0030693,,,,
knn_n25.qasm,medium,Other,25,39,severity,gate_deletion_2q,0.3,1.0,1.0,0.0,0.0,0.0,0.0,0.0,0.0029262,,,,
knn_n25.qasm,medium,Other,25,39,severity,gate_deletion_2q,0.6,1.0,1.0,0.0,0.0,0.0,0.0,0.0,0.002922,,,,
knn_n25.qasm,medium,Other,25,39,severity,gate_insertion,0.1,0.954514,0.584499,1.0,0.554952,0.302326,0.0,0.108031,0.0033062,,,,
knn_n25.qasm,medium,Other,25,39,severity,gate_insertion,0.3,0.844567,0.356238,1.0,0.975696,0.647059,0.0,0.228571,0.0037186,,,,
knn_n25.qasm,medium,Other,25,39,severity,gate_insertion,0.6,0.765187,0.330901,1.0,1.0,0.706897,0.0,0.277197,0.0041498,,,,
knn_n25.qasm,medium,Other,25,39,severity,gate_substitution,0.1,1.0,0.981336,0.0,0.009371,0.076923,0.0,0.0,0.0032016,,,,
knn_n25.qasm,medium,Other,25,39,severity,gate_substitution,0.3,1.0,0.950133,0.0,0.025262,0.205128,0.0,0.0,0.0029256,,,,
knn_n25.qasm,medium,Other,25,39,severity,gate_substitution,0.6,1.0,0.900512,0.0,0.049818,0.410256,0.0,0.0,0.0029906,,,,
knn_n25.qasm,medium,Other,25,39,severity,gate_reorder,0.1,1.0,0.716185,1.0,0.323721,0.102564,0.0,0.0,0.0029032,,,,
knn_n25.qasm,medium,Other,25,39,severity,gate_reorder,0.3,1.0,0.573985,1.0,0.627444,0.282051,0.0,0.0,0.0028977,,,,
knn_n25.qasm,medium,Other,25,39,severity,gate_reorder,0.6,1.0,0.505284,1.0,0.706516,0.487179,0.0,0.0,0.0030238,,,,
knn_n25.qasm,medium,Other,25,39,severity,trojan_NOT,0.1,0.935403,0.662104,0.894737,0.352841,0.348837,0.0,0.104241,0.0031898,,,,
knn_n25.qasm,medium,Other,25,39,severity,trojan_NOT,0.3,0.863678,0.437653,1.0,0.776695,0.588235,0.0,0.228571,0.0037258,,,,
knn_n25.qasm,medium,Other,25,39,severity,trojan_NOT,0.6,0.746076,0.336324,1.0,1.0,0.689655,0.0,0.257453,0.0040622,,,,
knn_n25.qasm,medium,Other,25,39,severity,trojan_H,0.1,0.954514,0.529749,1.0,0.751247,0.232558,0.0,0.108031,0.0031761,,,,
knn_n25.qasm,medium,Other,25,39,severity,trojan_H,0.3,0.844567,0.364433,1.0,1.0,0.568627,0.0,0.218413,0.0044002,,,,
knn_n25.qasm,medium,Other,25,39,severity,trojan_H,0.6,0.746076,0.349108,1.0,1.0,0.637931,0.0,0.233062,0.0040557,,,,
knn_n25.qasm,medium,Other,25,39,severity,qubit_swap,0.1,0.935531,0.456612,1.0,0.447258,0.093023,1.0,0.182428,0.0033039,,,,
knn_n25.qasm,medium,Other,25,39,severity,qubit_swap,0.3,0.787559,0.344653,1.0,0.686671,0.235294,1.0,0.179529,0.003727,,,,
knn_n25.qasm,medium,Other,25,39,severity,qubit_swap,0.6,0.765639,0.2313,1.0,0.926922,0.327586,1.0,0.2876,0.0044361,,,,
knn_n25_transpiled.qasm,medium,Other,25,343,severity,gate_deletion_1q,0.1,0.952548,0.523226,0.891304,0.607934,0.632653,0.0,0.037712,0.0251893,,,,
knn_n25_transpiled.qasm,medium,Other,25,343,severity,gate_deletion_1q,0.3,0.875492,0.449613,0.939614,0.729696,0.725948,0.0,0.088613,0.0198583,,,,
knn_n25_transpiled.qasm,medium,Other,25,343,severity,gate_deletion_1q,0.6,0.747137,0.374978,0.975845,0.881743,0.798834,0.0,0.102679,0.0156609,,,,
knn_n25_transpiled.qasm,medium,Other,25,343,severity,gate_deletion_2q,0.1,0.940452,0.613071,0.676329,0.465924,0.48688,0.104167,0.04197,0.0241158,,,,
knn_n25_transpiled.qasm,medium,Other,25,343,severity,gate_deletion_2q,0.3,0.815318,0.503281,0.768116,0.577996,0.55102,0.302083,0.085819,0.0225335,,,,
knn_n25_transpiled.qasm,medium,Other,25,343,severity,gate_deletion_2q,0.6,0.605115,0.434052,0.768116,0.587034,0.556851,0.604167,0.130652,0.0216784,,,,
knn_n25_transpiled.qasm,medium,Other,25,343,severity,gate_insertion,0.1,0.952448,0.512172,0.871981,0.630389,0.645503,0.0,0.072941,0.0283531,,,,
knn_n25_transpiled.qasm,medium,Other,25,343,severity,gate_insertion,0.3,0.854823,0.3491,1.0,0.963218,0.769058,0.0,0.099623,0.0334587,,,,
knn_n25_transpiled.qasm,medium,Other,25,343,severity,gate_insertion,0.6,0.744452,0.327482,1.0,1.0,0.805447,0.0,0.114284,0.0387554,,,,
knn_n25_transpiled.qasm,medium,Other,25,343,severity,gate_substitution,0.1,1.0,0.982592,0.0,0.008088,0.072886,0.0,0.0,0.0246049,,,,
knn_n25_transpiled.qasm,medium,Other,25,343,severity,gate_substitution,0.3,1.0,0.94893,0.0,0.022633,0.215743,0.0,0.0,0.0246399,,,,
knn_n25_transpiled.qasm,medium,Other,25,343,severity,gate_substitution,0.6,1.0,0.897245,0.0,0.047023,0.431487,0.0,0.0,0.0238643,,,,
knn_n25_transpiled.qasm,medium,Other,25,343,severity,gate_reorder,0.1,0.977041,0.672421,0.818841,0.516704,0.119534,0.0,0.0,0.0254682,,,,
knn_n25_transpiled.qasm,medium,Other,25,343,severity,gate_reorder,0.3,0.918364,0.585538,0.905797,0.641042,0.271137,0.0,0.0,0.0245191,,,,
knn_n25_transpiled.qasm,medium,Other,25,343,severity,gate_reorder,0.6,0.897953,0.540394,0.908213,0.677363,0.431487,0.0,0.0,0.0248083,,,,
knn_n25_transpiled.qasm,medium,Other,25,343,severity,trojan_NOT,0.1,0.952448,0.49952,0.925121,0.670267,0.608466,0.0,0.054256,0.029183,,,,
knn_n25_transpiled.qasm,medium,Other,25,343,severity,trojan_NOT,0.3,0.852272,0.341913,1.0,0.978399,0.773543,0.0,0.10939,0.0344727,,,,
knn_n25_transpiled.qasm,medium,Other,25,343,severity,trojan_NOT,0.6,0.764859,0.326639,1.0,1.0,0.809339,0.0,0.114933,0.0375339,,,,
knn_n25_transpiled.qasm,medium,Other,25,343,severity,trojan_H,0.1,0.949897,0.498244,0.862319,0.650625,0.693122,0.0,0.060648,0.0296606,,,,
knn_n25_transpiled.qasm,medium,Other,25,343,severity,trojan_H,0.3,0.852272,0.342781,1.0,0.973392,0.769058,0.0,0.127201,0.0336303,,,,
knn_n25_transpiled.qasm,medium,Other,25,343,severity,trojan_H,0.6,0.764859,0.315071,1.0,1.0,0.863813,0.0,0.121662,0.0376752,,,,
knn_n25_transpiled.qasm,medium,Other,25,343,severity,qubit_swap,0.1,0.947327,0.60544,0.777778,0.509152,0.092593,0.364583,0.082551,0.029781,,,,
knn_n25_transpiled.qasm,medium,Other,25,343,severity,qubit_swap,0.3,0.811404,0.375922,0.954106,0.631628,0.230942,1.0,0.137042,0.0344162,,,,
knn_n25_transpiled.qasm,medium,Other,25,343,severity,qubit_swap,0.6,0.683153,0.288187,1.0,0.796891,0.332685,1.0,0.163642,0.0393157,,,,
multiplier_n15.qasm,medium,Arithmetic,15,73,severity,gate_deletion_1q,0.1,0.994415,0.673789,0.748148,0.255955,0.616438,0.0,0.011166,0.0053614,,,,
multiplier_n15.qasm,medium,Arithmetic,15,73,severity,gate_deletion_1q,0.3,0.983271,0.593558,1.0,0.442917,0.493151,0.0,0.027907,0.0057673,,,,
multiplier_n15.qasm,medium,Arithmetic,15,73,severity,gate_deletion_1q,0.6,0.965993,0.588923,1.0,0.453762,0.493151,0.0,0.036303,0.0051627,,,,
multiplier_n15.qasm,medium,Arithmetic,15,73,severity,gate_deletion_2q,0.1,0.948965,0.579871,1.0,0.479185,0.39726,0.1,0.02962,0.0061543,,,,
multiplier_n15.qasm,medium,Arithmetic,15,73,severity,gate_deletion_2q,0.3,0.828424,0.491032,1.0,0.532945,0.520548,0.3,0.083276,0.0050388,,,,
multiplier_n15.qasm,medium,Arithmetic,15,73,severity,gate_deletion_2q,0.6,0.613685,0.371442,1.0,0.62752,0.616438,0.6,0.156382,0.0050597,,,,
multiplier_n15.qasm,medium,Arithmetic,15,73,severity,gate_insertion,0.1,0.943078,0.508789,1.0,0.643279,0.555556,0.0,0.049524,0.0059856,,,,
multiplier_n15.qasm,medium,Arithmetic,15,73,severity,gate_insertion,0.3,0.871188,0.396033,1.0,0.848911,0.736842,0.0,0.094793,0.0074347,,,,
multiplier_n15.qasm,medium,Arithmetic,15,73,severity,gate_insertion,0.6,0.774826,0.325809,1.0,1.0,0.807339,0.0,0.127231,0.0076772,,,,
multiplier_n15.qasm,medium,Arithmetic,15,73,severity,gate_substitution,0.1,1.0,0.996764,0.0,0.001419,0.013699,0.0,0.0,0.0055392,,,,
multiplier_n15.qasm,medium,Arithmetic,15,73,severity,gate_substitution,0.3,1.0,0.993527,0.0,0.002838,0.027397,0.0,0.0,0.0064169,,,,
multiplier_n15.qasm,medium,Arithmetic,15,73,severity,gate_substitution,0.6,1.0,0.990291,0.0,0.004257,0.041096,0.0,0.0,0.0057227,,,,
multiplier_n15.qasm,medium,Arithmetic,15,73,severity,gate_reorder,0.1,0.975347,0.714108,1.0,0.325641,0.109589,0.0,0.0,0.0054693,,,,
multiplier_n15.qasm,medium,Arithmetic,15,73,severity,gate_reorder,0.3,0.925868,0.602826,1.0,0.56531,0.246575,0.0,0.0,0.0055392,,,,
multiplier_n15.qasm,medium,Arithmetic,15,73,severity,gate_reorder,0.6,0.913134,0.555771,1.0,0.590166,0.438356,0.0,0.0,0.0053802,,,,
multiplier_n15.qasm,medium,Arithmetic,15,73,severity,trojan_NOT,0.1,0.955405,0.568533,1.0,0.509932,0.481481,0.0,0.066948,0.0060217,,,,
multiplier_n15.qasm,medium,Arithmetic,15,73,severity,trojan_NOT,0.3,0.865092,0.412397,1.0,0.849581,0.652632,0.0,0.09723,0.006748,,,,
multiplier_n15.qasm,medium,Arithmetic,15,73,severity,trojan_NOT,0.6,0.780989,0.334599,1.0,1.0,0.761468,0.0,0.131077,0.007695,,,,
multiplier_n15.qasm,medium,Arithmetic,15,73,severity,trojan_H,0.1,0.955352,0.513002,1.0,0.635888,0.54321,0.0,0.057955,0.0058905,,,,
multiplier_n15.qasm,medium,Arithmetic,15,73,severity,trojan_H,0.3,0.840417,0.359051,1.0,0.995537,0.663158,0.0,0.098796,0.0070487,,,,
multiplier_n15.qasm,medium,Arithmetic,15,73,severity,trojan_H,0.6,0.787113,0.331999,1.0,1.0,0.761468,0.0,0.157075,0.0080541,,,,
multiplier_n15.qasm,medium,Arithmetic,15,73,severity,qubit_swap,0.1,0.949399,0.785838,0.340741,0.233175,0.098765,0.266667,0.08353,0.0060158,,,,
multiplier_n15.qasm,medium,Arithmetic,15,73,severity,qubit_swap,0.3,0.834634,0.539134,0.548148,0.489502,0.231579,0.733333,0.143353,0.0069602,,,,
multiplier_n15.qasm,medium,Arithmetic,15,73,severity,qubit_swap,0.6,0.71998,0.395057,0.607407,0.65265,0.330275,1.0,0.193499,0.0078236,,,,
multiplier_n15_transpiled.qasm,medium,Arithmetic,15,563,severity,gate_deletion_1q,0.1,0.957802,0.495069,1.0,0.685363,0.566607,0.0,0.017325,0.0415226,,,,
multiplier_n15_transpiled.qasm,medium,Arithmetic,15,563,severity,gate_deletion_1q,0.3,0.88055,0.483253,1.0,0.703668,0.580817,0.0,0.042995,0.0386795,,,,
multiplier_n15_transpiled.qasm,medium,Arithmetic,15,563,severity,gate_deletion_1q,0.6,0.767475,0.415531,1.0,0.807209,0.719361,0.0,0.080738,0.0310952,,,,
multiplier_n15_transpiled.qasm,medium,Arithmetic,15,563,severity,gate_deletion_2q,0.1,0.937385,0.520824,1.0,0.580256,0.515098,0.103604,0.023464,0.0425884,,,,
multiplier_n15_transpiled.qasm,medium,Arithmetic,15,563,severity,gate_deletion_2q,0.3,0.794794,0.413504,1.0,0.707579,0.614565,0.301802,0.055699,0.0411914,,,,
multiplier_n15_transpiled.qasm,medium,Arithmetic,15,563,severity,gate_deletion_2q,0.6,0.601982,0.332906,0.950649,0.766646,0.616341,0.603604,0.12181,0.0360891,,,,
multiplier_n15_transpiled.qasm,medium,Arithmetic,15,563,severity,gate_insertion,0.1,0.953611,0.466561,1.0,0.74166,0.595161,0.0,0.048256,0.0493929,,,,
multiplier_n15_transpiled.qasm,medium,Arithmetic,15,563,severity,gate_insertion,0.3,0.858966,0.342174,1.0,1.0,0.729508,0.0,0.119246,0.0570667,,,,
multiplier_n15_transpiled.qasm,medium,Arithmetic,15,563,severity,gate_insertion,0.6,0.765455,0.319134,1.0,1.0,0.819905,0.0,0.168853,0.0678372,,,,
multiplier_n15_transpiled.qasm,medium,Arithmetic,15,563,severity,gate_substitution,0.1,1.0,0.983742,0.0,0.011943,0.060391,0.0,0.0,0.0439141,,,,
multiplier_n15_transpiled.qasm,medium,Arithmetic,15,563,severity,gate_substitution,0.3,1.0,0.951443,0.0,0.035208,0.181172,0.0,0.0,0.0450448,,,,
multiplier_n15_transpiled.qasm,medium,Arithmetic,15,563,severity,gate_substitution,0.6,1.0,0.903784,0.0,0.068864,0.360568,0.0,0.0,0.043017,,,,
multiplier_n15_transpiled.qasm,medium,Arithmetic,15,563,severity,gate_reorder,0.1,0.981952,0.658495,1.0,0.476108,0.124334,0.0,0.0,0.0449993,,,,
multiplier_n15_transpiled.qasm,medium,Arithmetic,15,563,severity,gate_reorder,0.3,0.94924,0.597686,1.0,0.5788,0.248668,0.0,0.0,0.043613,,,,
multiplier_n15_transpiled.qasm,medium,Arithmetic,15,563,severity,gate_reorder,0.6,0.917658,0.576365,1.0,0.550401,0.404973,0.0,0.0,0.0441379,,,,
multiplier_n15_transpiled.qasm,medium,Arithmetic,15,563,severity,trojan_NOT,0.1,0.952483,0.455367,1.0,0.750849,0.629032,0.0,0.06029,0.0487635,,,,
multiplier_n15_transpiled.qasm,medium,Arithmetic,15,563,severity,trojan_NOT,0.3,0.855582,0.341426,1.0,1.0,0.740437,0.0,0.104862,0.1273321,,,,
multiplier_n15_transpiled.qasm,medium,Arithmetic,15,563,severity,trojan_NOT,0.6,0.767711,0.32621,1.0,1.0,0.787915,0.0,0.162073,0.0658153,,,,
multiplier_n15_transpiled.qasm,medium,Arithmetic,15,563,severity,trojan_H,0.1,0.954739,0.461896,1.0,0.74059,0.622581,0.0,0.043811,0.0527586,,,,
multiplier_n15_transpiled.qasm,medium,Arithmetic,15,563,severity,trojan_H,0.3,0.861221,0.33866,1.0,1.0,0.748634,0.0,0.116129,0.0574327,,,,
multiplier_n15_transpiled.qasm,medium,Arithmetic,15,563,severity,trojan_H,0.6,0.767711,0.323465,1.0,1.0,0.790284,0.0,0.184778,0.0661679,,,,
multiplier_n15_transpiled.qasm,medium,Arithmetic,15,563,severity,qubit_swap,0.1,0.935562,0.838075,0.194805,0.160523,0.091935,0.256757,0.067823,0.0488121,,,,
multiplier_n15_transpiled.qasm,medium,Arithmetic,15,563,severity,qubit_swap,0.3,0.812714,0.547486,0.480519,0.457524,0.230874,0.761261,0.218752,0.0577738,,,,
multiplier_n15_transpiled.qasm,medium,Arithmetic,15,563,severity,qubit_swap,0.6,0.680852,0.336554,0.766234,0.723719,0.332938,1.0,0.28622,0.0685863,,,,
multiply_n13.qasm,medium,Other,13,21,severity,gate_deletion_1q,0.1,0.981734,0.430822,1.0,1.0,0.333333,0.0,0.025114,0.0046897,1.0,0.0,0.2804524,1.0
multiply_n13.qasm,medium,Other,13,21,severity,gate_deletion_1q,0.3,0.945355,0.379256,1.0,1.0,0.571429,0.0,0.064579,0.0043873,1.0,0.0,0.286722,1.0
multiply_n13.qasm,medium,Other,13,21,severity,gate_deletion_1q,0.6,0.908756,0.339158,1.0,1.0,0.761905,0.0,0.084609,0.0040348,1.0,0.0,0.2799803,1.0
multiply_n13.qasm,medium,Other,13,21,severity,gate_deletion_2q,0.1,0.91661,0.735139,0.333333,0.375727,0.142857,0.25,0.047849,0.0046943,1.0,0.0,0.2826786,1.0
multiply_n13.qasm,medium,Other,13,21,severity,gate_deletion_2q,0.3,0.799024,0.634544,0.358974,0.445401,0.238095,0.5,0.081001,0.0044456,1.0,0.0,0.2822551,1.0
multiply_n13.qasm,medium,Other,13,21,severity,gate_deletion_2q,0.6,0.71591,0.547679,0.358974,0.487206,0.333333,0.75,0.11286,0.0043139,1.0,0.0,0.2836329,1.0
multiply_n13.qasm,medium,Other,13,21,severity,gate_insertion,0.1,0.91153,0.393944,1.0,1.0,0.5,0.0,0.060562,0.0074081,1.0,0.0,2.0016057,1.0
multiply_n13.qasm,medium,Other,13,21,severity,gate_insertion,0.3,0.839203,0.338733,1.0,1.0,0.75,0.0,0.112671,0.0065684,1.0,0.0,0.3395819,1.0
multiply_n13.qasm,medium,Other,13,21,severity,gate_insertion,0.6,0.752329,0.393793,1.0,0.868683,0.709677,0.0,0.102327,0.0065181,1.0,0.0,0.2945374,1.0
multiply_n13.qasm,medium,Other,13,21,severity,gate_substitution,0.1,1.0,0.989473,0.0,0.002865,0.047619,0.0,0.0,0.0049403,0.554455,0.445545,0.2836291,0.495117
multiply_n13.qasm,medium,Other,13,21,severity,gate_substitution,0.3,1.0,0.978947,0.0,0.005731,0.095238,0.0,0.0,0.0048548,0.747723,0.252277,0.2758547,0.758789
multiply_n13.qasm,medium,Other,13,21,severity,gate_substitution,0.6,1.0,0.96842,0.0,0.008596,0.142857,0.0,0.0,0.004837,0.837662,0.162338,0.2818587,0.865234
multiply_n13.qasm,medium,Other,13,21,severity,gate_reorder,0.1,0.931654,0.685731,0.666667,0.476142,0.238095,0.0,0.0,0.0031172,1.0,0.0,2.2319425,1.0
multiply_n13.qasm,medium,Other,13,21,severity,gate_reorder,0.3,0.954552,0.670377,0.641026,0.476578,0.333333,0.0,0.0,0.0066555,1.0,0.0,2.0362521,1.0
multiply_n13.qasm,medium,Other,13,21,severity,gate_reorder,0.6,0.970351,0.414312,0.871795,0.891605,0.714286,0.0,0.0,0.0067053,1.0,0.0,2.0263498,1.0
multiply_n13.qasm,medium,Other,13,21,severity,trojan_NOT,0.1,0.945703,0.409962,1.0,1.0,0.416667,0.0,0.067051,0.0055983,1.0,0.0,0.2896637,1.0
multiply_n13.qasm,medium,Other,13,21,severity,trojan_NOT,0.3,0.771065,0.333748,1.0,1.0,0.785714,0.0,0.091096,0.0083588,1.0,0.0,2.0405237,1.0
multiply_n13.qasm,medium,Other,13,21,severity,trojan_NOT,0.6,0.683039,0.329977,1.0,1.0,0.774194,0.0,0.15184,0.0066708,1.0,0.0,0.296704,1.0
multiply_n13.qasm,medium,Other,13,21,severity,trojan_H,0.1,0.945946,0.38561,1.0,1.0,0.541667,0.0,0.060562,0.0054546,0.855015,0.144985,0.2910713,0.883789
multiply_n13.qasm,medium,Other,13,21,severity,trojan_H,0.3,0.805447,0.342329,1.0,1.0,0.75,0.0,0.076712,0.0059975,0.978304,0.021696,0.2852788,0.989258
multiply_n13.qasm,medium,Other,13,21,severity,trojan_H,0.6,0.751386,0.346511,1.0,1.0,0.709677,0.0,0.115531,0.0062994,0.992752,0.007248,0.2724115,0.99707
multiply_n13.qasm,medium,Other,13,21,severity,qubit_swap,0.1,0.90885,0.730631,0.128205,0.189116,0.125,0.75,0.089475,0.0074627,1.0,0.0,2.0053559,1.0
multiply_n13.qasm,medium,Other,13,21,severity,qubit_swap,0.3,0.768977,0.570282,0.333333,0.337423,0.25,1.0,0.116202,0.0085592,1.0,0.0,2.0515984,1.0
multiply_n13.qasm,medium,Other,13,21,severity,qubit_swap,0.6,0.712309,0.505751,0.461538,0.431981,0.322581,1.0,0.093092,0.0091698,1.0,0.0,2.0836338,1.0
multiply_n13_transpiled.qasm,medium,Other,13,123,severity,gate_deletion_1q,0.1,0.972585,0.425926,1.0,0.826629,0.650407,0.0,0.046726,0.0217675,1.0,0.0,0.2439119,1.0
multiply_n13_transpiled.qasm,medium,Other,13,123,severity,gate_deletion_1q,0.3,0.898966,0.401543,1.0,0.886161,0.658537,0.0,0.06593,0.0231311,1.0,0.0,0.2644515,1.0
multiply_n13_transpiled.qasm,medium,Other,13,123,severity,gate_deletion_1q,0.6,0.779067,0.332135,1.0,0.992173,0.796748,0.0,0.11255,0.013805,1.0,0.0,0.2788417,1.0
multiply_n13_transpiled.qasm,medium,Other,13,123,severity,gate_deletion_2q,0.1,0.946012,0.461082,1.0,0.674212,0.650407,0.1,0.028625,0.0228361,0.742339,0.257661,0.2892347,0.751953
multiply_n13_transpiled.qasm,medium,Other,13,123,severity,gate_deletion_2q,0.3,0.844276,0.385275,1.0,0.807427,0.569106,0.3,0.083044,0.0224705,1.0,0.0,0.2909778,1.0
multiply_n13_transpiled.qasm,medium,Other,13,123,severity,gate_deletion_2q,0.6,0.64478,0.326995,1.0,0.774268,0.593496,0.6,0.133116,0.0211342,1.0,0.0,0.2967341,1.0
multiply_n13_transpiled.qasm,medium,Other,13,123,severity,gate_insertion,0.1,0.949209,0.437277,1.0,0.809877,0.617647,0.0,0.057362,0.0281964,0.970446,0.029554,0.3215571,0.984375
multiply_n13_transpiled.qasm,medium,Other,13,123,severity,gate_insertion,0.3,0.835753,0.340982,1.0,1.0,0.76875,0.0,0.052679,0.0314388,0.992752,0.007248,0.296782,0.99707
multiply_n13_transpiled.qasm,medium,Other,13,123,severity,gate_insertion,0.6,0.741103,0.323143,1.0,1.0,0.831522,0.0,0.105528,0.0353425,1.0,0.0,0.2929662,1.0
multiply_n13_transpiled.qasm,medium,Other,13,123,severity,gate_substitution,0.1,1.0,0.983675,0.0,0.009475,0.065041,0.0,0.0,0.0231238,1.0,0.0,0.2707387,1.0
multiply_n13_transpiled.qasm,medium,Other,13,123,severity,gate_substitution,0.3,1.0,0.952347,0.0,0.0293,0.186992,0.0,0.0,0.0259819,0.986933,0.013067,0.2656941,0.994141
multiply_n13_transpiled.qasm,medium,Other,13,123,severity,gate_substitution,0.6,1.0,0.903847,0.0,0.061019,0.373984,0.0,0.0,0.0229899,1.0,0.0,0.266668,1.0
multiply_n13_transpiled.qasm,medium,Other,13,123,severity,gate_reorder,0.1,0.993035,0.718792,0.758621,0.385412,0.162602,0.0,0.0,0.0236921,1.0,0.0,0.2834641,1.0
multiply_n13_transpiled.qasm,medium,Other,13,123,severity,gate_reorder,0.3,0.948563,0.528588,1.0,0.755719,0.284553,0.0,0.0,0.032239,1.0,0.0,2.6302991,1.0
multiply_n13_transpiled.qasm,medium,Other,13,123,severity,gate_reorder,0.6,0.929782,0.486818,1.0,0.786791,0.439024,0.0,0.0,0.0314032,1.0,0.0,2.66628,1.0
multiply_n13_transpiled.qasm,medium,Other,13,123,severity,trojan_NOT,0.1,0.94296,0.437054,1.0,0.822196,0.602941,0.0,0.04589,0.0260346,1.0,0.0,0.2836381,1.0
multiply_n13_transpiled.qasm,medium,Other,13,123,severity,trojan_NOT,0.3,0.823281,0.339711,1.0,1.0,0.7625,0.0,0.077889,0.0289611,1.0,0.0,0.2731711,1.0
multiply_n13_transpiled.qasm,medium,Other,13,123,severity,trojan_NOT,0.6,0.734831,0.323195,1.0,1.0,0.847826,0.0,0.0724,0.0445528,1.0,0.0,3.0112869,1.0
multiply_n13_transpiled.qasm,medium,Other,13,123,severity,trojan_H,0.1,0.94922,0.480985,0.925287,0.707681,0.632353,0.0,0.060633,0.0261378,0.990733,0.009267,0.277127,0.996094
multiply_n13_transpiled.qasm,medium,Other,13,123,severity,trojan_H,0.3,0.848278,0.353723,1.0,1.0,0.6875,0.0,0.087769,0.0312054,1.0,0.0,0.2759684,1.0
multiply_n13_transpiled.qasm,medium,Other,13,123,severity,trojan_H,0.6,0.716106,0.325645,1.0,1.0,0.826087,0.0,0.09138,0.0318865,1.0,0.0,0.2768395,1.0
multiply_n13_transpiled.qasm,medium,Other,13,123,severity,qubit_swap,0.1,0.936042,0.836583,0.137931,0.153825,0.095588,0.325,0.047705,0.0349632,1.0,0.0,2.6235516,1.0
multiply_n13_transpiled.qasm,medium,Other,13,123,severity,qubit_swap,0.3,0.766362,0.562535,0.413793,0.376916,0.23125,0.925,0.12226,0.0411974,1.0,0.0,2.8834296,1.0
multiply_n13_transpiled.qasm,medium,Other,13,123,severity,qubit_swap,0.6,0.646736,0.419216,0.666667,0.578072,0.331522,1.0,0.121542,0.0466802,1.0,0.0,2.953113,1.0
qec9xz_n17.qasm,medium,Error Correction,17,61,severity,gate_deletion_1q,0.1,0.97923,0.834669,0.407895,0.177928,0.180328,0.0,0.058065,0.005234,,,,
qec9xz_n17.qasm,medium,Error Correction,17,61,severity,gate_deletion_1q,0.3,0.920387,0.482455,1.0,0.706762,0.540984,0.0,0.119816,0.0053049,,,,
qec9xz_n17.qasm,medium,Error Correction,17,61,severity,gate_deletion_1q,0.6,0.82371,0.381241,1.0,0.878689,0.737705,0.0,0.136774,0.0041433,,,,
qec9xz_n17.qasm,medium,Error Correction,17,61,severity,gate_deletion_2q,0.1,0.918341,0.536221,1.0,0.627551,0.295082,0.125,0.101202,0.005006,,,,
qec9xz_n17.qasm,medium,Error Correction,17,61,severity,gate_deletion_2q,0.3,0.787305,0.362187,1.0,0.764115,0.721311,0.3125,0.136103,0.0044174,,,,
qec9xz_n17.qasm,medium,Error Correction,17,61,severity,gate_deletion_2q,0.6,0.52336,0.247211,1.0,0.851446,0.770492,0.625,0.256847,0.0037458,,,,
qec9xz_n17.qasm,medium,Error Correction,17,61,severity,gate_insertion,0.1,0.951365,0.554328,1.0,0.599392,0.397059,0.0,0.064731,0.0057666,,,,
qec9xz_n17.qasm,medium,Error Correction,17,61,severity,gate_insertion,0.3,0.799975,0.339981,1.0,1.0,0.7375,0.0,0.125192,0.0067002,,,,
qec9xz_n17.qasm,medium,Error Correction,17,61,severity,gate_insertion,0.6,0.740759,0.318018,1.0,1.0,0.835165,0.0,0.149489,0.0071018,,,,
qec9xz_n17.qasm,medium,Error Correction,17,61,severity,gate_substitution,0.1,1.0,0.988501,0.0,0.004751,0.04918,0.0,0.0,0.0049842,,,,
qec9xz_n17.qasm,medium,Error Correction,17,61,severity,gate_substitution,0.3,1.0,0.973169,0.0,0.011087,0.114754,0.0,0.0,0.0054373,,,,
qec9xz_n17.qasm,medium,Error Correction,17,61,severity,gate_substitution,0.6,1.0,0.950171,0.0,0.02059,0.213115,0.0,0.0,0.0049525,,,,
qec9xz_n17.qasm,medium,Error Correction,17,61,severity,gate_reorder,0.1,0.965938,0.60543,1.0,0.614463,0.147541,0.0,0.0,0.0048517,,,,
qec9xz_n17.qasm,medium,Error Correction,17,61,severity,gate_reorder,0.3,1.0,0.60872,1.0,0.548857,0.245902,0.0,0.0,0.0047729,,,,
qec9xz_n17.qasm,medium,Error Correction,17,61,severity,gate_reorder,0.6,0.931877,0.53563,1.0,0.635905,0.459016,0.0,0.0,0.0049107,,,,
qec9xz_n17.qasm,medium,Error Correction,17,61,severity,trojan_NOT,0.1,0.951365,0.509919,1.0,0.640322,0.529412,0.0,0.10086,0.005325,,,,
qec9xz_n17.qasm,medium,Error Correction,17,61,severity,trojan_NOT,0.3,0.834037,0.327289,1.0,1.0,0.8,0.0,0.127112,0.0059485,,,,
qec9xz_n17.qasm,medium,Error Correction,17,61,severity,trojan_NOT,0.6,0.740759,0.328063,1.0,1.0,0.78022,0.0,0.15893,0.0067292,,,,
qec9xz_n17.qasm,medium,Error Correction,17,61,severity,trojan_H,0.1,0.951365,0.487508,1.0,0.703261,0.544118,0.0,0.075269,0.0051159,,,,
qec9xz_n17.qasm,medium,Error Correction,17,61,severity,trojan_H,0.3,0.834037,0.334578,1.0,1.0,0.7625,0.0,0.129224,0.0059891,,,,
qec9xz_n17.qasm,medium,Error Correction,17,61,severity,trojan_H,0.6,0.757789,0.344345,1.0,1.0,0.714286,0.0,0.127983,0.0072602,,,,
qec9xz_n17.qasm,medium,Error Correction,17,61,severity,qubit_swap,0.1,0.900363,0.812145,0.289474,0.194218,0.102941,0.21875,0.121194,0.0050181,,,,
qec9xz_n17.qasm,medium,Error Correction,17,61,severity,qubit_swap,0.3,0.800183,0.534364,0.657895,0.528734,0.2375,0.59375,0.156448,0.0058739,,,,
qec9xz_n17.qasm,medium,Error Correction,17,61,severity,qubit_swap,0.6,0.638863,0.28695,1.0,0.818835,0.32967,0.9375,0.230234,0.0066865,,,,
qec9xz_n17_transpiled.qasm,medium,Error Correction,17,103,severity,gate_deletion_1q,0.1,0.954306,0.641661,0.728814,0.454222,0.417476,0.0,0.065442,0.0067442,,,,
qec9xz_n17_transpiled.qasm,medium,Error Correction,17,103,severity,gate_deletion_1q,0.3,0.894126,0.314916,1.0,1.0,0.84466,0.0,0.161521,0.0059586,,,,
qec9xz_n17_transpiled.qasm,medium,Error Correction,17,103,severity,gate_deletion_1q,0.6,0.735711,0.344927,1.0,0.926988,0.815534,0.0,0.175201,0.0047303,,,,
qec9xz_n17_transpiled.qasm,medium,Error Correction,17,103,severity,gate_deletion_2q,0.1,0.925129,0.567962,0.79661,0.42193,0.669903,0.125,0.058909,0.0076687,,,,
qec9xz_n17_transpiled.qasm,medium,Error Correction,17,103,severity,gate_deletion_2q,0.3,0.824157,0.449569,0.915254,0.65151,0.572816,0.3125,0.080515,0.0066802,,,,
qec9xz_n17_transpiled.qasm,medium,Error Correction,17,103,severity,gate_deletion_2q,0.6,0.648268,0.321352,0.830508,0.814515,0.631068,0.625,0.177778,0.0059355,,,,
qec9xz_n17_transpiled.qasm,medium,Error Correction,17,103,severity,gate_insertion,0.1,0.930073,0.41755,1.0,0.777244,0.763158,0.0,0.077829,0.0081185,,,,
qec9xz_n17_transpiled.qasm,medium,Error Correction,17,103,severity,gate_insertion,0.3,0.84423,0.344862,1.0,1.0,0.723881,0.0,0.103614,0.0091718,,,,
qec9xz_n17_transpiled.qasm,medium,Error Correction,17,103,severity,gate_insertion,0.6,0.735731,0.312421,1.0,1.0,0.818182,0.0,0.239427,0.0103195,,,,
qec9xz_n17_transpiled.qasm,medium,Error Correction,17,103,severity,gate_substitution,0.1,1.0,0.981306,0.0,0.014577,0.067961,0.0,0.0,0.0076974,,,,
qec9xz_n17_transpiled.qasm,medium,Error Correction,17,103,severity,gate_substitution,0.3,1.0,0.951186,0.0,0.034059,0.184466,0.0,0.0,0.0071835,,,,
qec9xz_n17_transpiled.qasm,medium,Error Correction,17,103,severity,gate_substitution,0.6,1.0,0.902769,0.0,0.066985,0.368932,0.0,0.0,0.007225,,,,
qec9xz_n17_transpiled.qasm,medium,Error Correction,17,103,severity,gate_reorder,0.1,0.977309,0.564039,1.0,0.750458,0.116505,0.0,0.0,0.0073482,,,,
qec9xz_n17_transpiled.qasm,medium,Error Correction,17,103,severity,gate_reorder,0.3,0.988654,0.584513,1.0,0.575454,0.320388,0.0,0.0,0.0086035,,,,
qec9xz_n17_transpiled.qasm,medium,Error Correction,17,103,severity,gate_reorder,0.6,0.977309,0.525455,1.0,0.683167,0.427184,0.0,0.0,0.0073509,,,,
qec9xz_n17_transpiled.qasm,medium,Error Correction,17,103,severity,trojan_NOT,0.1,0.952764,0.45992,0.991525,0.766532,0.578947,0.0,0.072755,0.0082185,,,,
qec9xz_n17_transpiled.qasm,medium,Error Correction,17,103,severity,trojan_NOT,0.3,0.84423,0.338812,1.0,1.0,0.753731,0.0,0.104418,0.0092732,,,,
qec9xz_n17_transpiled.qasm,medium,Error Correction,17,103,severity,trojan_NOT,0.6,0.747077,0.304015,1.0,1.0,0.87013,0.0,0.219594,0.0104352,,,,
qec9xz_n17_transpiled.qasm,medium,Error Correction,17,103,severity,trojan_H,0.1,0.941418,0.411143,1.0,0.739046,0.850877,0.0,0.100152,0.0082782,,,,
qec9xz_n17_transpiled.qasm,medium,Error Correction,17,103,severity,trojan_H,0.3,0.84423,0.334979,1.0,1.0,0.768657,0.0,0.112896,0.0094755,,,,
qec9xz_n17_transpiled.qasm,medium,Error Correction,17,103,severity,trojan_H,0.6,0.71304,0.314331,1.0,1.0,0.837662,0.0,0.181362,0.0105844,,,,
qec9xz_n17_transpiled.qasm,medium,Error Correction,17,103,severity,qubit_swap,0.1,0.930033,0.77007,0.271186,0.244318,0.096491,0.34375,0.156924,0.0081883,,,,
qec9xz_n17_transpiled.qasm,medium,Error Correction,17,103,severity,qubit_swap,0.3,0.77606,0.474502,0.644068,0.481743,0.231343,0.96875,0.202594,0.0093615,,,,
qec9xz_n17_transpiled.qasm,medium,Error Correction,17,103,severity,qubit_swap,0.6,0.599457,0.268893,1.0,0.818734,0.331169,1.0,0.283169,0.0109945,,,,
qf21_n15.qasm,medium,Other,15,79,severity,gate_deletion_1q,0.1,0.984304,0.646687,0.775362,0.568328,0.177215,0.0,0.026512,0.0068928,,,,
qf21_n15.qasm,medium,Other,15,79,severity,gate_deletion_1q,0.3,0.958187,0.536324,0.913043,0.760743,0.278481,0.0,0.04763,0.0068904,,,,
qf21_n15.qasm,medium,Other,15,79,severity,gate_deletion_1q,0.6,0.910497,0.479956,1.0,0.795772,0.43038,0.0,0.054483,0.0061691,,,,
qf21_n15.qasm,medium,Other,15,79,severity,gate_deletion_2q,0.1,0.939514,0.739594,0.557971,0.32816,0.164557,0.108696,0.072035,0.0070451,,,,
qf21_n15.qasm,medium,Other,15,79,severity,gate_deletion_2q,0.3,0.818093,0.567176,0.855072,0.475625,0.341772,0.304348,0.088707,0.0074094,,,,
qf21_n15.qasm,medium,Other,15,79,severity,gate_deletion_2q,0.6,0.676224,0.370716,0.992754,0.664075,0.544304,0.608696,0.173445,0.0045668,,,,
qf21_n15.qasm,medium,Other,15,79,severity,gate_insertion,0.1,0.958265,0.555548,1.0,0.64882,0.310345,0.0,0.052959,0.0084884,,,,
qf21_n15.qasm,medium,Other,15,79,severity,gate_insertion,0.3,0.851726,0.375191,1.0,1.0,0.582524,0.0,0.083044,0.0095413,,,,
qf21_n15.qasm,medium,Other,15,79,severity,gate_insertion,0.6,0.78491,0.356749,1.0,1.0,0.677966,0.0,0.076582,0.0103528,,,,
qf21_n15.qasm,medium,Other,15,79,severity,gate_substitution,0.1,1.0,0.991176,0.0,0.003513,0.037975,0.0,0.0,0.0080127,,,,
qf21_n15.qasm,medium,Other,15,79,severity,gate_substitution,0.3,1.0,0.97941,0.0,0.008197,0.088608,0.0,0.0,0.0082016,,,,
qf21_n15.qasm,medium,Other,15,79,severity,gate_substitution,0.6,1.0,0.958819,0.0,0.016394,0.177215,0.0,0.0,0.0086918,,,,
qf21_n15.qasm,medium,Other,15,79,severity,gate_reorder,0.1,0.939459,0.728267,0.985507,0.296155,0.101266,0.0,0.0,0.0074641,,,,
qf21_n15.qasm,medium,Other,15,79,severity,gate_reorder,0.3,0.887588,0.654831,1.0,0.441894,0.202532,0.0,0.0,0.0070975,,,,
qf21_n15.qasm,medium,Other,15,79,severity,gate_reorder,0.6,0.82481,0.531008,1.0,0.622074,0.506329,0.0,0.0,0.0075629,,,,
qf21_n15.qasm,medium,Other,15,79,severity,trojan_NOT,0.1,0.952457,0.496601,1.0,0.795253,0.344828,0.0,0.060952,0.0085328,,,,
qf21_n15.qasm,medium,Other,15,79,severity,trojan_NOT,0.3,0.863221,0.372272,1.0,1.0,0.601942,0.0,0.073396,0.009478,,,,
qf21_n15.qasm,medium,Other,15,79,severity,trojan_NOT,0.6,0.77919,0.351415,1.0,1.0,0.694915,0.0,0.096021,0.010524,,,,
qf21_n15.qasm,medium,Other,15,79,severity,trojan_H,0.1,0.958218,0.568751,0.971014,0.618952,0.321839,0.0,0.045964,0.0102262,,,,
qf21_n15.qasm,medium,Other,15,79,severity,trojan_H,0.3,0.851706,0.375605,1.0,1.0,0.563107,0.0,0.117732,0.0095706,,,,
qf21_n15.qasm,medium,Other,15,79,severity,trojan_H,0.6,0.761977,0.362829,1.0,1.0,0.644068,0.0,0.083578,0.0108269,,,,
qf21_n15.qasm,medium,Other,15,79,severity,qubit_swap,0.1,0.945816,0.870778,0.15942,0.132205,0.091954,0.173913,0.058639,0.0085355,,,,
qf21_n15.qasm,medium,Other,15,79,severity,qubit_swap,0.3,0.822354,0.663804,0.398551,0.328275,0.23301,0.521739,0.105676,0.0096327,,,,
qf21_n15.qasm,medium,Other,15,79,severity,qubit_swap,0.6,0.71091,0.465139,0.586957,0.558515,0.330508,0.847826,0.156702,0.0106359,,,,
qf21_n15_transpiled.qasm,medium,Other,15,365,severity,gate_deletion_1q,0.1,0.952551,0.528787,0.941296,0.596211,0.591781,0.0,0.029888,0.0268122,,,,
qf21_n15_transpiled.qasm,medium,Other,15,365,severity,gate_deletion_1q,0.3,0.864027,0.504007,0.98583,0.606558,0.646575,0.0,0.065083,0.0239034,,,,
qf21_n15_transpiled.qasm,medium,Other,15,365,severity,gate_deletion_1q,0.6,0.740602,0.419434,0.991903,0.768498,0.767123,0.0,0.093813,0.0185036,,,,
qf21_n15_transpiled.qasm,medium,Other,15,365,severity,gate_deletion_2q,0.1,0.919385,0.682485,0.625506,0.351649,0.380822,0.104348,0.035775,0.0283954,,,,
qf21_n15_transpiled.qasm,medium,Other,15,365,severity,gate_deletion_2q,0.3,0.801188,0.500576,0.917004,0.518356,0.575342,0.304348,0.045112,0.025857,,,,
qf21_n15_transpiled.qasm,medium,Other,15,365,severity,gate_deletion_2q,0.6,0.605897,0.448638,0.860324,0.529492,0.545205,0.6,0.079502,0.0233212,,,,
qf21_n15_transpiled.qasm,medium,Other,15,365,severity,gate_insertion,0.1,0.954243,0.493906,1.0,0.642537,0.634328,0.0,0.0434,0.0322219,,,,
qf21_n15_transpiled.qasm,medium,Other,15,365,severity,gate_insertion,0.3,0.861312,0.384459,1.0,0.905149,0.715789,0.0,0.05581,0.0361865,,,,
qf21_n15_transpiled.qasm,medium,Other,15,365,severity,gate_insertion,0.6,0.764425,0.333996,1.0,1.0,0.784278,0.0,0.091486,0.0516845,,,,
qf21_n15_transpiled.qasm,medium,Other,15,365,severity,gate_substitution,0.1,1.0,0.981673,0.0,0.013224,0.068493,0.0,0.0,0.0355651,,,,
qf21_n15_transpiled.qasm,medium,Other,15,365,severity,gate_substitution,0.3,1.0,0.94526,0.0,0.040549,0.20274,0.0,0.0,0.0292239,,,,
qf21_n15_transpiled.qasm,medium,Other,15,365,severity,gate_substitution,0.6,1.0,0.891939,0.0,0.078608,0.40274,0.0,0.0,0.0285995,,,,
qf21_n15_transpiled.qasm,medium,Other,15,365,severity,gate_reorder,0.1,0.947747,0.700926,0.931174,0.400627,0.09589,0.0,0.0,0.0297203,,,,
qf21_n15_transpiled.qasm,medium,Other,15,365,severity,gate_reorder,0.3,0.851928,0.599905,1.0,0.556437,0.276712,0.0,0.0,0.0308824,,,,
qf21_n15_transpiled.qasm,medium,Other,15,365,severity,gate_reorder,0.6,0.805383,0.513548,1.0,0.734286,0.39726,0.0,0.0,0.0297556,,,,
qf21_n15_transpiled.qasm,medium,Other,15,365,severity,trojan_NOT,0.1,0.954245,0.48661,1.0,0.672499,0.624378,0.0,0.031398,0.0325594,,,,
qf21_n15_transpiled.qasm,medium,Other,15,365,severity,trojan_NOT,0.3,0.861312,0.381068,1.0,0.903453,0.722105,0.0,0.083018,0.0378409,,,,
qf21_n15_transpiled.qasm,medium,Other,15,365,severity,trojan_NOT,0.6,0.773347,0.337103,1.0,1.0,0.769653,0.0,0.089668,0.0414118,,,,
qf21_n15_transpiled.qasm,medium,Other,15,365,severity,trojan_H,0.1,0.95424,0.498502,1.0,0.644943,0.604478,0.0,0.048725,0.0305667,,,,
qf21_n15_transpiled.qasm,medium,Other,15,365,severity,trojan_H,0.3,0.867685,0.39099,1.0,0.885928,0.703158,0.0,0.083042,0.0372252,,,,
qf21_n15_transpiled.qasm,medium,Other,15,365,severity,trojan_H,0.6,0.769523,0.330507,1.0,1.0,0.795247,0.0,0.104439,0.0408605,,,,
qf21_n15_transpiled.qasm,medium,Other,15,365,severity,qubit_swap,0.1,0.937663,0.831922,0.198381,0.141558,0.09204,0.321739,0.060197,0.0318341,,,,
qf21_n15_transpiled.qasm,medium,Other,15,365,severity,qubit_swap,0.3,0.830699,0.536072,0.497976,0.401325,0.231579,0.956522,0.111483,0.0376704,,,,
qf21_n15_transpiled.qasm,medium,Other,15,365,severity,qubit_swap,0.6,0.722115,0.378284,0.785425,0.644756,0.332724,1.0,0.116932,0.0420731,,,,
qft_n18.qasm,medium,Linear Algebra,18,802,severity,gate_deletion_1q,0.1,0.970424,0.516967,0.928636,0.662084,0.548628,0.0,0.022822,0.0623523,,,,
qft_n18.qasm,medium,Linear Algebra,18,802,severity,gate_deletion_1q,0.3,0.905863,0.47095,0.947606,0.730394,0.634663,0.0,0.043379,0.0579634,,,,
qft_n18.qasm,medium,Linear Algebra,18,802,severity,gate_deletion_1q,0.6,0.790433,0.40616,0.97832,0.848376,0.730673,0.0,0.040251,0.0480889,,,,
qft_n18.qasm,medium,Linear Algebra,18,802,severity,gate_deletion_2q,0.1,0.949869,0.509223,0.968383,0.598946,0.566085,0.101307,0.024096,0.0643249,,,,
qft_n18.qasm,medium,Linear Algebra,18,802,severity,gate_deletion_2q,0.3,0.843152,0.457831,0.97561,0.641253,0.538653,0.300654,0.035274,0.0593814,,,,
qft_n18.qasm,medium,Linear Algebra,18,802,severity,gate_deletion_2q,0.6,0.66644,0.359305,0.944896,0.709805,0.620948,0.601307,0.06078,0.0532786,,,,
qft_n18.qasm,medium,Linear Algebra,18,802,severity,gate_insertion,0.1,0.927497,0.470925,0.98374,0.736018,0.607022,0.0,0.025035,0.07322,,,,
qft_n18.qasm,medium,Linear Algebra,18,802,severity,gate_insertion,0.3,0.7975,0.375137,1.0,0.940954,0.699904,0.0,0.055478,0.0859165,,,,
qft_n18.qasm,medium,Linear Algebra,18,802,severity,gate_insertion,0.6,0.699279,0.339187,1.0,1.0,0.785536,0.0,0.037055,0.1033468,,,,
qft_n18.qasm,medium,Linear Algebra,18,802,severity,gate_substitution,0.1,1.0,0.999423,0.0,0.000223,0.002494,0.0,0.0,0.0661811,,,,
qft_n18.qasm,medium,Linear Algebra,18,802,severity,gate_substitution,0.3,1.0,0.99827,0.0,0.000669,0.007481,0.0,0.0,0.0685644,,,,
qft_n18.qasm,medium,Linear Algebra,18,802,severity,gate_substitution,0.6,1.0,0.996828,0.0,0.001227,0.013716,0.0,0.0,0.0665518,,,,
qft_n18.qasm,medium,Linear Algebra,18,802,severity,gate_reorder,0.1,0.719774,0.642986,1.0,0.533756,0.100998,0.0,0.0,0.0655237,,,,
qft_n18.qasm,medium,Linear Algebra,18,802,severity,gate_reorder,0.3,0.852694,0.575448,1.0,0.633382,0.264339,0.0,0.0,0.0653546,,,,
qft_n18.qasm,medium,Linear Algebra,18,802,severity,gate_reorder,0.6,0.919727,0.552019,1.0,0.619809,0.405237,0.0,0.0,0.0652468,,,,
qft_n18.qasm,medium,Linear Algebra,18,802,severity,trojan_NOT,0.1,0.931468,0.467672,1.0,0.733779,0.617214,0.0,0.02063,0.07774,,,,
qft_n18.qasm,medium,Linear Algebra,18,802,severity,trojan_NOT,0.3,0.807428,0.375278,1.0,0.938718,0.709492,0.0,0.042721,0.0873662,,,,
qft_n18.qasm,medium,Linear Algebra,18,802,severity,trojan_NOT,0.6,0.693322,0.342221,1.0,1.0,0.763092,0.0,0.051602,0.1024008,,,,
qft_n18.qasm,medium,Linear Algebra,18,802,severity,trojan_H,0.1,0.92154,0.500847,0.922313,0.698853,0.567384,0.0,0.027303,0.140595,,,,
qft_n18.qasm,medium,Linear Algebra,18,802,severity,trojan_H,0.3,0.807428,0.373736,1.0,0.940081,0.715244,0.0,0.041866,0.0863437,,,,
qft_n18.qasm,medium,Linear Algebra,18,802,severity,trojan_H,0.6,0.687365,0.341348,1.0,1.0,0.778886,0.0,0.028749,0.1005199,,,,
qft_n18.qasm,medium,Linear Algebra,18,802,severity,qubit_swap,0.1,0.907637,0.85565,0.152665,0.132432,0.091733,0.264706,0.038117,0.0730827,,,,
qft_n18.qasm,medium,Linear Algebra,18,802,severity,qubit_swap,0.3,0.724022,0.595359,0.440831,0.374209,0.231064,0.787582,0.038143,0.0887792,,,,
qft_n18.qasm,medium,Linear Algebra,18,802,severity,qubit_swap,0.6,0.522543,0.410836,0.724481,0.598673,0.333333,1.0,0.042903,0.103028,,,,
qft_n18_transpiled.qasm,medium,Linear Algebra,18,838,severity,gate_deletion_1q,0.1,0.967527,0.517176,0.897638,0.655372,0.584726,0.0,0.018529,0.0652545,,,,
qft_n18_transpiled.qasm,medium,Linear Algebra,18,838,severity,gate_deletion_1q,0.3,0.90171,0.473694,0.951006,0.719142,0.643198,0.0,0.033157,0.0599944,,,,
qft_n18_transpiled.qasm,medium,Linear Algebra,18,838,severity,gate_deletion_1q,0.6,0.778883,0.408414,0.956255,0.85215,0.729117,0.0,0.040718,0.0479074,,,,
qft_n18_transpiled.qasm,medium,Linear Algebra,18,838,severity,gate_deletion_2q,0.1,0.946939,0.563543,0.855643,0.541739,0.47852,0.101307,0.025359,0.0682292,,,,
qft_n18_transpiled.qasm,medium,Linear Algebra,18,838,severity,gate_deletion_2q,0.3,0.851916,0.461942,0.918635,0.635801,0.571599,0.300654,0.032815,0.0636966,,,,
qft_n18_transpiled.qasm,medium,Linear Algebra,18,838,severity,gate_deletion_2q,0.6,0.667205,0.371038,0.909886,0.711123,0.588305,0.601307,0.056639,0.0567159,,,,
qft_n18_transpiled.qasm,medium,Linear Algebra,18,838,severity,gate_insertion,0.1,0.928493,0.478617,0.995626,0.72366,0.581345,0.0,0.024889,0.1459795,,,,
qft_n18_transpiled.qasm,medium,Linear Algebra,18,838,severity,gate_insertion,0.3,0.81054,0.374727,1.0,0.95224,0.686239,0.0,0.047411,0.092912,,,,
qft_n18_transpiled.qasm,medium,Linear Algebra,18,838,severity,gate_insertion,0.6,0.698904,0.339515,1.0,1.0,0.782816,0.0,0.039217,0.1062239,,,,
qft_n18_transpiled.qasm,medium,Linear Algebra,18,838,severity,gate_substitution,0.1,1.0,0.983625,0.0,0.011327,0.062053,0.0,0.0,0.0698058,,,,
qft_n18_transpiled.qasm,medium,Linear Algebra,18,838,severity,gate_substitution,0.3,1.0,0.951353,0.0,0.033978,0.183771,0.0,0.0,0.0677719,,,,
qft_n18_transpiled.qasm,medium,Linear Algebra,18,838,severity,gate_substitution,0.6,1.0,0.903051,0.0,0.066974,0.367542,0.0,0.0,0.0672019,,,,
qft_n18_transpiled.qasm,medium,Linear Algebra,18,838,severity,gate_reorder,0.1,0.73209,0.645726,0.975503,0.545723,0.084726,0.0,0.0,0.0693662,,,,
qft_n18_transpiled.qasm,medium,Linear Algebra,18,838,severity,gate_reorder,0.3,0.84569,0.605408,1.0,0.57473,0.217184,0.0,0.0,0.0686481,,,,
qft_n18_transpiled.qasm,medium,Linear Algebra,18,838,severity,gate_reorder,0.6,0.938088,0.552367,1.0,0.630128,0.385442,0.0,0.0,0.0730271,,,,
qft_n18_transpiled.qasm,medium,Linear Algebra,18,838,severity,trojan_NOT,0.1,0.93042,0.470448,1.0,0.727115,0.613883,0.0,0.022851,0.0847079,,,,
qft_n18_transpiled.qasm,medium,Linear Algebra,18,838,severity,trojan_NOT,0.3,0.800903,0.391374,1.0,0.907962,0.682569,0.0,0.043253,0.0951981,,,,
qft_n18_transpiled.qasm,medium,Linear Algebra,18,838,severity,trojan_NOT,0.6,0.700832,0.336151,1.0,1.0,0.794749,0.0,0.048991,0.1059388,,,,
qft_n18_transpiled.qasm,medium,Linear Algebra,18,838,severity,trojan_H,0.1,0.93042,0.48448,0.964129,0.71462,0.591106,0.0,0.02562,0.0993985,,,,
qft_n18_transpiled.qasm,medium,Linear Algebra,18,838,severity,trojan_H,0.3,0.808613,0.368853,1.0,0.96571,0.699083,0.0,0.033323,0.0946124,,,,
qft_n18_transpiled.qasm,medium,Linear Algebra,18,838,severity,trojan_H,0.6,0.691195,0.339771,1.0,1.0,0.78043,0.0,0.041434,0.1118179,,,,
qft_n18_transpiled.qasm,medium,Linear Algebra,18,838,severity,qubit_swap,0.1,0.909216,0.854641,0.153106,0.130404,0.091106,0.27451,0.036285,0.0788797,,,,
qft_n18_transpiled.qasm,medium,Linear Algebra,18,838,severity,qubit_swap,0.3,0.714162,0.592742,0.44182,0.360204,0.231193,0.823529,0.039696,0.0968256,,,,
qft_n18_transpiled.qasm,medium,Linear Algebra,18,838,severity,qubit_swap,0.6,0.536992,0.404521,0.736658,0.609749,0.333333,1.0,0.049016,0.1779325,,,,
qram_n20.qasm,medium,Other,20,45,severity,gate_deletion_1q,0.1,0.990866,0.963174,0.043478,0.06868,0.022222,0.0,0.018218,0.0034221,,,,
qram_n20.qasm,medium,Other,20,45,severity,gate_deletion_1q,0.3,0.972509,0.71314,0.826087,0.209745,0.422222,0.0,0.050919,0.0036353,,,,
qram_n20.qasm,medium,Other,20,45,severity,gate_deletion_1q,0.6,0.932526,0.495168,1.0,0.581013,0.711111,0.0,0.092548,0.0031159,,,,
qram_n20.qasm,medium,Other,20,45,severity,gate_deletion_2q,0.1,0.934536,0.656182,1.0,0.335056,0.222222,0.125,0.071042,0.0032838,,,,
qram_n20.qasm,medium,Other,20,45,severity,gate_deletion_2q,0.3,0.85468,0.473403,1.0,0.522295,0.6,0.3125,0.112937,0.0030937,,,,
qram_n20.qasm,medium,Other,20,45,severity,gate_deletion_2q,0.6,0.685019,0.361086,1.0,0.655183,0.577778,0.625,0.190441,0.0029622,,,,
qram_n20.qasm,medium,Other,20,45,severity,gate_insertion,0.1,0.953984,0.586187,1.0,0.433657,0.52,0.0,0.080329,0.0037383,,,,
qram_n20.qasm,medium,Other,20,45,severity,gate_insertion,0.3,0.847074,0.404822,1.0,0.823691,0.728814,0.0,0.111235,0.0042949,,,,
qram_n20.qasm,medium,Other,20,45,severity,gate_insertion,0.6,0.76149,0.343393,1.0,1.0,0.701493,0.0,0.163085,0.0049058,,,,
qram_n20.qasm,medium,Other,20,45,severity,gate_substitution,0.1,1.0,0.994926,0.0,0.001797,0.022222,0.0,0.0,0.003405,,,,
qram_n20.qasm,medium,Other,20,45,severity,gate_substitution,0.3,1.0,0.989853,0.0,0.003595,0.044444,0.0,0.0,0.0034869,,,,
qram_n20.qasm,medium,Other,20,45,severity,gate_substitution,0.6,1.0,0.984779,0.0,0.005392,0.066667,0.0,0.0,0.0035636,,,,
qram_n20.qasm,medium,Other,20,45,severity,gate_reorder,0.1,1.0,0.725603,1.0,0.253831,0.177778,0.0,0.0,0.0033918,,,,
qram_n20.qasm,medium,Other,20,45,severity,gate_reorder,0.3,0.950899,0.560446,1.0,0.63682,0.333333,0.0,0.0,0.003491,,,,
qram_n20.qasm,medium,Other,20,45,severity,gate_reorder,0.6,0.963174,0.541165,1.0,0.552226,0.577778,0.0,0.0,0.0038316,,,,
qram_n20.qasm,medium,Other,20,45,severity,trojan_NOT,0.1,0.953984,0.652494,1.0,0.347866,0.34,0.0,0.077527,0.0047317,,,,
qram_n20.qasm,medium,Other,20,45,severity,trojan_NOT,0.3,0.859209,0.362463,1.0,0.973083,0.677966,0.0,0.113646,0.0042532,,,,
qram_n20.qasm,medium,Other,20,45,severity,trojan_NOT,0.6,0.773739,0.336563,1.0,1.0,0.746269,0.0,0.141834,0.0048239,,,,
qram_n20.qasm,medium,Other,20,45,severity,trojan_H,0.1,0.954056,0.560081,1.0,0.485656,0.56,0.0,0.079395,0.0037733,,,,
qram_n20.qasm,medium,Other,20,45,severity,trojan_H,0.3,0.847013,0.389552,1.0,0.904283,0.644068,0.0,0.151356,0.0049373,,,,
qram_n20.qasm,medium,Other,20,45,severity,trojan_H,0.6,0.761596,0.330181,1.0,1.0,0.761194,0.0,0.175803,0.0047562,,,,
qram_n20.qasm,medium,Other,20,45,severity,qubit_swap,0.1,0.942144,0.743416,0.434783,0.277459,0.1,0.3125,0.117563,0.0038136,,,,
qram_n20.qasm,medium,Other,20,45,severity,qubit_swap,0.3,0.835601,0.542068,0.463768,0.418326,0.237288,0.875,0.19495,0.0047233,,,,
qram_n20.qasm,medium,Other,20,45,severity,qubit_swap,0.6,0.750356,0.402706,0.73913,0.570047,0.328358,1.0,0.212359,0.0050666,,,,
qram_n20_transpiled.qasm,medium,Other,20,350,severity,gate_deletion_1q,0.1,0.961188,0.533041,0.978541,0.568507,0.591429,0.0,0.029144,0.0251305,,,,
qram_n20_transpiled.qasm,medium,Other,20,350,severity,gate_deletion_1q,0.3,0.886771,0.482613,0.997854,0.661027,0.642857,0.0,0.077779,0.0228199,,,,
qram_n20_transpiled.qasm,medium,Other,20,350,severity,gate_deletion_1q,0.6,0.772749,0.420468,1.0,0.785543,0.717143,0.0,0.11163,0.0202653,,,,
qram_n20_transpiled.qasm,medium,Other,20,350,severity,gate_deletion_2q,0.1,0.939684,0.54971,0.905579,0.491431,0.591429,0.102941,0.035779,0.0249883,,,,
qram_n20_transpiled.qasm,medium,Other,20,350,severity,gate_deletion_2q,0.3,0.82236,0.457671,0.909871,0.610858,0.62,0.301471,0.077537,0.0245859,,,,
qram_n20_transpiled.qasm,medium,Other,20,350,severity,gate_deletion_2q,0.6,0.622819,0.357456,0.888412,0.698571,0.654286,0.602941,0.133374,0.0204757,,,,
qram_n20_transpiled.qasm,medium,Other,20,350,severity,gate_insertion,0.1,0.953267,0.47319,1.0,0.732638,0.566234,0.0,0.071396,0.0318593,,,,
qram_n20_transpiled.qasm,medium,Other,20,350,severity,gate_insertion,0.3,0.857824,0.367184,1.0,0.913312,0.745055,0.0,0.141464,0.0400739,,,,
qram_n20_transpiled.qasm,medium,Other,20,350,severity,gate_insertion,0.6,0.766371,0.315324,1.0,1.0,0.83619,0.0,0.174383,0.0397424,,,,
qram_n20_transpiled.qasm,medium,Other,20,350,severity,gate_substitution,0.1,1.0,0.985146,0.0,0.008154,0.06,0.0,0.0,0.0260713,,,,
qram_n20_transpiled.qasm,medium,Other,20,350,severity,gate_substitution,0.3,1.0,0.955555,0.0,0.024128,0.18,0.0,0.0,0.0249415,,,,
qram_n20_transpiled.qasm,medium,Other,20,350,severity,gate_substitution,0.6,1.0,0.911299,0.0,0.047716,0.36,0.0,0.0,0.0261644,,,,
qram_n20_transpiled.qasm,medium,Other,20,350,severity,gate_reorder,0.1,0.968169,0.686134,0.937768,0.445881,0.085714,0.0,0.0,0.0251303,,,,
qram_n20_transpiled.qasm,medium,Other,20,350,severity,gate_reorder,0.3,0.932356,0.57028,1.0,0.648995,0.262857,0.0,0.0,0.0262216,,,,
qram_n20_transpiled.qasm,medium,Other,20,350,severity,gate_reorder,0.6,0.892562,0.518376,1.0,0.717294,0.402857,0.0,0.0,0.0267268,,,,
qram_n20_transpiled.qasm,medium,Other,20,350,severity,trojan_NOT,0.1,0.949288,0.458958,1.0,0.734594,0.641558,0.0,0.056223,0.0294839,,,,
qram_n20_transpiled.qasm,medium,Other,20,350,severity,trojan_NOT,0.3,0.863792,0.368816,1.0,0.915682,0.736264,0.0,0.134424,0.034168,,,,
qram_n20_transpiled.qasm,medium,Other,20,350,severity,trojan_NOT,0.6,0.758413,0.319851,1.0,1.0,0.807619,0.0,0.18625,0.0394821,,,,
qram_n20_transpiled.qasm,medium,Other,20,350,severity,trojan_H,0.1,0.953267,0.461145,1.0,0.721997,0.651948,0.0,0.057661,0.0292455,,,,
qram_n20_transpiled.qasm,medium,Other,20,350,severity,trojan_H,0.3,0.855834,0.375441,1.0,0.906724,0.723077,0.0,0.125901,0.0342663,,,,
qram_n20_transpiled.qasm,medium,Other,20,350,severity,trojan_H,0.6,0.762392,0.32584,1.0,1.0,0.784762,0.0,0.172074,0.0403784,,,,
qram_n20_transpiled.qasm,medium,Other,20,350,severity,qubit_swap,0.1,0.941323,0.700674,0.620172,0.365415,0.090909,0.257353,0.08753,0.0299931,,,,
qram_n20_transpiled.qasm,medium,Other,20,350,severity,qubit_swap,0.3,0.812049,0.409148,0.976395,0.638632,0.230769,0.772059,0.203065,0.0347605,,,,
qram_n20_transpiled.qasm,medium,Other,20,350,severity,qubit_swap,0.6,0.700693,0.274953,1.0,0.795463,0.333333,1.0,0.299683,0.0409371,,,,
sat_n11.qasm,medium,Other,11,95,severity,gate_deletion_1q,0.1,0.966302,0.532017,1.0,0.536438,0.631579,0.0,0.039138,0.0164364,0.93343,0.06657,0.2446051,0.93457
sat_n11.qasm,medium,Other,11,95,severity,gate_deletion_1q,0.3,0.908061,0.489032,1.0,0.635333,0.652632,0.0,0.080749,0.0147675,1.0,0.0,0.2593273,1.0
sat_n11.qasm,medium,Other,11,95,severity,gate_deletion_1q,0.6,0.816026,0.481857,1.0,0.636274,0.642105,0.0,0.170258,0.0125442,1.0,0.0,0.2618936,1.0
sat_n11.qasm,medium,Other,11,95,severity,gate_deletion_2q,0.1,1.0,1.0,0.0,0.0,0.0,0.0,0.0,0.0164983,0.114686,0.885314,0.2599364,0.067383
sat_n11.qasm,medium,Other,11,95,severity,gate_deletion_2q,0.3,1.0,1.0,0.0,0.0,0.0,0.0,0.0,0.0169062,0.122222,0.877778,0.2621217,0.050781
sat_n11.qasm,medium,Other,11,95,severity,gate_deletion_2q,0.6,1.0,1.0,0.0,0.0,0.0,0.0,0.0,0.0170171,0.116899,0.883101,0.269981,0.091797
sat_n11.qasm,medium,Other,11,95,severity,gate_insertion,0.1,0.941801,0.510521,1.0,0.635456,0.561905,0.0,0.04688,0.0187161,0.975784,0.024216,0.2651364,0.972656
sat_n11.qasm,medium,Other,11,95,severity,gate_insertion,0.3,0.835981,0.345794,1.0,0.98682,0.741935,0.0,0.104319,0.0216099,1.0,0.0,0.6633593,1.0
sat_n11.qasm,medium,Other,11,95,severity,gate_insertion,0.6,0.729001,0.321032,1.0,1.0,0.823944,0.0,0.141791,0.0244681,0.98015,0.01985,0.2575624,0.982422
sat_n11.qasm,medium,Other,11,95,severity,gate_substitution,0.1,1.0,0.987239,0.0,0.006385,0.052632,0.0,0.0,0.0173598,0.721769,0.278231,0.2568767,0.670898
sat_n11.qasm,medium,Other,11,95,severity,gate_substitution,0.3,1.0,0.961717,0.0,0.019155,0.157895,0.0,0.0,0.0172744,0.982651,0.017349,0.2643652,0.986328
sat_n11.qasm,medium,Other,11,95,severity,gate_substitution,0.6,1.0,0.923434,0.0,0.038309,0.315789,0.0,0.0,0.0185392,0.878671,0.121329,0.2640081,0.854492
sat_n11.qasm,medium,Other,11,95,severity,gate_reorder,0.1,0.958698,0.730352,0.945946,0.304866,0.105263,0.0,0.0,0.0171068,0.815901,0.184099,0.2693986,0.803711
sat_n11.qasm,medium,Other,11,95,severity,gate_reorder,0.3,0.958635,0.573422,1.0,0.567665,0.389474,0.0,0.0,0.0171704,1.0,0.0,0.6288909,1.0
sat_n11.qasm,medium,Other,11,95,severity,gate_reorder,0.6,0.964515,0.524734,1.0,0.664671,0.463158,0.0,0.0,0.0225272,1.0,0.0,0.6752625,1.0
sat_n11.qasm,medium,Other,11,95,severity,trojan_NOT,0.1,0.941782,0.498457,1.0,0.63207,0.619048,0.0,0.065088,0.0192728,1.0,0.0,0.2937663,1.0
sat_n11.qasm,medium,Other,11,95,severity,trojan_NOT,0.3,0.853714,0.420446,1.0,0.830182,0.637097,0.0,0.115707,0.0215293,1.0,0.0,0.2751825,1.0
sat_n11.qasm,medium,Other,11,95,severity,trojan_NOT,0.6,0.740802,0.336915,1.0,1.0,0.739437,0.0,0.151975,0.0244366,1.0,0.0,0.2654553,1.0
sat_n11.qasm,medium,Other,11,95,severity,trojan_H,0.1,0.929982,0.470968,1.0,0.695885,0.657143,0.0,0.040436,0.0188416,0.957704,0.042296,0.2668985,0.953125
sat_n11.qasm,medium,Other,11,95,severity,trojan_H,0.3,0.847814,0.402801,1.0,0.872329,0.66129,0.0,0.096261,0.0213094,0.945854,0.054146,0.2690568,0.952148
sat_n11.qasm,medium,Other,11,95,severity,trojan_H,0.6,0.74666,0.333936,1.0,1.0,0.767606,0.0,0.125426,0.0334274,1.0,0.0,0.7555022,1.0
sat_n11.qasm,medium,Other,11,95,severity,qubit_swap,0.1,0.935983,0.684943,0.277027,0.136305,0.095238,1.0,0.067488,0.026595,1.0,0.0,0.7321818,1.0
sat_n11.qasm,medium,Other,11,95,severity,qubit_swap,0.3,0.794881,0.539051,0.432432,0.363749,0.233871,1.0,0.219975,0.0342042,1.0,0.0,0.7619373,1.0
sat_n11.qasm,medium,Other,11,95,severity,qubit_swap,0.6,0.640726,0.388155,0.804054,0.582911,0.330986,1.0,0.210203,0.0354659,1.0,0.0,0.7880191,1.0
sat_n11_transpiled.qasm,medium,Other,11,735,severity,gate_deletion_1q,0.1,0.957599,0.524908,0.970287,0.581024,0.620408,0.0,0.021095,0.1023668,0.994546,0.005454,0.2466343,0.994141
sat_n11_transpiled.qasm,medium,Other,11,735,severity,gate_deletion_1q,0.3,0.873271,0.491175,1.0,0.637039,0.658503,0.0,0.041607,0.1064412,0.997226,0.002774,0.2401129,0.996094
sat_n11_transpiled.qasm,medium,Other,11,735,severity,gate_deletion_1q,0.6,0.738608,0.433159,1.0,0.727205,0.767347,0.0,0.088499,0.0942302,0.999023,0.000977,0.2339422,0.998047
sat_n11_transpiled.qasm,medium,Other,11,735,severity,gate_deletion_2q,0.1,0.938614,0.556636,0.879098,0.526688,0.522449,0.103175,0.020341,0.1188309,0.94699,0.05301,0.237707,0.954102
sat_n11_transpiled.qasm,medium,Other,11,735,severity,gate_deletion_2q,0.3,0.794765,0.487168,0.889344,0.585684,0.555102,0.301587,0.031031,0.1021931,0.969288,0.030712,0.2404793,0.974609
sat_n11_transpiled.qasm,medium,Other,11,735,severity,gate_deletion_2q,0.6,0.611309,0.400465,0.877049,0.615254,0.632653,0.603175,0.054732,0.1038049,0.921389,0.078611,0.2375753,0.930664
sat_n11_transpiled.qasm,medium,Other,11,735,severity,gate_insertion,0.1,0.9546,0.477055,1.0,0.692851,0.627936,0.0,0.048605,0.1880711,0.997179,0.002821,0.2464037,0.998047
sat_n11_transpiled.qasm,medium,Other,11,735,severity,gate_insertion,0.3,0.851832,0.388569,1.0,0.857554,0.733264,0.0,0.146348,0.1331711,0.988652,0.011348,0.2465611,0.988281
sat_n11_transpiled.qasm,medium,Other,11,735,severity,gate_insertion,0.6,0.764161,0.323574,1.0,1.0,0.793103,0.0,0.178055,0.143422,0.985894,0.014106,0.2565533,0.989258
sat_n11_transpiled.qasm,medium,Other,11,735,severity,gate_substitution,0.1,1.0,0.983311,0.0,0.010364,0.065306,0.0,0.0,0.1039574,0.969599,0.030401,0.2400557,0.972656
sat_n11_transpiled.qasm,medium,Other,11,735,severity,gate_substitution,0.3,1.0,0.949856,0.0,0.031316,0.195918,0.0,0.0,0.1105211,0.978738,0.021262,0.2451196,0.980469
sat_n11_transpiled.qasm,medium,Other,11,735,severity,gate_substitution,0.6,1.0,0.899399,0.0,0.063525,0.391837,0.0,0.0,0.1123675,0.9851,0.0149,0.2412949,0.985352
sat_n11_transpiled.qasm,medium,Other,11,735,severity,gate_reorder,0.1,0.973592,0.682395,0.928279,0.448968,0.106122,0.0,0.0,0.1185834,0.997925,0.002075,1.707276,0.99707
sat_n11_transpiled.qasm,medium,Other,11,735,severity,gate_reorder,0.3,0.939262,0.624812,0.957992,0.519123,0.24898,0.0,0.0,0.1078879,0.981951,0.018049,0.2618136,0.985352
sat_n11_transpiled.qasm,medium,Other,11,735,severity,gate_reorder,0.6,0.907573,0.579496,0.990779,0.552137,0.393197,0.0,0.0,0.0751942,1.0,0.0,1.8626195,1.0
sat_n11_transpiled.qasm,medium,Other,11,735,severity,trojan_NOT,0.1,0.950639,0.481212,1.0,0.671993,0.646477,0.0,0.04295,0.1256319,0.989442,0.010558,0.2604013,0.989258
sat_n11_transpiled.qasm,medium,Other,11,735,severity,trojan_NOT,0.3,0.860414,0.387652,1.0,0.859175,0.741632,0.0,0.133103,0.135854,1.0,0.0,0.2501971,1.0
sat_n11_transpiled.qasm,medium,Other,11,735,severity,trojan_NOT,0.6,0.76284,0.321488,1.0,1.0,0.803085,0.0,0.178953,0.1531739,0.992098,0.007902,0.270787,0.995117
sat_n11_transpiled.qasm,medium,Other,11,735,severity,trojan_H,0.1,0.95196,0.470979,1.0,0.688542,0.663782,0.0,0.052752,0.1184856,0.968113,0.031887,0.2460684,0.967773
sat_n11_transpiled.qasm,medium,Other,11,735,severity,trojan_H,0.3,0.861074,0.386839,1.0,0.869242,0.732218,0.0,0.124825,0.1137596,0.98959,0.01041,2.1112136,0.989258
sat_n11_transpiled.qasm,medium,Other,11,735,severity,trojan_H,0.6,0.772082,0.315865,1.0,1.0,0.819419,0.0,0.202512,0.1528294,0.997371,0.002629,0.2726028,0.996094
sat_n11_transpiled.qasm,medium,Other,11,735,severity,qubit_swap,0.1,0.93611,0.853843,0.158811,0.10461,0.091471,0.293651,0.086979,0.1316797,1.0,0.0,1.8879586,1.0
sat_n11_transpiled.qasm,medium,Other,11,735,severity,qubit_swap,0.3,0.813529,0.491447,0.756148,0.438254,0.231172,0.876984,0.20111,0.1941401,1.0,0.0,2.121175,1.0
sat_n11_transpiled.qasm,medium,Other,11,735,severity,qubit_swap,0.6,0.688222,0.403066,0.811475,0.515273,0.333031,1.0,0.282605,0.154269,1.0,0.0,2.5594832,1.0
seca_n11.qasm,medium,Other,11,80,severity,gate_deletion_1q,0.1,0.984461,0.764926,0.304348,0.36372,0.3,0.0,0.021195,0.0211444,1.0,0.0,0.6572414,1.0
seca_n11.qasm,medium,Other,11,80,severity,gate_deletion_1q,0.3,0.930953,0.354375,0.949275,0.980839,0.775,0.0,0.049402,0.0195004,1.0,0.0,0.6572104,1.0
seca_n11.qasm,medium,Other,11,80,severity,gate_deletion_1q,0.6,0.847051,0.387265,0.971014,0.845392,0.8125,0.0,0.086957,0.0176497,1.0,0.0,0.62974,1.0
seca_n11.qasm,medium,Other,11,80,severity,gate_deletion_2q,0.1,0.929231,0.399902,0.84058,0.937965,0.6,0.111111,0.035011,0.0208636,0.919363,0.080637,0.6755381,0.945312
seca_n11.qasm,medium,Other,11,80,severity,gate_deletion_2q,0.3,0.835458,0.323627,0.992754,0.914846,0.7125,0.305556,0.036524,0.0192909,1.0,0.0,0.6688922,1.0
seca_n11.qasm,medium,Other,11,80,severity,gate_deletion_2q,0.6,0.648173,0.194315,0.992754,1.0,0.9,0.611111,0.045494,0.0170618,0.960332,0.039668,0.6717752,0.972656
seca_n11.qasm,medium,Other,11,80,severity,gate_insertion,0.1,0.943666,0.352,1.0,1.0,0.715909,0.0,0.048185,0.0225059,1.0,0.0,0.6937576,1.0
seca_n11.qasm,medium,Other,11,80,severity,gate_insertion,0.3,0.830954,0.335,1.0,1.0,0.788462,0.0,0.073075,0.0272241,1.0,0.0,0.7301509,1.0
seca_n11.qasm,medium,Other,11,80,severity,gate_insertion,0.6,0.733179,0.301479,1.0,1.0,0.941667,0.0,0.101874,0.0307209,1.0,0.0,0.7494334,1.0
seca_n11.qasm,medium,Other,11,80,severity,gate_substitution,0.1,1.0,0.991208,0.0,0.003692,0.0375,0.0,0.0,0.0220105,1.0,0.0,0.6653291,1.0
seca_n11.qasm,medium,Other,11,80,severity,gate_substitution,0.3,1.0,0.976998,0.0,0.008576,0.1,0.0,0.0,0.0223361,0.750376,0.249624,0.6908999,0.761719
seca_n11.qasm,medium,Other,11,80,severity,gate_substitution,0.6,1.0,0.95373,0.0,0.017914,0.2,0.0,0.0,0.0212964,1.0,0.0,0.6891239,1.0
seca_n11.qasm,medium,Other,11,80,severity,gate_reorder,0.1,0.999949,0.766849,0.594203,0.318631,0.1625,0.0,0.0,0.0217534,1.0,0.0,0.6905348,1.0
seca_n11.qasm,medium,Other,11,80,severity,gate_reorder,0.3,0.998924,0.698133,0.811594,0.336079,0.3125,0.0,0.0,0.0219895,1.0,0.0,0.6801215,1.0
seca_n11.qasm,medium,Other,11,80,severity,gate_reorder,0.6,0.944807,0.421978,1.0,0.880063,0.6,0.0,0.0,0.0221865,0.991294,0.008706,0.6837779,0.995117
seca_n11.qasm,medium,Other,11,80,severity,trojan_NOT,0.1,0.94362,0.407809,0.833333,0.946463,0.659091,0.0,0.041113,0.0231605,1.0,0.0,0.6894919,1.0
seca_n11.qasm,medium,Other,11,80,severity,trojan_NOT,0.3,0.838409,0.325744,1.0,1.0,0.836538,0.0,0.069482,0.0270003,1.0,0.0,0.7298199,1.0
seca_n11.qasm,medium,Other,11,80,severity,trojan_NOT,0.6,0.74058,0.300639,1.0,1.0,0.95,0.0,0.093609,0.0306697,1.0,0.0,0.7470231,1.0
seca_n11.qasm,medium,Other,11,80,severity,trojan_H,0.1,0.936185,0.358129,1.0,1.0,0.693182,0.0,0.032343,0.024119,0.964756,0.035244,0.6848106,0.980469
seca_n11.qasm,medium,Other,11,80,severity,trojan_H,0.3,0.838428,0.322301,1.0,1.0,0.855769,0.0,0.065452,0.0268016,0.98937,0.01063,0.7121286,0.995117
seca_n11.qasm,medium,Other,11,80,severity,trojan_H,0.6,0.762884,0.30778,1.0,1.0,0.916667,0.0,0.088863,0.0312264,1.0,0.0,0.7404496,1.0
seca_n11.qasm,medium,Other,11,80,severity,qubit_swap,0.1,0.941594,0.875745,0.101449,0.117758,0.090909,0.222222,0.051957,0.0245031,0.710938,0.289062,0.6712788,0.511719
seca_n11.qasm,medium,Other,11,80,severity,qubit_swap,0.3,0.777059,0.675697,0.355072,0.241286,0.230769,0.666667,0.07105,0.0277631,1.0,0.0,0.7057508,1.0
seca_n11.qasm,medium,Other,11,80,severity,qubit_swap,0.6,0.671943,0.490172,0.572464,0.403501,0.333333,1.0,0.160663,0.0342213,0.86446,0.13554,0.7463,0.755859
seca_n11_transpiled.qasm,medium,Other,11,292,severity,gate_deletion_1q,0.1,0.957494,0.476239,0.992386,0.660906,0.702055,0.0,0.031749,0.0678714,0.99309,0.00691,0.9677399,0.99707
seca_n11_transpiled.qasm,medium,Other,11,292,severity,gate_deletion_1q,0.3,0.878262,0.38796,1.0,0.914862,0.688356,0.0,0.041675,0.0612159,1.0,0.0,0.8989499,1.0
seca_n11_transpiled.qasm,medium,Other,11,292,severity,gate_deletion_1q,0.6,0.743889,0.337488,1.0,0.992675,0.80137,0.0,0.048017,0.0473019,1.0,0.0,0.7590962,1.0
seca_n11_transpiled.qasm,medium,Other,11,292,severity,gate_deletion_2q,0.1,0.95135,0.476839,0.931472,0.654261,0.65411,0.107143,0.021981,0.0701142,0.908252,0.091748,1.002481,0.935547
seca_n11_transpiled.qasm,medium,Other,11,292,severity,gate_deletion_2q,0.3,0.847569,0.388401,0.939086,0.771475,0.671233,0.309524,0.045685,0.0649401,1.0,0.0,0.9795032,1.0
seca_n11_transpiled.qasm,medium,Other,11,292,severity,gate_deletion_2q,0.6,0.697104,0.347465,0.888325,0.755069,0.626712,0.607143,0.082412,0.0614785,0.916989,0.083011,0.937355,0.943359
seca_n11_transpiled.qasm,medium,Other,11,292,severity,gate_insertion,0.1,0.935681,0.425548,1.0,0.825677,0.661491,0.0,0.031673,0.0759879,1.0,0.0,1.0753651,1.0
seca_n11_transpiled.qasm,medium,Other,11,292,severity,gate_insertion,0.3,0.829717,0.342067,1.0,1.0,0.768421,0.0,0.042492,0.0855879,1.0,0.0,1.1647531,1.0
seca_n11_transpiled.qasm,medium,Other,11,292,severity,gate_insertion,0.6,0.709679,0.317415,1.0,1.0,0.856164,0.0,0.113517,0.0831486,1.0,0.0,1.2599719,1.0
seca_n11_transpiled.qasm,medium,Other,11,292,severity,gate_substitution,0.1,1.0,0.982181,0.0,0.011772,0.068493,0.0,0.0,0.0717003,0.92374,0.07626,1.0307825,0.948242
seca_n11_transpiled.qasm,medium,Other,11,292,severity,gate_substitution,0.3,1.0,0.945887,0.0,0.03719,0.205479,0.0,0.0,0.0566596,1.0,0.0,1.1766481,1.0
seca_n11_transpiled.qasm,medium,Other,11,292,severity,gate_substitution,0.6,1.0,0.894416,0.0,0.068792,0.407534,0.0,0.0,0.0572928,1.0,0.0,1.1278966,1.0
seca_n11_transpiled.qasm,medium,Other,11,292,severity,gate_reorder,0.1,0.994344,0.738052,0.84264,0.332496,0.09589,0.0,0.0,0.0791717,0.984389,0.015611,1.0431614,0.992188
seca_n11_transpiled.qasm,medium,Other,11,292,severity,gate_reorder,0.3,0.943665,0.595167,1.0,0.55784,0.297945,0.0,0.0,0.0723814,0.997705,0.002295,1.0511542,0.999023
seca_n11_transpiled.qasm,medium,Other,11,292,severity,gate_reorder,0.6,0.98307,0.509367,1.0,0.724705,0.434932,0.0,0.0,0.0557928,1.0,0.0,1.1414974,1.0
seca_n11_transpiled.qasm,medium,Other,11,292,severity,trojan_NOT,0.1,0.935686,0.425189,1.0,0.834926,0.642857,0.0,0.040151,0.0791246,1.0,0.0,1.0750404,1.0
seca_n11_transpiled.qasm,medium,Other,11,292,severity,trojan_NOT,0.3,0.835346,0.336585,1.0,1.0,0.773684,0.0,0.086781,0.0795499,1.0,0.0,1.1730046,1.0
seca_n11_transpiled.qasm,medium,Other,11,292,severity,trojan_NOT,0.6,0.718122,0.322046,1.0,1.0,0.835616,0.0,0.108305,0.0978389,1.0,0.0,1.2481035,1.0
seca_n11_transpiled.qasm,medium,Other,11,292,severity,trojan_H,0.1,0.938502,0.430261,1.0,0.816239,0.649068,0.0,0.042412,0.0815905,1.0,0.0,1.0484328,1.0
seca_n11_transpiled.qasm,medium,Other,11,292,severity,trojan_H,0.3,0.835353,0.330608,1.0,1.0,0.8,0.0,0.093918,0.0754157,1.0,0.0,1.1477398,1.0
seca_n11_transpiled.qasm,medium,Other,11,292,severity,trojan_H,0.6,0.72094,0.327188,1.0,1.0,0.812785,0.0,0.102548,0.0970648,0.997665,0.002335,1.2115873,0.999023
seca_n11_transpiled.qasm,medium,Other,11,292,severity,qubit_swap,0.1,0.912509,0.839173,0.149746,0.116835,0.093168,0.357143,0.074106,0.1506501,0.859331,0.140669,1.0499645,0.746094
seca_n11_transpiled.qasm,medium,Other,11,292,severity,qubit_swap,0.3,0.778368,0.571799,0.431472,0.299726,0.231579,1.0,0.122605,0.0878699,1.0,0.0,1.115449,1.0
seca_n11_transpiled.qasm,medium,Other,11,292,severity,qubit_swap,0.6,0.604822,0.4314,0.725888,0.511688,0.333333,1.0,0.139597,0.0960108,1.0,0.0,1.231348,1.0
square_root_n18.qasm,medium,Other,18,558,severity,gate_deletion_1q,0.1,0.969766,0.43814,1.0,0.737653,0.759857,0.0,0.017103,0.040856,,,,
square_root_n18.qasm,medium,Other,18,558,severity,gate_deletion_1q,0.3,0.90929,0.421344,1.0,0.753783,0.799283,0.0,0.049754,0.0370735,,,,
square_root_n18.qasm,medium,Other,18,558,severity,gate_deletion_1q,0.6,0.814349,0.399481,1.0,0.789846,0.835125,0.0,0.070479,0.0332648,,,,
square_root_n18.qasm,medium,Other,18,558,severity,gate_deletion_2q,0.1,0.960163,0.444852,1.0,0.651127,0.772401,0.101695,0.024348,0.0419781,,,,
square_root_n18.qasm,medium,Other,18,558,severity,gate_deletion_2q,0.3,0.880486,0.348079,1.0,0.757734,0.849462,0.305085,0.058048,0.0398858,,,,
square_root_n18.qasm,medium,Other,18,558,severity,gate_deletion_2q,0.6,0.751418,0.268444,1.0,0.789691,0.860215,0.601695,0.127823,0.0390485,,,,
square_root_n18.qasm,medium,Other,18,558,severity,gate_insertion,0.1,0.947107,0.386432,1.0,0.851827,0.807818,0.0,0.038651,0.0470081,,,,
square_root_n18.qasm,medium,Other,18,558,severity,gate_insertion,0.3,0.837113,0.319826,1.0,1.0,0.869146,0.0,0.063452,0.0555995,,,,
square_root_n18.qasm,medium,Other,18,558,severity,gate_insertion,0.6,0.744775,0.316891,1.0,1.0,0.886499,0.0,0.058088,0.063111,,,,
square_root_n18.qasm,medium,Other,18,558,severity,gate_substitution,0.1,1.0,0.990057,0.0,0.003832,0.043011,0.0,0.0,0.042645,,,,
square_root_n18.qasm,medium,Other,18,558,severity,gate_substitution,0.3,1.0,0.971037,0.0,0.011066,0.125448,0.0,0.0,0.0421209,,,,
square_root_n18.qasm,medium,Other,18,558,severity,gate_substitution,0.6,1.0,0.942033,0.0,0.022252,0.250896,0.0,0.0,0.0419675,,,,
square_root_n18.qasm,medium,Other,18,558,severity,gate_reorder,0.1,0.935392,0.591901,1.0,0.655501,0.143369,0.0,0.0,0.0451858,,,,
square_root_n18.qasm,medium,Other,18,558,severity,gate_reorder,0.3,0.901681,0.524344,1.0,0.720512,0.367384,0.0,0.0,0.0432198,,,,
square_root_n18.qasm,medium,Other,18,558,severity,gate_reorder,0.6,0.910115,0.491557,1.0,0.69847,0.569892,0.0,0.0,0.0430284,,,,
square_root_n18.qasm,medium,Other,18,558,severity,trojan_NOT,0.1,0.944296,0.390283,1.0,0.844276,0.807818,0.0,0.026572,0.0468971,,,,
square_root_n18.qasm,medium,Other,18,558,severity,trojan_NOT,0.3,0.848347,0.322929,1.0,1.0,0.859504,0.0,0.0517,0.0562729,,,,
square_root_n18.qasm,medium,Other,18,558,severity,trojan_NOT,0.6,0.747584,0.316154,1.0,1.0,0.890084,0.0,0.058294,0.0633286,,,,
square_root_n18.qasm,medium,Other,18,558,severity,trojan_H,0.1,0.949915,0.392983,1.0,0.854756,0.773616,0.0,0.031293,0.047178,,,,
square_root_n18.qasm,medium,Other,18,558,severity,trojan_H,0.3,0.841325,0.326246,1.0,1.0,0.84573,0.0,0.04608,0.0548044,,,,
square_root_n18.qasm,medium,Other,18,558,severity,trojan_H,0.6,0.744774,0.313614,1.0,1.0,0.892473,0.0,0.078917,0.0644517,,,,
square_root_n18.qasm,medium,Other,18,558,severity,qubit_swap,0.1,0.934471,0.818261,0.153576,0.115443,0.091205,0.474576,0.051413,0.0478856,,,,
square_root_n18.qasm,medium,Other,18,558,severity,qubit_swap,0.3,0.793588,0.556069,0.410317,0.366689,0.231405,1.0,0.077608,0.0578143,,,,
square_root_n18.qasm,medium,Other,18,558,severity,qubit_swap,0.6,0.666145,0.417052,0.657679,0.595158,0.333333,1.0,0.093245,0.0654395,,,,
swap_test_n25.qasm,medium,Other,25,39,severity,gate_deletion_1q,0.1,0.965843,0.730708,0.763158,0.305166,0.205128,0.0,0.069841,0.0028359,,,,
swap_test_n25.qasm,medium,Other,25,39,severity,gate_deletion_1q,0.3,0.878261,0.487458,1.0,0.719189,0.461538,0.0,0.185185,0.0037931,,,,
swap_test_n25.qasm,medium,Other,25,39,severity,gate_deletion_1q,0.6,0.786612,0.328026,1.0,0.966021,0.769231,0.0,0.300207,0.0018734,,,,
swap_test_n25.qasm,medium,Other,25,39,severity,gate_deletion_2q,0.1,1.0,1.0,0.0,0.0,0.0,0.0,0.0,0.0028999,,,,
swap_test_n25.qasm,medium,Other,25,39,severity,gate_deletion_2q,0.3,1.0,1.0,0.0,0.0,0.0,0.0,0.0,0.0030817,,,,
swap_test_n25.qasm,medium,Other,25,39,severity,gate_deletion_2q,0.6,1.0,1.0,0.0,0.0,0.0,0.0,0.0,0.0028777,,,,
swap_test_n25.qasm,medium,Other,25,39,severity,gate_insertion,0.1,0.954514,0.593688,1.0,0.503202,0.348837,0.0,0.104241,0.0031691,,,,
swap_test_n25.qasm,medium,Other,25,39,severity,gate_insertion,0.3,0.844567,0.363178,1.0,1.0,0.588235,0.0,0.191746,0.0037471,,,,
swap_test_n25.qasm,medium,Other,25,39,severity,gate_insertion,0.6,0.765187,0.337795,1.0,1.0,0.689655,0.0,0.242741,0.0041296,,,,
swap_test_n25.qasm,medium,Other,25,39,severity,gate_substitution,0.1,1.0,0.980986,0.0,0.010371,0.076923,0.0,0.0,0.0029063,,,,
swap_test_n25.qasm,medium,Other,25,39,severity,gate_substitution,0.3,1.0,0.94627,0.0,0.036298,0.205128,0.0,0.0,0.0030128,,,,
swap_test_n25.qasm,medium,Other,25,39,severity,gate_substitution,0.6,1.0,0.894953,0.0,0.065702,0.410256,0.0,0.0,0.0028444,,,,
swap_test_n25.qasm,medium,Other,25,39,severity,gate_reorder,0.1,1.0,0.573127,1.0,0.67385,0.205128,0.0,0.0,0.0028792,,,,
swap_test_n25.qasm,medium,Other,25,39,severity,gate_reorder,0.3,0.980889,0.568257,1.0,0.658459,0.25641,0.0,0.0,0.0029794,,,,
swap_test_n25.qasm,medium,Other,25,39,severity,gate_reorder,0.6,1.0,0.521524,1.0,0.718723,0.384615,0.0,0.0,0.0028571,,,,
swap_test_n25.qasm,medium,Other,25,39,severity,trojan_NOT,0.1,0.954514,0.58082,1.0,0.539967,0.348837,0.0,0.104241,0.0033882,,,,
swap_test_n25.qasm,medium,Other,25,39,severity,trojan_NOT,0.3,0.844567,0.349382,1.0,1.0,0.647059,0.0,0.212063,0.0036473,,,,
swap_test_n25.qasm,medium,Other,25,39,severity,trojan_NOT,0.6,0.746076,0.325979,1.0,1.0,0.741379,0.0,0.257453,0.0041049,,,,
swap_test_n25.qasm,medium,Other,25,39,severity,trojan_H,0.1,0.935403,0.531127,1.0,0.708525,0.302326,0.0,0.104241,0.0032806,,,,
swap_test_n25.qasm,medium,Other,25,39,severity,trojan_H,0.3,0.844567,0.370376,1.0,0.998942,0.54902,0.0,0.201905,0.0036865,,,,
swap_test_n25.qasm,medium,Other,25,39,severity,trojan_H,0.6,0.765187,0.321059,1.0,1.0,0.758621,0.0,0.272164,0.0041832,,,,
swap_test_n25.qasm,medium,Other,25,39,severity,qubit_swap,0.1,0.954642,0.572917,0.736842,0.229784,0.093023,1.0,0.175274,0.0032095,,,,
swap_test_n25.qasm,medium,Other,25,39,severity,qubit_swap,0.3,0.844988,0.252346,1.0,0.924132,0.235294,1.0,0.271483,0.003858,,,,
swap_test_n25.qasm,medium,Other,25,39,severity,qubit_swap,0.6,0.689195,0.271808,1.0,0.797536,0.327586,1.0,0.335376,0.0042413,,,,
swap_test_n25_transpiled.qasm,medium,Other,25,367,severity,gate_deletion_1q,0.1,0.95859,0.542666,0.849315,0.579372,0.613079,0.0,0.045411,0.0261133,,,,
swap_test_n25_transpiled.qasm,medium,Other,25,367,severity,gate_deletion_1q,0.3,0.875667,0.486685,0.849315,0.717813,0.618529,0.0,0.109771,0.0226974,,,,
swap_test_n25_transpiled.qasm,medium,Other,25,367,severity,gate_deletion_1q,0.6,0.742434,0.368756,0.956621,0.895246,0.792916,0.0,0.158315,0.0186452,,,,
swap_test_n25_transpiled.qasm,medium,Other,25,367,severity,gate_deletion_2q,0.1,0.939089,0.646241,0.630137,0.416328,0.444142,0.104167,0.038614,0.0269038,,,,
swap_test_n25_transpiled.qasm,medium,Other,25,367,severity,gate_deletion_2q,0.3,0.811278,0.547637,0.703196,0.524598,0.479564,0.302083,0.069445,0.0260418,,,,
swap_test_n25_transpiled.qasm,medium,Other,25,367,severity,gate_deletion_2q,0.6,0.602418,0.437228,0.707763,0.611326,0.553134,0.604167,0.111838,0.0245993,,,,
swap_test_n25_transpiled.qasm,medium,Other,25,367,severity,gate_insertion,0.1,0.950225,0.500424,0.869863,0.653548,0.670792,0.0,0.061961,0.0324438,,,,
swap_test_n25_transpiled.qasm,medium,Other,25,367,severity,gate_insertion,0.3,0.855717,0.365314,1.0,0.932047,0.751046,0.0,0.082608,0.0363418,,,,
swap_test_n25_transpiled.qasm,medium,Other,25,367,severity,gate_insertion,0.6,0.746023,0.323859,1.0,1.0,0.821818,0.0,0.117774,0.0412594,,,,
swap_test_n25_transpiled.qasm,medium,Other,25,367,severity,gate_substitution,0.1,1.0,0.982302,0.0,0.008526,0.073569,0.0,0.0,0.0271109,,,,
swap_test_n25_transpiled.qasm,medium,Other,25,367,severity,gate_substitution,0.3,1.0,0.947673,0.0,0.023386,0.220708,0.0,0.0,0.0273404,,,,
swap_test_n25_transpiled.qasm,medium,Other,25,367,severity,gate_substitution,0.6,1.0,0.894139,0.0,0.050221,0.441417,0.0,0.0,0.0265891,,,,
swap_test_n25_transpiled.qasm,medium,Other,25,367,severity,gate_reorder,0.1,0.96477,0.678387,0.785388,0.527804,0.095368,0.0,0.0,0.0286934,,,,
swap_test_n25_transpiled.qasm,medium,Other,25,367,severity,gate_reorder,0.3,0.914448,0.592472,0.888128,0.618694,0.288828,0.0,0.0,0.0268266,,,,
swap_test_n25_transpiled.qasm,medium,Other,25,367,severity,gate_reorder,0.6,0.904384,0.547954,0.89726,0.66568,0.422343,0.0,0.0,0.0280539,,,,
swap_test_n25_transpiled.qasm,medium,Other,25,367,severity,trojan_NOT,0.1,0.952741,0.502901,0.878995,0.655921,0.65099,0.0,0.05479,0.0317753,,,,
swap_test_n25_transpiled.qasm,medium,Other,25,367,severity,trojan_NOT,0.3,0.855717,0.350015,1.0,0.951834,0.778243,0.0,0.111942,0.0360663,,,,
swap_test_n25_transpiled.qasm,medium,Other,25,367,severity,trojan_NOT,0.6,0.748539,0.327823,1.0,1.0,0.798182,0.0,0.12541,0.0403993,,,,
swap_test_n25_transpiled.qasm,medium,Other,25,367,severity,trojan_H,0.1,0.947709,0.498053,0.883562,0.656596,0.668317,0.0,0.059413,0.0334877,,,,
swap_test_n25_transpiled.qasm,medium,Other,25,367,severity,trojan_H,0.3,0.855717,0.355315,1.0,0.96712,0.730126,0.0,0.101677,0.0358129,,,,
swap_test_n25_transpiled.qasm,medium,Other,25,367,severity,trojan_H,0.6,0.753571,0.327417,1.0,1.0,0.812727,0.0,0.100375,0.0416919,,,,
swap_test_n25_transpiled.qasm,medium,Other,25,367,severity,qubit_swap,0.1,0.93259,0.658331,0.630137,0.405999,0.091584,0.385417,0.096488,0.0324377,,,,
swap_test_n25_transpiled.qasm,medium,Other,25,367,severity,qubit_swap,0.3,0.797797,0.360752,0.990868,0.664312,0.232218,1.0,0.11665,0.03639,,,,
swap_test_n25_transpiled.qasm,medium,Other,25,367,severity,qubit_swap,0.6,0.685558,0.269156,1.0,0.861203,0.332727,1.0,0.128772,0.0427368,,,,
wstate_n27.qasm,medium,State Prep,27,133,severity,gate_deletion_1q,0.1,0.959532,0.679008,1.0,0.377165,0.165414,0.0,0.05902,0.0090583,,,,
wstate_n27.qasm,medium,State Prep,27,133,severity,gate_deletion_1q,0.3,0.868173,0.456351,1.0,0.747156,0.609023,0.0,0.103404,0.0080976,,,,
wstate_n27.qasm,medium,State Prep,27,133,severity,gate_deletion_1q,0.6,0.762167,0.413144,1.0,0.724996,0.849624,0.0,0.131829,0.0082243,,,,
wstate_n27.qasm,medium,State Prep,27,133,severity,gate_deletion_2q,0.1,0.839144,0.517129,1.0,0.653206,0.368421,0.115385,0.074877,0.0090621,,,,
wstate_n27.qasm,medium,State Prep,27,133,severity,gate_deletion_2q,0.3,0.680266,0.395089,1.0,0.804605,0.496241,0.307692,0.125129,0.0085085,,,,
wstate_n27.qasm,medium,State Prep,27,133,severity,gate_deletion_2q,0.6,0.490429,0.29333,1.0,0.789332,0.714286,0.615385,0.144695,0.0075523,,,,
wstate_n27.qasm,medium,State Prep,27,133,severity,gate_insertion,0.1,0.945914,0.522175,1.0,0.577722,0.591837,0.0,0.072543,0.0108203,,,,
wstate_n27.qasm,medium,State Prep,27,133,severity,gate_insertion,0.3,0.859532,0.334944,1.0,1.0,0.768786,0.0,0.112989,0.0123197,,,,
wstate_n27.qasm,medium,State Prep,27,133,severity,gate_insertion,0.6,0.778353,0.310016,1.0,1.0,0.879397,0.0,0.141051,0.0138287,,,,
wstate_n27.qasm,medium,State Prep,27,133,severity,gate_substitution,0.1,1.0,0.989009,0.0,0.005624,0.045113,0.0,0.0,0.0100313,,,,
wstate_n27.qasm,medium,State Prep,27,133,severity,gate_substitution,0.3,1.0,0.970959,0.0,0.01423,0.120301,0.0,0.0,0.0094456,,,,
wstate_n27.qasm,medium,State Prep,27,133,severity,gate_substitution,0.6,1.0,0.9416,0.0,0.029371,0.240602,0.0,0.0,0.0094211,,,,
wstate_n27.qasm,medium,State Prep,27,133,severity,gate_reorder,0.1,0.861949,0.639314,0.95082,0.549998,0.12782,0.0,0.0,0.0113967,,,,
wstate_n27.qasm,medium,State Prep,27,133,severity,gate_reorder,0.3,0.791009,0.614117,1.0,0.476315,0.345865,0.0,0.0,0.0097815,,,,
wstate_n27.qasm,medium,State Prep,27,133,severity,gate_reorder,0.6,0.80184,0.529107,1.0,0.607493,0.541353,0.0,0.0,0.0097161,,,,
wstate_n27.qasm,medium,State Prep,27,133,severity,trojan_NOT,0.1,0.945914,0.516933,1.0,0.6086,0.557823,0.0,0.084929,0.0107248,,,,
wstate_n27.qasm,medium,State Prep,27,133,severity,trojan_NOT,0.3,0.854367,0.331376,1.0,0.996626,0.791908,0.0,0.114235,0.0121578,,,,
wstate_n27.qasm,medium,State Prep,27,133,severity,trojan_NOT,0.6,0.768024,0.319465,1.0,1.0,0.854271,0.0,0.096806,0.0136597,,,,
wstate_n27.qasm,medium,State Prep,27,133,severity,trojan_H,0.1,0.951079,0.532419,1.0,0.604226,0.496599,0.0,0.067825,0.010437,,,,
wstate_n27.qasm,medium,State Prep,27,133,severity,trojan_H,0.3,0.854367,0.32795,1.0,1.0,0.809249,0.0,0.102,0.0119565,,,,
wstate_n27.qasm,medium,State Prep,27,133,severity,trojan_H,0.6,0.773188,0.322328,1.0,1.0,0.829146,0.0,0.118432,0.0135637,,,,
wstate_n27.qasm,medium,State Prep,27,133,severity,qubit_swap,0.1,0.940816,0.82538,0.196721,0.184559,0.095238,0.269231,0.076226,0.0120583,,,,
wstate_n27.qasm,medium,State Prep,27,133,severity,qubit_swap,0.3,0.833877,0.557659,0.519126,0.439235,0.231214,0.769231,0.106513,0.0123243,,,,
wstate_n27.qasm,medium,State Prep,27,133,severity,qubit_swap,0.6,0.711463,0.380006,0.781421,0.638785,0.331658,1.0,0.12875,0.0138796,,,,
wstate_n27_transpiled.qasm,medium,State Prep,27,237,severity,gate_deletion_1q,0.1,0.942286,0.54085,0.923345,0.51943,0.662447,0.0,0.063578,0.0150207,,,,
wstate_n27_transpiled.qasm,medium,State Prep,27,237,severity,gate_deletion_1q,0.3,0.833943,0.478949,0.968641,0.654626,0.670886,0.0,0.124582,0.0132456,,,,
wstate_n27_transpiled.qasm,medium,State Prep,27,237,severity,gate_deletion_1q,0.6,0.677546,0.399102,1.0,0.788625,0.805907,0.0,0.136975,0.0099884,,,,
wstate_n27_transpiled.qasm,medium,State Prep,27,237,severity,gate_deletion_2q,0.1,0.835421,0.522699,0.864111,0.69957,0.375527,0.115385,0.046519,0.0167451,,,,
wstate_n27_transpiled.qasm,medium,State Prep,27,237,severity,gate_deletion_2q,0.3,0.682501,0.453806,0.881533,0.762289,0.388186,0.307692,0.07987,0.0153439,,,,
wstate_n27_transpiled.qasm,medium,State Prep,27,237,severity,gate_deletion_2q,0.6,0.541704,0.391448,0.836237,0.738871,0.468354,0.615385,0.077632,0.014218,,,,
wstate_n27_transpiled.qasm,medium,State Prep,27,237,severity,gate_insertion,0.1,0.954628,0.490561,0.982578,0.601757,0.727969,0.0,0.058435,0.0853959,,,,
wstate_n27_transpiled.qasm,medium,State Prep,27,237,severity,gate_insertion,0.3,0.855576,0.367836,1.0,0.906608,0.773463,0.0,0.101587,0.0214629,,,,
wstate_n27_transpiled.qasm,medium,State Prep,27,237,severity,gate_insertion,0.6,0.774092,0.320094,1.0,1.0,0.830986,0.0,0.137087,0.0242262,,,,
wstate_n27_transpiled.qasm,medium,State Prep,27,237,severity,gate_substitution,0.1,1.0,0.983257,0.0,0.009259,0.067511,0.0,0.0,0.0164588,,,,
wstate_n27_transpiled.qasm,medium,State Prep,27,237,severity,gate_substitution,0.3,1.0,0.949813,0.0,0.02766,0.202532,0.0,0.0,0.0166263,,,,
wstate_n27_transpiled.qasm,medium,State Prep,27,237,severity,gate_substitution,0.6,1.0,0.900652,0.0,0.054798,0.400844,0.0,0.0,0.0169763,,,,
wstate_n27_transpiled.qasm,medium,State Prep,27,237,severity,gate_reorder,0.1,0.895348,0.705018,0.69338,0.470899,0.130802,0.0,0.0,0.0160902,,,,
wstate_n27_transpiled.qasm,medium,State Prep,27,237,severity,gate_reorder,0.3,0.792155,0.597763,1.0,0.522969,0.345992,0.0,0.0,0.0163193,,,,
wstate_n27_transpiled.qasm,medium,State Prep,27,237,severity,gate_reorder,0.6,0.763305,0.482309,1.0,0.768447,0.493671,0.0,0.0,0.0162908,,,,
wstate_n27_transpiled.qasm,medium,State Prep,27,237,severity,trojan_NOT,0.1,0.949317,0.505399,0.954704,0.592303,0.689655,0.0,0.061582,0.0177979,,,,
wstate_n27_transpiled.qasm,medium,State Prep,27,237,severity,trojan_NOT,0.3,0.861246,0.360572,1.0,0.935821,0.763754,0.0,0.091399,0.0219571,,,,
wstate_n27_transpiled.qasm,medium,State Prep,27,237,severity,trojan_NOT,0.6,0.774092,0.327008,1.0,1.0,0.805634,0.0,0.118655,0.0237463,,,,
wstate_n27_transpiled.qasm,medium,State Prep,27,237,severity,trojan_H,0.1,0.954628,0.524367,0.961672,0.556613,0.662835,0.0,0.040006,0.017936,,,,
wstate_n27_transpiled.qasm,medium,State Prep,27,237,severity,trojan_H,0.3,0.863901,0.369768,1.0,0.897924,0.773463,0.0,0.112661,0.0206639,,,,
wstate_n27_transpiled.qasm,medium,State Prep,27,237,severity,trojan_H,0.6,0.782058,0.316911,1.0,1.0,0.864789,0.0,0.101309,0.0236615,,,,
wstate_n27_transpiled.qasm,medium,State Prep,27,237,severity,qubit_swap,0.1,0.941343,0.788819,0.216028,0.171902,0.091954,0.461538,0.079129,0.0194655,,,,
wstate_n27_transpiled.qasm,medium,State Prep,27,237,severity,qubit_swap,0.3,0.829366,0.521413,0.543554,0.407596,0.23301,1.0,0.077933,0.0220653,,,,
wstate_n27_transpiled.qasm,medium,State Prep,27,237,severity,qubit_swap,0.6,0.728926,0.367429,0.87108,0.640106,0.332394,1.0,0.113928,0.0249244,,,,
adder_n28.qasm,large,Arithmetic,28,117,severity,gate_deletion_1q,0.1,0.982778,0.599949,1.0,0.450682,0.444444,0.0,0.034236,0.0083007,,,,
adder_n28.qasm,large,Arithmetic,28,117,severity,gate_deletion_1q,0.3,0.955243,0.584373,1.0,0.594869,0.25641,0.0,0.061406,0.007742,,,,
adder_n28.qasm,large,Arithmetic,28,117,severity,gate_deletion_1q,0.6,0.913893,0.451182,1.0,0.709235,0.717949,0.0,0.069959,0.0071046,,,,
adder_n28.qasm,large,Arithmetic,28,117,severity,gate_deletion_2q,0.1,0.860205,0.569567,1.0,0.523377,0.333333,0.117647,0.070547,0.0080667,,,,
adder_n28.qasm,large,Arithmetic,28,117,severity,gate_deletion_2q,0.3,0.829034,0.424438,1.0,0.701274,0.547009,0.313725,0.079691,0.008783,,,,
adder_n28.qasm,large,Arithmetic,28,117,severity,gate_deletion_2q,0.6,0.593108,0.326021,1.0,0.713736,0.700855,0.607843,0.124321,0.0065448,,,,
adder_n28.qasm,large,Arithmetic,28,117,severity,gate_insertion,0.1,0.951362,0.488043,1.0,0.769945,0.434109,0.0,0.056548,0.0107668,,,,
adder_n28.qasm,large,Arithmetic,28,117,severity,gate_insertion,0.3,0.848206,0.34896,1.0,0.976399,0.751634,0.0,0.089738,0.010587,,,,
adder_n28.qasm,large,Arithmetic,28,117,severity,gate_insertion,0.6,0.765839,0.333404,1.0,1.0,0.782857,0.0,0.100242,0.0118762,,,,
adder_n28.qasm,large,Arithmetic,28,117,severity,gate_substitution,0.1,1.0,0.996217,0.0,0.00104,0.017094,0.0,0.0,0.0088167,,,,
adder_n28.qasm,large,Arithmetic,28,117,severity,gate_substitution,0.3,1.0,0.992434,0.0,0.002081,0.034188,0.0,0.0,0.0084592,,,,
adder_n28.qasm,large,Arithmetic,28,117,severity,gate_substitution,0.6,1.0,0.984868,0.0,0.004162,0.068376,0.0,0.0,0.0085687,,,,
adder_n28.qasm,large,Arithmetic,28,117,severity,gate_reorder,0.1,0.984126,0.693237,1.0,0.340447,0.188034,0.0,0.0,0.0085756,,,,
adder_n28.qasm,large,Arithmetic,28,117,severity,gate_reorder,0.3,0.963822,0.589767,1.0,0.543279,0.350427,0.0,0.0,0.0085421,,,,
adder_n28.qasm,large,Arithmetic,28,117,severity,gate_reorder,0.6,0.861353,0.498726,1.0,0.715485,0.504274,0.0,0.0,0.0086065,,,,
adder_n28.qasm,large,Arithmetic,28,117,severity,trojan_NOT,0.1,0.94541,0.492324,1.0,0.759818,0.426357,0.0,0.064682,0.0094118,,,,
adder_n28.qasm,large,Arithmetic,28,117,severity,trojan_NOT,0.3,0.862062,0.35539,1.0,0.964679,0.732026,0.0,0.105668,0.0120945,,,,
adder_n28.qasm,large,Arithmetic,28,117,severity,trojan_NOT,0.6,0.786298,0.332037,1.0,1.0,0.782857,0.0,0.113914,0.0120715,,,,
adder_n28.qasm,large,Arithmetic,28,117,severity,trojan_H,0.1,0.952002,0.460439,1.0,0.794218,0.527132,0.0,0.061583,0.0094969,,,,
adder_n28.qasm,large,Arithmetic,28,117,severity,trojan_H,0.3,0.868656,0.359542,1.0,0.965765,0.712418,0.0,0.099562,0.011053,,,,
adder_n28.qasm,large,Arithmetic,28,117,severity,trojan_H,0.6,0.759229,0.323972,1.0,1.0,0.834286,0.0,0.091711,0.0120091,,,,
adder_n28.qasm,large,Arithmetic,28,117,severity,qubit_swap,0.1,0.919105,0.829757,0.181818,0.195169,0.093023,0.235294,0.08998,0.0093228,,,,
adder_n28.qasm,large,Arithmetic,28,117,severity,qubit_swap,0.3,0.82996,0.551968,0.5,0.495874,0.235294,0.705882,0.112404,0.010995,,,,
adder_n28.qasm,large,Arithmetic,28,117,severity,qubit_swap,0.6,0.708079,0.371404,0.710227,0.685802,0.331429,1.0,0.157456,0.0124207,,,,
adder_n28_transpiled.qasm,large,Arithmetic,28,525,severity,gate_deletion_1q,0.1,0.955058,0.482431,1.0,0.691319,0.611429,0.0,0.03322,0.0397476,,,,
adder_n28_transpiled.qasm,large,Arithmetic,28,525,severity,gate_deletion_1q,0.3,0.873793,0.434137,1.0,0.797275,0.660952,0.0,0.046259,0.0350664,,,,
adder_n28_transpiled.qasm,large,Arithmetic,28,525,severity,gate_deletion_1q,0.6,0.7414,0.351337,1.0,0.972191,0.748571,0.0,0.086817,0.0295608,,,,
adder_n28_transpiled.qasm,large,Arithmetic,28,525,severity,gate_deletion_2q,0.1,0.934123,0.48309,0.990223,0.643425,0.6,0.102564,0.026645,0.0395338,,,,
adder_n28_transpiled.qasm,large,Arithmetic,28,525,severity,gate_deletion_2q,0.3,0.803382,0.40246,0.980447,0.731922,0.645714,0.302564,0.046443,0.0370875,,,,
adder_n28_transpiled.qasm,large,Arithmetic,28,525,severity,gate_deletion_2q,0.6,0.541288,0.292505,0.962291,0.872052,0.653333,0.6,0.072665,0.0340929,,,,
adder_n28_transpiled.qasm,large,Arithmetic,28,525,severity,gate_insertion,0.1,0.954695,0.416868,1.0,0.839535,0.66609,0.0,0.060766,0.0462664,,,,
adder_n28_transpiled.qasm,large,Arithmetic,28,525,severity,gate_insertion,0.3,0.863083,0.342287,1.0,1.0,0.754026,0.0,0.069076,0.0539954,,,,
adder_n28_transpiled.qasm,large,Arithmetic,28,525,severity,gate_insertion,0.6,0.777205,0.322911,1.0,1.0,0.829733,0.0,0.11142,0.0615027,,,,
adder_n28_transpiled.qasm,large,Arithmetic,28,525,severity,gate_substitution,0.1,1.0,0.985679,0.0,0.007177,0.059048,0.0,0.0,0.0416538,,,,
adder_n28_transpiled.qasm,large,Arithmetic,28,525,severity,gate_substitution,0.3,1.0,0.958099,0.0,0.020669,0.173333,0.0,0.0,0.0402758,,,,
adder_n28_transpiled.qasm,large,Arithmetic,28,525,severity,gate_substitution,0.6,1.0,0.916039,0.0,0.042883,0.344762,0.0,0.0,0.0405016,,,,
adder_n28_transpiled.qasm,large,Arithmetic,28,525,severity,gate_reorder,0.1,0.951652,0.602337,1.0,0.635773,0.125714,0.0,0.0,0.0402444,,,,
adder_n28_transpiled.qasm,large,Arithmetic,28,525,severity,gate_reorder,0.3,0.88147,0.553589,1.0,0.677092,0.297143,0.0,0.0,0.0406978,,,,
adder_n28_transpiled.qasm,large,Arithmetic,28,525,severity,gate_reorder,0.6,0.814493,0.494435,1.0,0.755764,0.455238,0.0,0.0,0.0402346,,,,
adder_n28_transpiled.qasm,large,Arithmetic,28,525,severity,trojan_NOT,0.1,0.953626,0.403919,1.0,0.864792,0.697232,0.0,0.039575,0.0456601,,,,
adder_n28_transpiled.qasm,large,Arithmetic,28,525,severity,trojan_NOT,0.3,0.863083,0.341456,1.0,1.0,0.746706,0.0,0.092025,0.0572352,,,,
adder_n28_transpiled.qasm,large,Arithmetic,28,525,severity,trojan_NOT,0.6,0.772281,0.323282,1.0,1.0,0.822109,0.0,0.122958,0.0625655,,,,
adder_n28_transpiled.qasm,large,Arithmetic,28,525,severity,trojan_H,0.1,0.954695,0.407796,1.0,0.881127,0.647059,0.0,0.043976,0.0450323,,,,
adder_n28_transpiled.qasm,large,Arithmetic,28,525,severity,trojan_H,0.3,0.868008,0.331229,1.0,1.0,0.79795,0.0,0.091809,0.0596757,,,,
adder_n28_transpiled.qasm,large,Arithmetic,28,525,severity,trojan_H,0.6,0.774743,0.320242,1.0,1.0,0.839898,0.0,0.117781,0.069015,,,,
adder_n28_transpiled.qasm,large,Arithmetic,28,525,severity,qubit_swap,0.1,0.942706,0.831157,0.171788,0.179696,0.091696,0.271795,0.074835,0.051013,,,,
adder_n28_transpiled.qasm,large,Arithmetic,28,525,severity,qubit_swap,0.3,0.833856,0.535785,0.452514,0.486685,0.231332,0.810256,0.176808,0.0611311,,,,
adder_n28_transpiled.qasm,large,Arithmetic,28,525,severity,qubit_swap,0.6,0.719658,0.328644,0.751397,0.770735,0.33291,1.0,0.223077,0.0712386,,,,
bv_n30.qasm,large,Oracle,30,109,severity,gate_deletion_1q,0.1,0.965293,0.610336,1.0,0.537769,0.220183,0.0,0.074079,0.0081728,,,,
bv_n30.qasm,large,Oracle,30,109,severity,gate_deletion_1q,0.3,0.883683,0.447803,1.0,0.761319,0.59633,0.0,0.164694,0.008545,,,,
bv_n30.qasm,large,Oracle,30,109,severity,gate_deletion_1q,0.6,0.779231,0.362864,1.0,0.847302,0.853211,0.0,0.199381,0.0054375,,,,
bv_n30.qasm,large,Oracle,30,109,severity,gate_deletion_2q,0.1,0.938649,0.793949,0.643357,0.202496,0.06422,0.111111,0.036076,0.0089513,,,,
bv_n30.qasm,large,Oracle,30,109,severity,gate_deletion_2q,0.3,0.815941,0.628559,0.727273,0.432278,0.174312,0.333333,0.095235,0.0085386,,,,
bv_n30.qasm,large,Oracle,30,109,severity,gate_deletion_2q,0.6,0.662545,0.461094,0.832168,0.615199,0.311927,0.611111,0.141535,0.0078979,,,,
bv_n30.qasm,large,Oracle,30,109,severity,gate_insertion,0.1,0.933282,0.559243,1.0,0.642051,0.291667,0.0,0.077055,0.0094448,,,,
bv_n30.qasm,large,Oracle,30,109,severity,gate_insertion,0.3,0.824161,0.35439,1.0,1.0,0.661972,0.0,0.13216,0.011083,,,,
bv_n30.qasm,large,Oracle,30,109,severity,gate_insertion,0.6,0.718948,0.352168,1.0,0.915053,0.803681,0.0,0.168269,0.0125802,,,,
bv_n30.qasm,large,Oracle,30,109,severity,gate_substitution,0.1,1.0,0.988014,0.0,0.002791,0.055046,0.0,0.0,0.0088462,,,,
bv_n30.qasm,large,Oracle,30,109,severity,gate_substitution,0.3,1.0,0.964042,0.0,0.008373,0.165138,0.0,0.0,0.008851,,,,
bv_n30.qasm,large,Oracle,30,109,severity,gate_substitution,0.6,1.0,0.928084,0.0,0.016746,0.330275,0.0,0.0,0.00913,,,,
bv_n30.qasm,large,Oracle,30,109,severity,gate_reorder,0.1,0.987817,0.746797,0.762238,0.323368,0.12844,0.0,0.0,0.0089449,,,,
bv_n30.qasm,large,Oracle,30,109,severity,gate_reorder,0.3,0.987012,0.592661,1.0,0.593707,0.247706,0.0,0.0,0.0098116,,,,
bv_n30.qasm,large,Oracle,30,109,severity,gate_reorder,0.6,0.986221,0.562535,1.0,0.611629,0.366972,0.0,0.0,0.0086813,,,,
bv_n30.qasm,large,Oracle,30,109,severity,trojan_NOT,0.1,0.945409,0.564515,1.0,0.616252,0.308333,0.0,0.081302,0.0096241,,,,
bv_n30.qasm,large,Oracle,30,109,severity,trojan_NOT,0.3,0.848464,0.366997,1.0,0.909326,0.753521,0.0,0.140342,0.0109555,,,,
bv_n30.qasm,large,Oracle,30,109,severity,trojan_NOT,0.6,0.743239,0.332236,1.0,1.0,0.773006,0.0,0.13163,0.0128239,,,,
bv_n30.qasm,large,Oracle,30,109,severity,trojan_H,0.1,0.945409,0.541188,1.0,0.688876,0.3,0.0,0.077055,0.0100229,,,,
bv_n30.qasm,large,Oracle,30,109,severity,trojan_H,0.3,0.83629,0.380142,1.0,0.987152,0.577465,0.0,0.088619,0.0115272,,,,
bv_n30.qasm,large,Oracle,30,109,severity,trojan_H,0.6,0.731098,0.336849,1.0,1.0,0.730061,0.0,0.17139,0.0125508,,,,
bv_n30.qasm,large,Oracle,30,109,severity,qubit_swap,0.1,0.93337,0.732403,0.363636,0.179689,0.091667,0.611111,0.096044,0.0093726,,,,
bv_n30.qasm,large,Oracle,30,109,severity,qubit_swap,0.3,0.775844,0.477946,0.797203,0.400745,0.232394,1.0,0.157338,0.0113661,,,,
bv_n30.qasm,large,Oracle,30,109,severity,qubit_swap,0.6,0.646489,0.35698,1.0,0.5932,0.331288,1.0,0.191421,0.0128368,,,,
bv_n30_transpiled.qasm,large,Oracle,30,226,severity,gate_deletion_1q,0.1,0.957925,0.567512,1.0,0.461125,0.566372,0.0,0.078198,0.0144764,,,,
bv_n30_transpiled.qasm,large,Oracle,30,226,severity,gate_deletion_1q,0.3,0.875731,0.4051,1.0,0.80232,0.747788,0.0,0.145309,0.0120045,,,,
bv_n30_transpiled.qasm,large,Oracle,30,226,severity,gate_deletion_1q,0.6,0.77345,0.366941,1.0,0.850631,0.814159,0.0,0.22506,0.0090729,,,,
bv_n30_transpiled.qasm,large,Oracle,30,226,severity,gate_deletion_2q,0.1,0.946409,0.757916,0.792308,0.122747,0.278761,0.111111,0.023023,0.0167364,,,,
bv_n30_transpiled.qasm,large,Oracle,30,226,severity,gate_deletion_2q,0.3,0.839225,0.738196,0.592308,0.238503,0.084071,0.333333,0.060014,0.0153064,,,,
bv_n30_transpiled.qasm,large,Oracle,30,226,severity,gate_deletion_2q,0.6,0.705243,0.542025,0.803846,0.377274,0.371681,0.611111,0.087938,0.015458,,,,
bv_n30_transpiled.qasm,large,Oracle,30,226,severity,gate_insertion,0.1,0.90167,0.518104,1.0,0.600322,0.570281,0.0,0.077269,0.0173307,,,,
bv_n30_transpiled.qasm,large,Oracle,30,226,severity,gate_insertion,0.3,0.780161,0.345973,1.0,0.967023,0.768707,0.0,0.118275,0.0202268,,,,
bv_n30_transpiled.qasm,large,Oracle,30,226,severity,gate_insertion,0.6,0.679571,0.323132,1.0,1.0,0.825959,0.0,0.116764,0.025435,,,,
bv_n30_transpiled.qasm,large,Oracle,30,226,severity,gate_substitution,0.1,1.0,0.981615,0.0,0.007018,0.079646,0.0,0.0,0.0161913,,,,
bv_n30_transpiled.qasm,large,Oracle,30,226,severity,gate_substitution,0.3,1.0,0.944673,0.0,0.021541,0.238938,0.0,0.0,0.015604,,,,
bv_n30_transpiled.qasm,large,Oracle,30,226,severity,gate_substitution,0.6,1.0,0.890681,0.0,0.041797,0.473451,0.0,0.0,0.0152878,,,,
bv_n30_transpiled.qasm,large,Oracle,30,226,severity,gate_reorder,0.1,0.979096,0.765285,0.846154,0.23718,0.123894,0.0,0.0,0.0159012,,,,
bv_n30_transpiled.qasm,large,Oracle,30,226,severity,gate_reorder,0.3,0.978644,0.668068,0.926923,0.391833,0.278761,0.0,0.0,0.0155308,,,,
bv_n30_transpiled.qasm,large,Oracle,30,226,severity,gate_reorder,0.6,0.988624,0.588736,1.0,0.483511,0.460177,0.0,0.0,0.0173399,,,,
bv_n30_transpiled.qasm,large,Oracle,30,226,severity,trojan_NOT,0.1,0.901667,0.520876,1.0,0.551381,0.634538,0.0,0.092328,0.0171948,,,,
bv_n30_transpiled.qasm,large,Oracle,30,226,severity,trojan_NOT,0.3,0.790618,0.333614,1.0,1.0,0.782313,0.0,0.09923,0.0198353,,,,
bv_n30_transpiled.qasm,large,Oracle,30,226,severity,trojan_NOT,0.6,0.679573,0.329068,1.0,1.0,0.79351,0.0,0.122301,0.0240838,,,,
bv_n30_transpiled.qasm,large,Oracle,30,226,severity,trojan_H,0.1,0.912115,0.54651,1.0,0.537198,0.550201,0.0,0.054305,0.0176085,,,,
bv_n30_transpiled.qasm,large,Oracle,30,226,severity,trojan_H,0.3,0.80106,0.345042,1.0,0.992258,0.741497,0.0,0.093682,0.0212385,,,,
bv_n30_transpiled.qasm,large,Oracle,30,226,severity,trojan_H,0.6,0.658666,0.327691,1.0,1.0,0.80826,0.0,0.106567,0.0226526,,,,
bv_n30_transpiled.qasm,large,Oracle,30,226,severity,qubit_swap,0.1,0.891204,0.659649,0.361538,0.168285,0.092369,1.0,0.087463,0.0171186,,,,
bv_n30_transpiled.qasm,large,Oracle,30,226,severity,qubit_swap,0.3,0.70699,0.511323,0.669231,0.361117,0.231293,1.0,0.15643,0.0202233,,,,
bv_n30_transpiled.qasm,large,Oracle,30,226,severity,qubit_swap,0.6,0.543695,0.370815,0.980769,0.578331,0.333333,1.0,0.129867,0.023966,,,,
cat_n35.qasm,large,State Prep,35,71,severity,gate_deletion_1q,0.1,0.978861,0.931005,0.038835,0.13331,0.056338,0.0,0.052438,0.0051228,,,,
cat_n35.qasm,large,State Prep,35,71,severity,gate_deletion_1q,0.3,0.941844,0.826697,0.106796,0.326933,0.15493,0.0,0.118705,0.0047286,,,,
cat_n35.qasm,large,State Prep,35,71,severity,gate_deletion_1q,0.6,0.875738,0.533988,1.0,0.662262,0.352113,0.0,0.137982,0.0041609,,,,
cat_n35.qasm,large,State Prep,35,71,severity,gate_deletion_2q,0.1,0.771363,0.646028,1.0,0.416253,0.126761,0.117647,0.094019,0.0049998,,,,
cat_n35.qasm,large,State Prep,35,71,severity,gate_deletion_2q,0.3,0.618608,0.411185,1.0,0.831981,0.323944,0.323529,0.18127,0.0048145,,,,
cat_n35.qasm,large,State Prep,35,71,severity,gate_deletion_2q,0.6,0.459266,0.235571,1.0,1.0,0.605634,0.617647,0.19773,0.0039117,,,,
cat_n35.qasm,large,State Prep,35,71,severity,gate_insertion,0.1,0.949748,0.561527,1.0,0.653815,0.253165,0.0,0.09005,0.006384,,,,
cat_n35.qasm,large,State Prep,35,71,severity,gate_insertion,0.3,0.875611,0.376363,1.0,1.0,0.548387,0.0,0.139595,0.0067364,,,,
cat_n35.qasm,large,State Prep,35,71,severity,gate_insertion,0.6,0.799046,0.335794,1.0,1.0,0.745283,0.0,0.151493,0.0076264,,,,
cat_n35.qasm,large,State Prep,35,71,severity,gate_substitution,0.1,1.0,0.996942,0.0,0.000689,0.014085,0.0,0.0,0.0064528,,,,
cat_n35.qasm,large,State Prep,35,71,severity,gate_substitution,0.3,1.0,0.996942,0.0,0.000689,0.014085,0.0,0.0,0.0054001,,,,
cat_n35.qasm,large,State Prep,35,71,severity,gate_substitution,0.6,1.0,0.996942,0.0,0.000689,0.014085,0.0,0.0,0.0055698,,,,
cat_n35.qasm,large,State Prep,35,71,severity,gate_reorder,0.1,0.846082,0.881245,0.368932,0.100703,0.140845,0.0,0.0,0.0057613,,,,
cat_n35.qasm,large,State Prep,35,71,severity,gate_reorder,0.3,0.769441,0.768035,0.68932,0.190272,0.309859,0.0,0.0,0.0060213,,,,
cat_n35.qasm,large,State Prep,35,71,severity,gate_reorder,0.6,0.777258,0.681045,0.747573,0.309223,0.492958,0.0,0.0,0.0054338,,,,
cat_n35.qasm,large,State Prep,35,71,severity,trojan_NOT,0.1,0.949748,0.605445,1.0,0.537358,0.240506,0.0,0.083786,0.0060999,,,,
cat_n35.qasm,large,State Prep,35,71,severity,trojan_NOT,0.3,0.867794,0.378722,1.0,1.0,0.548387,0.0,0.116002,0.0067691,,,,
cat_n35.qasm,large,State Prep,35,71,severity,trojan_NOT,0.6,0.791228,0.342938,1.0,1.0,0.698113,0.0,0.174398,0.0074913,,,,
cat_n35.qasm,large,State Prep,35,71,severity,trojan_H,0.1,0.941931,0.604334,1.0,0.552313,0.21519,0.0,0.093183,0.0061879,,,,
cat_n35.qasm,large,State Prep,35,71,severity,trojan_H,0.3,0.867794,0.394354,1.0,1.0,0.462366,0.0,0.131731,0.0067221,,,,
cat_n35.qasm,large,State Prep,35,71,severity,trojan_H,0.6,0.774737,0.360718,1.0,1.0,0.632075,0.0,0.128669,0.0075882,,,,
cat_n35.qasm,large,State Prep,35,71,severity,qubit_swap,0.1,0.93429,0.788764,0.271845,0.25609,0.101266,0.235294,0.135159,0.0060178,,,,
cat_n35.qasm,large,State Prep,35,71,severity,qubit_swap,0.3,0.860389,0.511093,0.621359,0.587331,0.236559,0.647059,0.134135,0.0069203,,,,
cat_n35.qasm,large,State Prep,35,71,severity,qubit_swap,0.6,0.768352,0.323774,0.796117,0.777843,0.330189,1.0,0.18526,0.0090289,,,,
cat_n35_transpiled.qasm,large,State Prep,35,73,severity,gate_deletion_1q,0.1,0.979396,0.926757,0.038095,0.147074,0.054795,0.0,0.05094,0.0053011,,,,
cat_n35_transpiled.qasm,large,State Prep,35,73,severity,gate_deletion_1q,0.3,0.923238,0.584962,1.0,0.580537,0.246575,0.0,0.12535,0.0047557,,,,
cat_n35_transpiled.qasm,large,State Prep,35,73,severity,gate_deletion_1q,0.6,0.87392,0.536785,1.0,0.6503,0.356164,0.0,0.143767,0.0042053,,,,
cat_n35_transpiled.qasm,large,State Prep,35,73,severity,gate_deletion_2q,0.1,0.742389,0.648414,1.0,0.411712,0.123288,0.117647,0.092998,0.0052746,,,,
cat_n35_transpiled.qasm,large,State Prep,35,73,severity,gate_deletion_2q,0.3,0.630598,0.415468,1.0,0.827905,0.315068,0.323529,0.170451,0.0047813,,,,
cat_n35_transpiled.qasm,large,State Prep,35,73,severity,gate_deletion_2q,0.6,0.459107,0.240695,1.0,1.0,0.589041,0.617647,0.179669,0.0040764,,,,
cat_n35_transpiled.qasm,large,State Prep,35,73,severity,gate_insertion,0.1,0.951207,0.549513,1.0,0.672558,0.283951,0.0,0.083012,0.0060388,,,,
cat_n35_transpiled.qasm,large,State Prep,35,73,severity,gate_insertion,0.3,0.871505,0.378847,1.0,1.0,0.536842,0.0,0.137841,0.0070635,,,,
cat_n35_transpiled.qasm,large,State Prep,35,73,severity,gate_insertion,0.6,0.777031,0.345533,1.0,1.0,0.715596,0.0,0.113475,0.00872,,,,
cat_n35_transpiled.qasm,large,State Prep,35,73,severity,gate_substitution,0.1,1.0,0.996701,0.0,0.001599,0.013699,0.0,0.0,0.0053919,,,,
cat_n35_transpiled.qasm,large,State Prep,35,73,severity,gate_substitution,0.3,1.0,0.996948,0.0,0.000893,0.013699,0.0,0.0,0.0055739,,,,
cat_n35_transpiled.qasm,large,State Prep,35,73,severity,gate_substitution,0.6,1.0,0.993648,0.0,0.002492,0.027397,0.0,0.0,0.0054297,,,,
cat_n35_transpiled.qasm,large,State Prep,35,73,severity,gate_reorder,0.1,0.83205,0.927506,0.27619,0.041793,0.082192,0.0,0.0,0.0055971,,,,
cat_n35_transpiled.qasm,large,State Prep,35,73,severity,gate_reorder,0.3,0.768181,0.738994,0.590476,0.375253,0.205479,0.0,0.0,0.0054556,,,,
cat_n35_transpiled.qasm,large,State Prep,35,73,severity,gate_reorder,0.6,0.78305,0.701402,0.742857,0.25297,0.493151,0.0,0.0,0.0054018,,,,
cat_n35_transpiled.qasm,large,State Prep,35,73,severity,trojan_NOT,0.1,0.951207,0.593904,1.0,0.566891,0.246914,0.0,0.083012,0.0060121,,,,
cat_n35_transpiled.qasm,large,State Prep,35,73,severity,trojan_NOT,0.3,0.856637,0.384015,1.0,1.0,0.505263,0.0,0.149328,0.0072176,,,,
cat_n35_transpiled.qasm,large,State Prep,35,73,severity,trojan_NOT,0.6,0.799334,0.343265,1.0,1.0,0.697248,0.0,0.172857,0.0076119,,,,
cat_n35_transpiled.qasm,large,State Prep,35,73,severity,trojan_H,0.1,0.943772,0.609264,1.0,0.522135,0.246914,0.0,0.086058,0.0060986,,,,
cat_n35_transpiled.qasm,large,State Prep,35,73,severity,trojan_H,0.3,0.87894,0.38478,1.0,1.0,0.494737,0.0,0.162729,0.0068911,,,,
cat_n35_transpiled.qasm,large,State Prep,35,73,severity,trojan_H,0.6,0.784465,0.35232,1.0,1.0,0.678899,0.0,0.119005,0.0075475,,,,
cat_n35_transpiled.qasm,large,State Prep,35,73,severity,qubit_swap,0.1,0.943941,0.800184,0.247619,0.23837,0.098765,0.235294,0.124317,0.0063387,,,,
cat_n35_transpiled.qasm,large,State Prep,35,73,severity,qubit_swap,0.3,0.849598,0.523609,0.590476,0.566128,0.231579,0.647059,0.139467,0.0069362,,,,
cat_n35_transpiled.qasm,large,State Prep,35,73,severity,qubit_swap,0.6,0.762711,0.318417,0.847619,0.763737,0.330275,1.0,0.210768,0.0077855,,,,
cc_n32.qasm,large,Other,32,161,severity,gate_deletion_1q,0.1,0.945759,0.60544,1.0,0.57332,0.186335,0.0,0.06631,0.046346,,,,
cc_n32.qasm,large,Other,32,161,severity,gate_deletion_1q,0.3,0.847224,0.470988,1.0,0.750892,0.515528,0.0,0.130937,0.0389724,,,,
cc_n32.qasm,large,Other,32,161,severity,gate_deletion_1q,0.6,0.685286,0.372314,1.0,0.834743,0.819876,0.0,0.21551,0.0263011,,,,
cc_n32.qasm,large,Other,32,161,severity,gate_deletion_2q,0.1,0.943731,0.683398,1.0,0.344648,0.080745,0.125,0.048265,0.0506225,,,,
cc_n32.qasm,large,Other,32,161,severity,gate_deletion_2q,0.3,0.867881,0.53237,1.0,0.59443,0.186335,0.3125,0.098123,0.0506502,,,,
cc_n32.qasm,large,Other,32,161,severity,gate_deletion_2q,0.6,0.727203,0.367183,1.0,0.769669,0.372671,0.625,0.138988,0.0493919,,,,
cc_n32.qasm,large,Other,32,161,severity,gate_insertion,0.1,0.94814,0.484395,1.0,0.841992,0.320225,0.0,0.068627,0.0536891,,,,
cc_n32.qasm,large,Other,32,161,severity,gate_insertion,0.3,0.864545,0.397021,1.0,0.885898,0.661905,0.0,0.105341,0.0531654,,,,
cc_n32.qasm,large,Other,32,161,severity,gate_insertion,0.6,0.780495,0.331864,1.0,1.0,0.767635,0.0,0.146093,0.056682,,,,
cc_n32.qasm,large,Other,32,161,severity,gate_substitution,0.1,1.0,0.994604,0.0,0.001219,0.024845,0.0,0.0,0.0512327,,,,
cc_n32.qasm,large,Other,32,161,severity,gate_substitution,0.3,1.0,0.986511,0.0,0.003048,0.062112,0.0,0.0,0.0504338,,,,
cc_n32.qasm,large,Other,32,161,severity,gate_substitution,0.6,1.0,0.974371,0.0,0.005791,0.118012,0.0,0.0,0.0509198,,,,
cc_n32.qasm,large,Other,32,161,severity,gate_reorder,0.1,0.986665,0.779713,1.0,0.136933,0.111801,0.0,0.0,0.059297,,,,
cc_n32.qasm,large,Other,32,161,severity,gate_reorder,0.3,0.980708,0.660046,1.0,0.390108,0.267081,0.0,0.0,0.0552441,,,,
cc_n32.qasm,large,Other,32,161,severity,gate_reorder,0.6,0.974661,0.499931,1.0,0.716256,0.496894,0.0,0.0,0.0610403,,,,
cc_n32.qasm,large,Other,32,161,severity,trojan_NOT,0.1,0.957157,0.51825,1.0,0.751672,0.303371,0.0,0.079902,0.0518956,,,,
cc_n32.qasm,large,Other,32,161,severity,trojan_NOT,0.3,0.873561,0.378392,1.0,0.94256,0.657143,0.0,0.102838,0.0542695,,,,
cc_n32.qasm,large,Other,32,161,severity,trojan_NOT,0.6,0.783028,0.336212,1.0,1.0,0.746888,0.0,0.144103,0.0563375,,,,
cc_n32.qasm,large,Other,32,161,severity,trojan_H,0.1,0.957168,0.511543,1.0,0.766506,0.308989,0.0,0.083824,0.0519349,,,,
cc_n32.qasm,large,Other,32,161,severity,trojan_H,0.3,0.864549,0.407871,1.0,0.892345,0.595238,0.0,0.107611,0.0557139,,,,
cc_n32.qasm,large,Other,32,161,severity,trojan_H,0.6,0.792521,0.334904,1.0,1.0,0.755187,0.0,0.140591,0.0574759,,,,
cc_n32.qasm,large,Other,32,161,severity,qubit_swap,0.1,0.945227,0.753766,0.280702,0.191334,0.095506,0.53125,0.118108,0.0525945,,,,
cc_n32.qasm,large,Other,32,161,severity,qubit_swap,0.3,0.852737,0.517474,0.54386,0.404374,0.233333,1.0,0.12749,0.0541447,,,,
cc_n32.qasm,large,Other,32,161,severity,qubit_swap,0.6,0.753764,0.412095,0.680702,0.574425,0.33195,1.0,0.183605,0.0569925,,,,
cc_n32_transpiled.qasm,large,Other,32,349,severity,gate_deletion_1q,0.1,0.933158,0.619981,0.926004,0.484518,0.332378,0.0,0.050617,0.1055814,,,,
cc_n32_transpiled.qasm,large,Other,32,349,severity,gate_deletion_1q,0.3,0.807392,0.427537,0.987315,0.852104,0.567335,0.0,0.126618,0.1813501,,,,
cc_n32_transpiled.qasm,large,Other,32,349,severity,gate_deletion_1q,0.6,0.644547,0.344904,1.0,0.917729,0.82235,0.0,0.194215,0.0647843,,,,
cc_n32_transpiled.qasm,large,Other,32,349,severity,gate_deletion_2q,0.1,0.956557,0.786007,0.778013,0.176911,0.037249,0.125,0.029226,0.1127663,,,,
cc_n32_transpiled.qasm,large,Other,32,349,severity,gate_deletion_2q,0.3,0.891391,0.672975,0.778013,0.354943,0.088825,0.3125,0.058274,0.1197472,,,,
cc_n32_transpiled.qasm,large,Other,32,349,severity,gate_deletion_2q,0.6,0.782782,0.520792,0.786469,0.551722,0.174785,0.625,0.081779,0.1116847,,,,
cc_n32_transpiled.qasm,large,Other,32,349,severity,gate_insertion,0.1,0.956453,0.531981,1.0,0.652338,0.421875,0.0,0.05326,0.1158558,,,,
cc_n32_transpiled.qasm,large,Other,32,349,severity,gate_insertion,0.3,0.868888,0.364765,1.0,1.0,0.636564,0.0,0.079221,0.1199903,,,,
cc_n32_transpiled.qasm,large,Other,32,349,severity,gate_insertion,0.6,0.78216,0.334111,1.0,1.0,0.768642,0.0,0.121603,0.1267154,,,,
cc_n32_transpiled.qasm,large,Other,32,349,severity,gate_substitution,0.1,1.0,0.993406,0.0,0.002468,0.028653,0.0,0.0,0.1151579,,,,
cc_n32_transpiled.qasm,large,Other,32,349,severity,gate_substitution,0.3,1.0,0.981613,0.0,0.00669,0.080229,0.0,0.0,0.1131429,,,,
cc_n32_transpiled.qasm,large,Other,32,349,severity,gate_substitution,0.6,1.0,0.96295,0.0,0.014168,0.160458,0.0,0.0,0.1152653,,,,
cc_n32_transpiled.qasm,large,Other,32,349,severity,gate_reorder,0.1,0.988658,0.736728,0.932347,0.287136,0.114613,0.0,0.0,0.12788,,,,
cc_n32_transpiled.qasm,large,Other,32,349,severity,gate_reorder,0.3,0.996614,0.661857,1.0,0.377093,0.280802,0.0,0.0,0.1395973,,,,
cc_n32_transpiled.qasm,large,Other,32,349,severity,gate_reorder,0.6,0.993884,0.561092,1.0,0.565115,0.455587,0.0,0.0,0.147846,,,,
cc_n32_transpiled.qasm,large,Other,32,349,severity,trojan_NOT,0.1,0.956453,0.565658,1.0,0.59445,0.356771,0.0,0.049302,0.1209109,,,,
cc_n32_transpiled.qasm,large,Other,32,349,severity,trojan_NOT,0.3,0.870718,0.3594,1.0,1.0,0.656388,0.0,0.093226,0.121567,,,,
cc_n32_transpiled.qasm,large,Other,32,349,severity,trojan_NOT,0.6,0.777881,0.342384,1.0,1.0,0.734226,0.0,0.107708,0.1279734,,,,
cc_n32_transpiled.qasm,large,Other,32,349,severity,trojan_H,0.1,0.956453,0.515278,1.0,0.700962,0.424479,0.0,0.044892,0.1168113,,,,
cc_n32_transpiled.qasm,large,Other,32,349,severity,trojan_H,0.3,0.865336,0.360465,1.0,1.0,0.656388,0.0,0.082574,0.1231211,,,,
cc_n32_transpiled.qasm,large,Other,32,349,severity,trojan_H,0.6,0.783506,0.336612,1.0,1.0,0.770554,0.0,0.092774,0.1276643,,,,
cc_n32_transpiled.qasm,large,Other,32,349,severity,qubit_swap,0.1,0.948382,0.673606,0.291755,0.168021,0.091146,1.0,0.055945,0.2185546,,,,
cc_n32_transpiled.qasm,large,Other,32,349,severity,qubit_swap,0.3,0.841125,0.525153,0.536998,0.382054,0.231278,1.0,0.143225,0.1214936,,,,
cc_n32_transpiled.qasm,large,Other,32,349,severity,qubit_swap,0.6,0.737767,0.376912,0.849894,0.615898,0.332696,1.0,0.135001,0.1278028,,,,
dnn_n33.qasm,large,Other,33,176,severity,gate_deletion_1q,0.1,0.974557,0.613862,1.0,0.504517,0.272727,0.0,0.050115,0.0151241,,,,
dnn_n33.qasm,large,Other,33,176,severity,gate_deletion_1q,0.3,0.923645,0.503665,1.0,0.674112,0.505682,0.0,0.092593,0.0139897,,,,
dnn_n33.qasm,large,Other,33,176,severity,gate_deletion_1q,0.6,0.833039,0.405557,1.0,0.823864,0.732955,0.0,0.095,0.0117291,,,,
dnn_n33.qasm,large,Other,33,176,severity,gate_deletion_2q,0.1,0.984721,0.681488,0.909502,0.367096,0.142045,0.1,0.051944,0.0163503,,,,
dnn_n33.qasm,large,Other,33,176,severity,gate_deletion_2q,0.3,0.899661,0.46514,1.0,0.668086,0.409091,0.3,0.092121,0.0140578,,,,
dnn_n33.qasm,large,Other,33,176,severity,gate_deletion_2q,0.6,0.792557,0.315372,1.0,0.750823,0.653409,0.6,0.211579,0.0120947,,,,
dnn_n33.qasm,large,Other,33,176,severity,gate_insertion,0.1,0.939975,0.468969,1.0,0.78717,0.5,0.0,0.05522,0.0183157,,,,
dnn_n33.qasm,large,Other,33,176,severity,gate_insertion,0.3,0.823054,0.370821,1.0,0.907342,0.755459,0.0,0.105175,0.020412,,,,
dnn_n33.qasm,large,Other,33,176,severity,gate_insertion,0.6,0.739664,0.321941,1.0,1.0,0.810606,0.0,0.159381,0.0239733,,,,
dnn_n33.qasm,large,Other,33,176,severity,gate_substitution,0.1,1.0,0.990416,0.0,0.004655,0.039773,0.0,0.0,0.0166772,,,,
dnn_n33.qasm,large,Other,33,176,severity,gate_substitution,0.3,1.0,0.972909,0.0,0.012467,0.113636,0.0,0.0,0.0168897,,,,
dnn_n33.qasm,large,Other,33,176,severity,gate_substitution,0.6,1.0,0.946332,0.0,0.023468,0.227273,0.0,0.0,0.0166384,,,,
dnn_n33.qasm,large,Other,33,176,severity,gate_reorder,0.1,0.983548,0.619956,1.0,0.572853,0.147727,0.0,0.0,0.0160452,,,,
dnn_n33.qasm,large,Other,33,176,severity,gate_reorder,0.3,0.98177,0.55073,1.0,0.67324,0.318182,0.0,0.0,0.0172129,,,,
dnn_n33.qasm,large,Other,33,176,severity,gate_reorder,0.6,0.901159,0.47834,1.0,0.785912,0.482955,0.0,0.0,0.0165969,,,,
dnn_n33.qasm,large,Other,33,176,severity,trojan_NOT,0.1,0.933719,0.489702,1.0,0.768596,0.43299,0.0,0.046918,0.0181439,,,,
dnn_n33.qasm,large,Other,33,176,severity,trojan_NOT,0.3,0.829309,0.373864,1.0,0.916304,0.724891,0.0,0.104514,0.0200042,,,,
dnn_n33.qasm,large,Other,33,176,severity,trojan_NOT,0.6,0.735077,0.317552,1.0,1.0,0.837121,0.0,0.150241,0.0221752,,,,
dnn_n33.qasm,large,Other,33,176,severity,trojan_H,0.1,0.946786,0.484546,1.0,0.761519,0.458763,0.0,0.071698,0.0193858,,,,
dnn_n33.qasm,large,Other,33,176,severity,trojan_H,0.3,0.836121,0.374851,1.0,0.918719,0.724891,0.0,0.086195,0.0200174,,,,
dnn_n33.qasm,large,Other,33,176,severity,trojan_H,0.6,0.732295,0.331604,1.0,1.0,0.776515,0.0,0.130928,0.0225824,,,,
dnn_n33.qasm,large,Other,33,176,severity,qubit_swap,0.1,0.9065,0.815326,0.208145,0.18909,0.092784,0.3,0.087143,0.0189074,,,,
dnn_n33.qasm,large,Other,33,176,severity,qubit_swap,0.3,0.790183,0.513478,0.574661,0.468925,0.231441,0.883333,0.132447,0.0216516,,,,
dnn_n33.qasm,large,Other,33,176,severity,qubit_swap,0.6,0.639814,0.325764,0.868778,0.733214,0.333333,1.0,0.206275,0.0228358,,,,
dnn_n33_transpiled.qasm,large,Other,33,908,severity,gate_deletion_1q,0.1,0.960938,0.543623,0.820896,0.545446,0.696035,0.0,0.031293,0.0702844,,,,
dnn_n33_transpiled.qasm,large,Other,33,908,severity,gate_deletion_1q,0.3,0.864149,0.461637,0.826163,0.727391,0.765419,0.0,0.067677,0.0633047,,,,
dnn_n33_transpiled.qasm,large,Other,33,908,severity,gate_deletion_1q,0.6,0.730953,0.376081,0.892888,0.898401,0.820485,0.0,0.114478,0.0489179,,,,
dnn_n33_transpiled.qasm,large,Other,33,908,severity,gate_deletion_2q,0.1,0.947724,0.617628,0.669886,0.402319,0.594714,0.100806,0.01974,0.0732712,,,,
dnn_n33_transpiled.qasm,large,Other,33,908,severity,gate_deletion_2q,0.3,0.841837,0.515269,0.755926,0.504127,0.647577,0.302419,0.048987,0.0698744,,,,
dnn_n33_transpiled.qasm,large,Other,33,908,severity,gate_deletion_2q,0.6,0.631734,0.394844,0.735733,0.632492,0.720264,0.600806,0.092097,0.0649674,,,,
dnn_n33_transpiled.qasm,large,Other,33,908,severity,gate_insertion,0.1,0.951805,0.522267,0.838455,0.601362,0.683684,0.0,0.047514,0.0845798,,,,
dnn_n33_transpiled.qasm,large,Other,33,908,severity,gate_insertion,0.3,0.847377,0.348818,0.996488,0.954808,0.795089,0.0,0.085077,0.0992165,,,,
dnn_n33_transpiled.qasm,large,Other,33,908,severity,gate_insertion,0.6,0.750217,0.321989,1.0,1.0,0.831865,0.0,0.116385,0.1156853,,,,
dnn_n33_transpiled.qasm,large,Other,33,908,severity,gate_substitution,0.1,1.0,0.98348,0.0,0.007553,0.069383,0.0,0.0,0.0729571,,,,
dnn_n33_transpiled.qasm,large,Other,33,908,severity,gate_substitution,0.3,1.0,0.950325,0.0,0.023616,0.207048,0.0,0.0,0.0721038,,,,
dnn_n33_transpiled.qasm,large,Other,33,908,severity,gate_substitution,0.6,1.0,0.901198,0.0,0.045664,0.414097,0.0,0.0,0.0733207,,,,
dnn_n33_transpiled.qasm,large,Other,33,908,severity,gate_reorder,0.1,0.953378,0.681494,0.773486,0.508668,0.122247,0.0,0.0,0.0730218,,,,
dnn_n33_transpiled.qasm,large,Other,33,908,severity,gate_reorder,0.3,0.943183,0.582928,0.906058,0.634036,0.296256,0.0,0.0,0.0736183,,,,
dnn_n33_transpiled.qasm,large,Other,33,908,severity,gate_reorder,0.6,0.898609,0.542553,0.86216,0.659333,0.486784,0.0,0.0,0.0732298,,,,
dnn_n33_transpiled.qasm,large,Other,33,908,severity,trojan_NOT,0.1,0.950149,0.510581,0.877963,0.609178,0.705706,0.0,0.033707,0.0823618,,,,
dnn_n33_transpiled.qasm,large,Other,33,908,severity,trojan_NOT,0.3,0.847269,0.34683,1.0,0.973705,0.765453,0.0,0.092831,0.0994094,,,,
dnn_n33_transpiled.qasm,large,Other,33,908,severity,trojan_NOT,0.6,0.75155,0.321208,1.0,1.0,0.831131,0.0,0.125656,0.1128826,,,,
dnn_n33_transpiled.qasm,large,Other,33,908,severity,trojan_H,0.1,0.944709,0.500771,0.894644,0.632567,0.696697,0.0,0.04295,0.0828836,,,,
dnn_n33_transpiled.qasm,large,Other,33,908,severity,trojan_H,0.3,0.844388,0.354544,1.0,0.954411,0.76376,0.0,0.086602,0.0991236,,,,
dnn_n33_transpiled.qasm,large,Other,33,908,severity,trojan_H,0.6,0.751765,0.323024,1.0,1.0,0.83627,0.0,0.097217,0.1132215,,,,
dnn_n33_transpiled.qasm,large,Other,33,908,severity,qubit_swap,0.1,0.929994,0.822718,0.172081,0.151632,0.091091,0.366935,0.067932,0.0847044,,,,
dnn_n33_transpiled.qasm,large,Other,33,908,severity,qubit_swap,0.3,0.795323,0.521543,0.490781,0.415823,0.23116,1.0,0.130701,0.1740751,,,,
dnn_n33_transpiled.qasm,large,Other,33,908,severity,qubit_swap,0.6,0.667814,0.347454,0.805092,0.699103,0.333333,1.0,0.204298,0.1214808,,,,
ghz_n40.qasm,large,State Prep,40,81,severity,gate_deletion_1q,0.1,0.976839,0.926361,0.042373,0.140746,0.061728,0.0,0.056767,0.0059556,,,,
ghz_n40.qasm,large,State Prep,40,81,severity,gate_deletion_1q,0.3,0.93976,0.823117,0.110169,0.331892,0.160494,0.0,0.120961,0.0053806,,,,
ghz_n40.qasm,large,State Prep,40,81,severity,gate_deletion_1q,0.6,0.87718,0.559825,1.0,0.589298,0.345679,0.0,0.147846,0.0048196,,,,
ghz_n40.qasm,large,State Prep,40,81,severity,gate_deletion_2q,0.1,0.757513,0.670808,1.0,0.365695,0.111111,0.102564,0.084635,0.0058804,,,,
ghz_n40.qasm,large,State Prep,40,81,severity,gate_deletion_2q,0.3,0.638649,0.440176,1.0,0.773373,0.308642,0.307692,0.15877,0.0052501,,,,
ghz_n40.qasm,large,State Prep,40,81,severity,gate_deletion_2q,0.6,0.44751,0.240059,1.0,1.0,0.604938,0.615385,0.158763,0.0045251,,,,
ghz_n40.qasm,large,State Prep,40,81,severity,gate_insertion,0.1,0.951312,0.579513,1.0,0.589639,0.277778,0.0,0.08558,0.0069706,,,,
ghz_n40.qasm,large,State Prep,40,81,severity,gate_insertion,0.3,0.870203,0.388385,1.0,1.0,0.490566,0.0,0.135015,0.0078073,,,,
ghz_n40.qasm,large,State Prep,40,81,severity,gate_insertion,0.6,0.793819,0.346805,1.0,1.0,0.68595,0.0,0.160046,0.0087182,,,,
ghz_n40.qasm,large,State Prep,40,81,severity,gate_substitution,0.1,1.0,0.997343,0.0,0.000537,0.012346,0.0,0.0,0.0061125,,,,
ghz_n40.qasm,large,State Prep,40,81,severity,gate_substitution,0.3,1.0,0.997343,0.0,0.000537,0.012346,0.0,0.0,0.0061631,,,,
ghz_n40.qasm,large,State Prep,40,81,severity,gate_substitution,0.6,1.0,0.997343,0.0,0.000537,0.012346,0.0,0.0,0.0060639,,,,
ghz_n40.qasm,large,State Prep,40,81,severity,gate_reorder,0.1,0.781735,0.877619,0.313559,0.130621,0.148148,0.0,0.0,0.0062758,,,,
ghz_n40.qasm,large,State Prep,40,81,severity,gate_reorder,0.3,0.808405,0.575925,1.0,0.585542,0.345679,0.0,0.0,0.0060418,,,,
ghz_n40.qasm,large,State Prep,40,81,severity,gate_reorder,0.6,0.751926,0.544995,1.0,0.645694,0.395062,0.0,0.0,0.0086471,,,,
ghz_n40.qasm,large,State Prep,40,81,severity,trojan_NOT,0.1,0.951312,0.61249,1.0,0.520814,0.233333,0.0,0.08558,0.0068996,,,,
ghz_n40.qasm,large,State Prep,40,81,severity,trojan_NOT,0.3,0.86334,0.38496,1.0,1.0,0.5,0.0,0.150396,0.0075774,,,,
ghz_n40.qasm,large,State Prep,40,81,severity,trojan_NOT,0.6,0.793819,0.352523,1.0,1.0,0.661157,0.0,0.15246,0.0087377,,,,
ghz_n40.qasm,large,State Prep,40,81,severity,trojan_H,0.1,0.944449,0.606998,1.0,0.535738,0.233333,0.0,0.088275,0.0066266,,,,
ghz_n40.qasm,large,State Prep,40,81,severity,trojan_H,0.3,0.856476,0.393191,1.0,1.0,0.462264,0.0,0.14356,0.0075881,,,,
ghz_n40.qasm,large,State Prep,40,81,severity,trojan_H,0.6,0.800683,0.359381,1.0,1.0,0.628099,0.0,0.149995,0.0084762,,,,
ghz_n40.qasm,large,State Prep,40,81,severity,qubit_swap,0.1,0.937739,0.790478,0.237288,0.269919,0.1,0.230769,0.133035,0.0067083,,,,
ghz_n40.qasm,large,State Prep,40,81,severity,qubit_swap,0.3,0.849974,0.506981,0.627119,0.584451,0.235849,0.641026,0.190184,0.0080178,,,,
ghz_n40.qasm,large,State Prep,40,81,severity,qubit_swap,0.6,0.766871,0.351504,0.813559,0.685624,0.330579,1.0,0.203784,0.0100089,,,,
ghz_n40_transpiled.qasm,large,State Prep,40,83,severity,gate_deletion_1q,0.1,0.977354,0.927177,0.041667,0.139744,0.060241,0.0,0.05614,0.0060518,,,,
ghz_n40_transpiled.qasm,large,State Prep,40,83,severity,gate_deletion_1q,0.3,0.941102,0.823195,0.108333,0.33587,0.156627,0.0,0.116753,0.0054284,,,,
ghz_n40_transpiled.qasm,large,State Prep,40,83,severity,gate_deletion_1q,0.6,0.868936,0.526161,1.0,0.661196,0.385542,0.0,0.153117,0.0048078,,,,
ghz_n40_transpiled.qasm,large,State Prep,40,83,severity,gate_deletion_2q,0.1,0.779484,0.675349,1.0,0.354494,0.108434,0.102564,0.08379,0.0059402,,,,
ghz_n40_transpiled.qasm,large,State Prep,40,83,severity,gate_deletion_2q,0.3,0.648593,0.444266,1.0,0.765911,0.301205,0.307692,0.158861,0.0054623,,,,
ghz_n40_transpiled.qasm,large,State Prep,40,83,severity,gate_deletion_2q,0.6,0.463221,0.238656,1.0,1.0,0.590361,0.615385,0.201946,0.0047319,,,,
ghz_n40_transpiled.qasm,large,State Prep,40,83,severity,gate_insertion,0.1,0.952541,0.619745,1.0,0.50395,0.228261,0.0,0.082207,0.0069202,,,,
ghz_n40_transpiled.qasm,large,State Prep,40,83,severity,gate_insertion,0.3,0.873376,0.383789,1.0,1.0,0.509259,0.0,0.143592,0.0077032,,,,
ghz_n40_transpiled.qasm,large,State Prep,40,83,severity,gate_insertion,0.6,0.794296,0.339608,1.0,1.0,0.717742,0.0,0.16844,0.0085687,,,,
ghz_n40_transpiled.qasm,large,State Prep,40,83,severity,gate_substitution,0.1,1.0,0.997346,0.0,0.000697,0.012048,0.0,0.0,0.0063508,,,,
ghz_n40_transpiled.qasm,large,State Prep,40,83,severity,gate_substitution,0.3,1.0,0.997346,0.0,0.000697,0.012048,0.0,0.0,0.0075718,,,,
ghz_n40_transpiled.qasm,large,State Prep,40,83,severity,gate_substitution,0.6,1.0,0.994693,0.0,0.001394,0.024096,0.0,0.0,0.0060865,,,,
ghz_n40_transpiled.qasm,large,State Prep,40,83,severity,gate_reorder,0.1,0.823883,0.881316,0.375,0.095766,0.144578,0.0,0.0,0.0063035,,,,
ghz_n40_transpiled.qasm,large,State Prep,40,83,severity,gate_reorder,0.3,0.784887,0.765276,0.641667,0.20287,0.337349,0.0,0.0,0.0061371,,,,
ghz_n40_transpiled.qasm,large,State Prep,40,83,severity,gate_reorder,0.6,0.757449,0.545668,1.0,0.669864,0.349398,0.0,0.0,0.006067,,,,
ghz_n40_transpiled.qasm,large,State Prep,40,83,severity,trojan_NOT,0.1,0.952541,0.565122,1.0,0.628958,0.282609,0.0,0.082207,0.0075596,,,,
ghz_n40_transpiled.qasm,large,State Prep,40,83,severity,trojan_NOT,0.3,0.879942,0.384624,1.0,1.0,0.509259,0.0,0.135243,0.0081707,,,,
ghz_n40_transpiled.qasm,large,State Prep,40,83,severity,trojan_NOT,0.6,0.800862,0.354257,1.0,1.0,0.653226,0.0,0.150975,0.0087372,,,,
ghz_n40_transpiled.qasm,large,State Prep,40,83,severity,trojan_H,0.1,0.959107,0.551923,1.0,0.665919,0.282609,0.0,0.084837,0.0072605,,,,
ghz_n40_transpiled.qasm,large,State Prep,40,83,severity,trojan_H,0.3,0.866809,0.388176,1.0,1.0,0.481481,0.0,0.15528,0.0076588,,,,
ghz_n40_transpiled.qasm,large,State Prep,40,83,severity,trojan_H,0.6,0.794296,0.348799,1.0,1.0,0.669355,0.0,0.173298,0.0086208,,,,
ghz_n40_transpiled.qasm,large,State Prep,40,83,severity,qubit_swap,0.1,0.946122,0.797654,0.25,0.248599,0.097826,0.230769,0.12117,0.0069797,,,,
ghz_n40_transpiled.qasm,large,State Prep,40,83,severity,qubit_swap,0.3,0.860591,0.525398,0.566667,0.565303,0.231481,0.641026,0.172441,0.0079933,,,,
ghz_n40_transpiled.qasm,large,State Prep,40,83,severity,qubit_swap,0.6,0.775094,0.308258,0.866667,0.800133,0.330645,1.0,0.155663,0.0089371,,,,
ising_n34.qasm,large,Simulation,34,403,severity,gate_deletion_1q,0.1,0.961174,0.625676,0.923077,0.312396,0.612903,0.0,0.039432,0.0279933,,,,
ising_n34.qasm,large,Simulation,34,403,severity,gate_deletion_1q,0.3,0.86875,0.489411,0.991453,0.639021,0.635236,0.0,0.111663,0.0235589,,,,
ising_n34.qasm,large,Simulation,34,403,severity,gate_deletion_1q,0.6,0.722727,0.335189,0.995726,0.973195,0.794045,0.0,0.160249,0.0175135,,,,
ising_n34.qasm,large,Simulation,34,403,severity,gate_deletion_2q,0.1,0.963657,0.654232,0.876068,0.209925,0.580645,0.106061,0.035432,0.0312764,,,,
ising_n34.qasm,large,Simulation,34,403,severity,gate_deletion_2q,0.3,0.896162,0.616859,0.918803,0.322001,0.33995,0.30303,0.040237,0.0287615,,,,
ising_n34.qasm,large,Simulation,34,403,severity,gate_deletion_2q,0.6,0.776434,0.530505,0.863248,0.35983,0.42928,0.606061,0.069995,0.0279472,,,,
ising_n34.qasm,large,Simulation,34,403,severity,gate_insertion,0.1,0.889623,0.599845,0.997863,0.381678,0.556306,0.0,0.056268,0.0350483,,,,
ising_n34.qasm,large,Simulation,34,403,severity,gate_insertion,0.3,0.702933,0.432625,1.0,0.771235,0.688931,0.0,0.096564,0.0388444,,,,
ising_n34.qasm,large,Simulation,34,403,severity,gate_insertion,0.6,0.579794,0.334665,1.0,1.0,0.788079,0.0,0.077188,0.0455143,,,,
ising_n34.qasm,large,Simulation,34,403,severity,gate_substitution,0.1,1.0,0.982663,0.0,0.005579,0.076923,0.0,0.0,0.0299983,,,,
ising_n34.qasm,large,Simulation,34,403,severity,gate_substitution,0.3,1.0,0.948978,0.0,0.016745,0.225806,0.0,0.0,0.0302323,,,,
ising_n34.qasm,large,Simulation,34,403,severity,gate_substitution,0.6,1.0,0.89755,0.0,0.034648,0.451613,0.0,0.0,0.0306673,,,,
ising_n34.qasm,large,Simulation,34,403,severity,gate_reorder,0.1,0.936186,0.764542,0.760684,0.282922,0.111663,0.0,0.0,0.031008,,,,
ising_n34.qasm,large,Simulation,34,403,severity,gate_reorder,0.3,0.85676,0.603376,0.995726,0.553334,0.26799,0.0,0.0,0.0294503,,,,
ising_n34.qasm,large,Simulation,34,403,severity,gate_reorder,0.6,0.840092,0.531838,1.0,0.645297,0.461538,0.0,0.0,0.0297246,,,,
ising_n34.qasm,large,Simulation,34,403,severity,trojan_NOT,0.1,0.857851,0.597681,0.916667,0.363454,0.655405,0.0,0.065293,0.0363933,,,,
ising_n34.qasm,large,Simulation,34,403,severity,trojan_NOT,0.3,0.718819,0.429123,1.0,0.772426,0.71374,0.0,0.077795,0.0389656,,,,
ising_n34.qasm,large,Simulation,34,403,severity,trojan_NOT,0.6,0.579794,0.331502,1.0,1.0,0.799669,0.0,0.085638,0.0462919,,,,
ising_n34.qasm,large,Simulation,34,403,severity,trojan_H,0.1,0.889623,0.592107,1.0,0.38346,0.594595,0.0,0.047633,0.0336474,,,,
ising_n34.qasm,large,Simulation,34,403,severity,trojan_H,0.3,0.702933,0.419236,1.0,0.812756,0.679389,0.0,0.104219,0.0388479,,,,
ising_n34.qasm,large,Simulation,34,403,severity,trojan_H,0.6,0.563908,0.340626,1.0,1.0,0.748344,0.0,0.097051,0.0461224,,,,
ising_n34.qasm,large,Simulation,34,403,severity,qubit_swap,0.1,0.841949,0.767495,0.200855,0.148346,0.092342,0.621212,0.077444,0.0337444,,,,
ising_n34.qasm,large,Simulation,34,403,severity,qubit_swap,0.3,0.528151,0.52194,0.555556,0.39841,0.230916,1.0,0.091002,0.0401824,,,,
ising_n34.qasm,large,Simulation,34,403,severity,qubit_swap,0.6,0.262021,0.361776,0.899573,0.6497,0.332781,1.0,0.09337,0.0478839,,,,
ising_n34_transpiled.qasm,large,Simulation,34,268,severity,gate_deletion_1q,0.1,0.964674,0.591071,1.0,0.397371,0.567164,0.0,0.064167,0.0179553,,,,
ising_n34_transpiled.qasm,large,Simulation,34,268,severity,gate_deletion_1q,0.3,0.897388,0.487858,1.0,0.545596,0.802239,0.0,0.107353,0.0163588,,,,
ising_n34_transpiled.qasm,large,Simulation,34,268,severity,gate_deletion_1q,0.6,0.796438,0.361658,1.0,0.889158,0.813433,0.0,0.144503,0.0115626,,,,
ising_n34_transpiled.qasm,large,Simulation,34,268,severity,gate_deletion_2q,0.1,0.958707,0.613938,1.0,0.27312,0.570896,0.106061,0.050791,0.0185253,,,,
ising_n34_transpiled.qasm,large,Simulation,34,268,severity,gate_deletion_2q,0.3,0.881593,0.526135,1.0,0.401093,0.578358,0.30303,0.072045,0.0189801,,,,
ising_n34_transpiled.qasm,large,Simulation,34,268,severity,gate_deletion_2q,0.6,0.763179,0.422353,0.996845,0.470458,0.664179,0.606061,0.094124,0.0171122,,,,
ising_n34_transpiled.qasm,large,Simulation,34,268,severity,gate_insertion,0.1,0.836832,0.547909,0.993691,0.440689,0.711864,0.0,0.064233,0.021694,,,,
ising_n34_transpiled.qasm,large,Simulation,34,268,severity,gate_insertion,0.3,0.674449,0.418073,1.0,0.764979,0.770774,0.0,0.100294,0.0250665,,,,
ising_n34_transpiled.qasm,large,Simulation,34,268,severity,gate_insertion,0.6,0.562198,0.326234,1.0,1.0,0.818408,0.0,0.100845,0.0298465,,,,
ising_n34_transpiled.qasm,large,Simulation,34,268,severity,gate_substitution,0.1,1.0,0.985491,0.0,0.005207,0.063433,0.0,0.0,0.0187342,,,,
ising_n34_transpiled.qasm,large,Simulation,34,268,severity,gate_substitution,0.3,1.0,0.956214,0.0,0.01636,0.190299,0.0,0.0,0.0247414,,,,
ising_n34_transpiled.qasm,large,Simulation,34,268,severity,gate_substitution,0.6,1.0,0.913512,0.0,0.031757,0.376866,0.0,0.0,0.024869,,,,
ising_n34_transpiled.qasm,large,Simulation,34,268,severity,gate_reorder,0.1,0.740994,0.815258,0.798107,0.121823,0.11194,0.0,0.0,0.0203529,,,,
ising_n34_transpiled.qasm,large,Simulation,34,268,severity,gate_reorder,0.3,0.717536,0.593326,1.0,0.547853,0.324627,0.0,0.0,0.0200697,,,,
ising_n34_transpiled.qasm,large,Simulation,34,268,severity,gate_reorder,0.6,0.811804,0.612101,0.984227,0.41355,0.477612,0.0,0.0,0.0186524,,,,
ising_n34_transpiled.qasm,large,Simulation,34,268,severity,trojan_NOT,0.1,0.860305,0.551888,1.0,0.435874,0.694915,0.0,0.065727,0.0209393,,,,
ising_n34_transpiled.qasm,large,Simulation,34,268,severity,trojan_NOT,0.3,0.674821,0.435627,1.0,0.731375,0.739255,0.0,0.105403,0.0244788,,,,
ising_n34_transpiled.qasm,large,Simulation,34,268,severity,trojan_NOT,0.6,0.538724,0.322437,1.0,1.0,0.828358,0.0,0.118912,0.0309586,,,,
ising_n34_transpiled.qasm,large,Simulation,34,268,severity,trojan_H,0.1,0.835345,0.543843,1.0,0.444523,0.725424,0.0,0.054897,0.0210879,,,,
ising_n34_transpiled.qasm,large,Simulation,34,268,severity,trojan_H,0.3,0.698295,0.414548,1.0,0.777124,0.773639,0.0,0.087303,0.024353,,,,
ising_n34_transpiled.qasm,large,Simulation,34,268,severity,trojan_H,0.6,0.515623,0.321017,1.0,1.0,0.843284,0.0,0.103259,0.0293506,,,,
ising_n34_transpiled.qasm,large,Simulation,34,268,severity,qubit_swap,0.1,0.839053,0.803483,0.214511,0.15994,0.091525,0.409091,0.082378,0.0219229,,,,
ising_n34_transpiled.qasm,large,Simulation,34,268,severity,qubit_swap,0.3,0.517183,0.51288,0.570978,0.411042,0.232092,1.0,0.111907,0.0250889,,,,
ising_n34_transpiled.qasm,large,Simulation,34,268,severity,qubit_swap,0.6,0.173911,0.380954,0.873817,0.59945,0.333333,1.0,0.114991,0.0312403,,,,
knn_n31.qasm,large,Other,31,48,severity,gate_deletion_1q,0.1,0.962707,0.616515,1.0,0.508427,0.229167,0.0,0.09702,0.0032802,,,,
knn_n31.qasm,large,Other,31,48,severity,gate_deletion_1q,0.3,0.906673,0.506134,1.0,0.646179,0.479167,0.0,0.218703,0.0029077,,,,
knn_n31.qasm,large,Other,31,48,severity,gate_deletion_1q,0.6,0.812854,0.352203,1.0,0.890605,0.770833,0.0,0.319187,0.0022834,,,,
knn_n31.qasm,large,Other,31,48,severity,gate_deletion_2q,0.1,1.0,1.0,0.0,0.0,0.0,0.0,0.0,0.0037375,,,,
knn_n31.qasm,large,Other,31,48,severity,gate_deletion_2q,0.3,1.0,1.0,0.0,0.0,0.0,0.0,0.0,0.0035118,,,,
knn_n31.qasm,large,Other,31,48,severity,gate_deletion_2q,0.6,1.0,1.0,0.0,0.0,0.0,0.0,0.0,0.0035208,,,,
knn_n31.qasm,large,Other,31,48,severity,gate_insertion,0.1,0.937518,0.520054,1.0,0.724626,0.339623,0.0,0.084028,0.0040968,,,,
knn_n31.qasm,large,Other,31,48,severity,gate_insertion,0.3,0.844503,0.366422,1.0,1.0,0.539683,0.0,0.25641,0.0044302,,,,
knn_n31.qasm,large,Other,31,48,severity,gate_insertion,0.6,0.76088,0.322637,1.0,1.0,0.763889,0.0,0.245852,0.00501,,,,
knn_n31.qasm,large,Other,31,48,severity,gate_substitution,0.1,1.0,0.981398,0.0,0.005528,0.083333,0.0,0.0,0.0035595,,,,
knn_n31.qasm,large,Other,31,48,severity,gate_substitution,0.3,1.0,0.951999,0.0,0.018098,0.208333,0.0,0.0,0.0036332,,,,
knn_n31.qasm,large,Other,31,48,severity,gate_substitution,0.6,1.0,0.903843,0.0,0.03664,0.416667,0.0,0.0,0.0034502,,,,
knn_n31.qasm,large,Other,31,48,severity,gate_reorder,0.1,1.0,0.678172,1.0,0.419507,0.125,0.0,0.0,0.0038076,,,,
knn_n31.qasm,large,Other,31,48,severity,gate_reorder,0.3,1.0,0.58798,1.0,0.617675,0.229167,0.0,0.0,0.0035537,,,,
knn_n31.qasm,large,Other,31,48,severity,gate_reorder,0.6,1.0,0.5002,1.0,0.761334,0.416667,0.0,0.0,0.0035887,,,,
knn_n31.qasm,large,Other,31,48,severity,trojan_NOT,0.1,0.953434,0.499155,1.0,0.819696,0.264151,0.0,0.111214,0.0040642,,,,
knn_n31.qasm,large,Other,31,48,severity,trojan_NOT,0.3,0.86042,0.368387,1.0,0.963215,0.619048,0.0,0.206782,0.0045437,,,,
knn_n31.qasm,large,Other,31,48,severity,trojan_NOT,0.6,0.744964,0.326986,1.0,1.0,0.736111,0.0,0.257919,0.004945,,,,
knn_n31.qasm,large,Other,31,48,severity,trojan_H,0.1,0.953434,0.569513,1.0,0.598876,0.301887,0.0,0.105036,0.0040115,,,,
knn_n31.qasm,large,Other,31,48,severity,trojan_H,0.3,0.844503,0.397526,1.0,0.920584,0.539683,0.0,0.223325,0.0044516,,,,
knn_n31.qasm,large,Other,31,48,severity,trojan_H,0.6,0.76088,0.324208,1.0,1.0,0.75,0.0,0.257919,0.0051228,,,,
knn_n31.qasm,large,Other,31,48,severity,qubit_swap,0.1,0.937629,0.43369,1.0,0.518999,0.09434,1.0,0.157925,0.0039256,,,,
knn_n31.qasm,large,Other,31,48,severity,qubit_swap,0.3,0.860702,0.271601,1.0,0.863684,0.238095,1.0,0.2849,0.004621,,,,
knn_n31.qasm,large,Other,31,48,severity,qubit_swap,0.6,0.713525,0.303726,1.0,0.710267,0.333333,1.0,0.310134,0.0054319,,,,
knn_n31_transpiled.qasm,large,Other,31,427,severity,gate_deletion_1q,0.1,0.963752,0.523042,0.874031,0.586521,0.669789,0.0,0.066132,0.0311306,,,,
knn_n31_transpiled.qasm,large,Other,31,427,severity,gate_deletion_1q,0.3,0.87453,0.453213,0.893411,0.750851,0.704918,0.0,0.089942,0.0262517,,,,
knn_n31_transpiled.qasm,large,Other,31,427,severity,gate_deletion_1q,0.6,0.752155,0.369918,0.974806,0.87514,0.800937,0.0,0.173745,0.0205052,,,,
knn_n31_transpiled.qasm,large,Other,31,427,severity,gate_deletion_2q,0.1,0.932719,0.636649,0.639535,0.441673,0.444965,0.1,0.038423,0.098235,,,,
knn_n31_transpiled.qasm,large,Other,31,427,severity,gate_deletion_2q,0.3,0.814872,0.505963,0.775194,0.572757,0.543326,0.3,0.086273,0.0303677,,,,
knn_n31_transpiled.qasm,large,Other,31,427,severity,gate_deletion_2q,0.6,0.606746,0.417371,0.775194,0.63117,0.557377,0.6,0.139656,0.0280749,,,,
knn_n31_transpiled.qasm,large,Other,31,427,severity,gate_insertion,0.1,0.955522,0.494427,0.881783,0.645435,0.708511,0.0,0.057014,0.0359638,,,,
knn_n31_transpiled.qasm,large,Other,31,427,severity,gate_insertion,0.3,0.851944,0.342863,1.0,0.984503,0.76259,0.0,0.100435,0.0422413,,,,
knn_n31_transpiled.qasm,large,Other,31,427,severity,gate_insertion,0.6,0.748352,0.324238,1.0,1.0,0.814063,0.0,0.129496,0.0491406,,,,
knn_n31_transpiled.qasm,large,Other,31,427,severity,gate_substitution,0.1,1.0,0.983141,0.0,0.006682,0.0726,0.0,0.0,0.0321962,,,,
knn_n31_transpiled.qasm,large,Other,31,427,severity,gate_substitution,0.3,1.0,0.94998,0.0,0.019796,0.215457,0.0,0.0,0.0324917,,,,
knn_n31_transpiled.qasm,large,Other,31,427,severity,gate_substitution,0.6,1.0,0.899648,0.0,0.040485,0.430913,0.0,0.0,0.0323667,,,,
knn_n31_transpiled.qasm,large,Other,31,427,severity,gate_reorder,0.1,0.951931,0.637809,0.905039,0.589415,0.100703,0.0,0.0,0.0327469,,,,
knn_n31_transpiled.qasm,large,Other,31,427,severity,gate_reorder,0.3,0.916398,0.574511,0.920543,0.663253,0.276347,0.0,0.0,0.0329506,,,,
knn_n31_transpiled.qasm,large,Other,31,427,severity,gate_reorder,0.6,0.899678,0.546286,0.903101,0.669737,0.419204,0.0,0.0,0.0332466,,,,
knn_n31_transpiled.qasm,large,Other,31,427,severity,trojan_NOT,0.1,0.951342,0.471972,0.959302,0.711776,0.651064,0.0,0.047984,0.0359438,,,,
knn_n31_transpiled.qasm,large,Other,31,427,severity,trojan_NOT,0.3,0.858214,0.34021,1.0,0.973732,0.793165,0.0,0.103507,0.0429317,,,,
knn_n31_transpiled.qasm,large,Other,31,427,severity,trojan_NOT,0.6,0.767161,0.32607,1.0,1.0,0.8,0.0,0.1393,0.0488376,,,,
knn_n31_transpiled.qasm,large,Other,31,427,severity,trojan_H,0.1,0.949252,0.467342,0.95155,0.683358,0.725532,0.0,0.056437,0.0365406,,,,
knn_n31_transpiled.qasm,large,Other,31,427,severity,trojan_H,0.3,0.845674,0.362915,1.0,0.931037,0.760791,0.0,0.09064,0.0421812,,,,
knn_n31_transpiled.qasm,large,Other,31,427,severity,trojan_H,0.6,0.760891,0.324906,1.0,1.0,0.8125,0.0,0.125936,0.0479631,,,,
knn_n31_transpiled.qasm,large,Other,31,427,severity,qubit_swap,0.1,0.947146,0.637195,0.693798,0.460018,0.091489,0.358333,0.077649,0.0376662,,,,
knn_n31_transpiled.qasm,large,Other,31,427,severity,qubit_swap,0.3,0.822644,0.375557,0.982558,0.619058,0.232014,1.0,0.139857,0.0435671,,,,
knn_n31_transpiled.qasm,large,Other,31,427,severity,qubit_swap,0.6,0.716941,0.264427,1.0,0.858031,0.332813,1.0,0.186998,0.0507912,,,,
qugan_n39.qasm,large,Other,39,150,severity,gate_deletion_1q,0.1,0.981393,0.772211,0.821622,0.222155,0.113333,0.0,0.041248,0.0167171,,,,
qugan_n39.qasm,large,Other,39,150,severity,gate_deletion_1q,0.3,0.944163,0.597082,1.0,0.519382,0.313333,0.0,0.084679,0.0156212,,,,
qugan_n39.qasm,large,Other,39,150,severity,gate_deletion_1q,0.6,0.888342,0.526288,1.0,0.639983,0.446667,0.0,0.103846,0.0150009,,,,
qugan_n39.qasm,large,Other,39,150,severity,gate_deletion_2q,0.1,0.954266,0.645068,1.0,0.425147,0.126667,0.111111,0.08575,0.0167641,,,,
qugan_n39.qasm,large,Other,39,150,severity,gate_deletion_2q,0.3,0.869025,0.528371,1.0,0.536206,0.286667,0.305556,0.155128,0.0139951,,,,
qugan_n39.qasm,large,Other,39,150,severity,gate_deletion_2q,0.6,0.745101,0.352407,1.0,0.753875,0.433333,0.611111,0.248479,0.0105403,,,,
qugan_n39.qasm,large,Other,39,150,severity,gate_insertion,0.1,0.953444,0.600325,1.0,0.524466,0.290909,0.0,0.079301,0.0190069,,,,
qugan_n39.qasm,large,Other,39,150,severity,gate_insertion,0.3,0.839479,0.442694,1.0,0.825126,0.538462,0.0,0.108197,0.022314,,,,
qugan_n39.qasm,large,Other,39,150,severity,gate_insertion,0.6,0.746431,0.353622,1.0,1.0,0.657778,0.0,0.14822,0.0228522,,,,
qugan_n39.qasm,large,Other,39,150,severity,gate_substitution,0.1,1.0,0.993935,0.0,0.002092,0.026667,0.0,0.0,0.0185385,,,,
qugan_n39.qasm,large,Other,39,150,severity,gate_substitution,0.3,1.0,0.981817,0.0,0.006236,0.08,0.0,0.0,0.0179341,,,,
qugan_n39.qasm,large,Other,39,150,severity,gate_substitution,0.6,1.0,0.963822,0.0,0.011937,0.16,0.0,0.0,0.0192462,,,,
qugan_n39.qasm,large,Other,39,150,severity,gate_reorder,0.1,0.923252,0.66529,1.0,0.459172,0.12,0.0,0.0,0.0169679,,,,
qugan_n39.qasm,large,Other,39,150,severity,gate_reorder,0.3,0.937136,0.598872,1.0,0.565127,0.266667,0.0,0.0,0.0170028,,,,
qugan_n39.qasm,large,Other,39,150,severity,gate_reorder,0.6,0.895245,0.566764,1.0,0.569246,0.42,0.0,0.0,0.0165134,,,,
qugan_n39.qasm,large,Other,39,150,severity,trojan_NOT,0.1,0.946478,0.589747,1.0,0.560909,0.284848,0.0,0.06965,0.018924,,,,
qugan_n39.qasm,large,Other,39,150,severity,trojan_NOT,0.3,0.86037,0.425917,1.0,0.870789,0.538462,0.0,0.116141,0.021072,,,,
qugan_n39.qasm,large,Other,39,150,severity,trojan_NOT,0.6,0.753409,0.351123,1.0,1.0,0.675556,0.0,0.137658,0.0224469,,,,
qugan_n39.qasm,large,Other,39,150,severity,trojan_H,0.1,0.953444,0.619934,1.0,0.49512,0.248485,0.0,0.070769,0.0188472,,,,
qugan_n39.qasm,large,Other,39,150,severity,trojan_H,0.3,0.846445,0.436634,1.0,0.8419,0.538462,0.0,0.110088,0.0207024,,,,
qugan_n39.qasm,large,Other,39,150,severity,trojan_H,0.6,0.746431,0.352685,1.0,1.0,0.675556,0.0,0.122044,0.0229896,,,,
qugan_n39.qasm,large,Other,39,150,severity,qubit_swap,0.1,0.939544,0.766579,0.508108,0.249287,0.090909,0.208333,0.101061,0.0190734,,,,
qugan_n39.qasm,large,Other,39,150,severity,qubit_swap,0.3,0.82562,0.467553,0.972973,0.577476,0.230769,0.625,0.132308,0.022444,,,,
qugan_n39.qasm,large,Other,39,150,severity,qubit_swap,0.6,0.704756,0.291682,1.0,0.781776,0.333333,1.0,0.1803,0.0252809,,,,
qugan_n39_transpiled.qasm,large,Other,39,1055,severity,gate_deletion_1q,0.1,0.952997,0.579708,0.817835,0.456332,0.673934,0.0,0.031143,0.0858388,,,,
qugan_n39_transpiled.qasm,large,Other,39,1055,severity,gate_deletion_1q,0.3,0.857935,0.487339,0.867378,0.660886,0.727014,0.0,0.05841,0.0750361,,,,
qugan_n39_transpiled.qasm,large,Other,39,1055,severity,gate_deletion_1q,0.6,0.708473,0.375169,0.935213,0.879938,0.828436,0.0,0.108834,0.0593503,,,,
qugan_n39_transpiled.qasm,large,Other,39,1055,severity,gate_deletion_2q,0.1,0.948579,0.583208,0.783537,0.424263,0.63981,0.101351,0.025372,0.0871004,,,,
qugan_n39_transpiled.qasm,large,Other,39,1055,severity,gate_deletion_2q,0.3,0.834437,0.515402,0.76372,0.4639,0.709005,0.300676,0.057392,0.0836859,,,,
qugan_n39_transpiled.qasm,large,Other,39,1055,severity,gate_deletion_2q,0.6,0.630887,0.436285,0.733232,0.543242,0.672986,0.601351,0.08728,0.077489,,,,
qugan_n39_transpiled.qasm,large,Other,39,1055,severity,gate_insertion,0.1,0.952935,0.538582,0.896341,0.533188,0.679587,0.0,0.044332,0.0990421,,,,
qugan_n39_transpiled.qasm,large,Other,39,1055,severity,gate_insertion,0.3,0.853957,0.365191,1.0,0.90284,0.806851,0.0,0.074451,0.116947,,,,
qugan_n39_transpiled.qasm,large,Other,39,1055,severity,gate_insertion,0.6,0.759627,0.323468,1.0,1.0,0.845133,0.0,0.075053,0.1376732,,,,
qugan_n39_transpiled.qasm,large,Other,39,1055,severity,gate_substitution,0.1,1.0,0.983954,0.0,0.005765,0.070142,0.0,0.0,0.0870343,,,,
qugan_n39_transpiled.qasm,large,Other,39,1055,severity,gate_substitution,0.3,1.0,0.95227,0.0,0.016129,0.210427,0.0,0.0,0.0862837,,,,
qugan_n39_transpiled.qasm,large,Other,39,1055,severity,gate_substitution,0.6,1.0,0.904259,0.0,0.03306,0.420853,0.0,0.0,0.0845427,,,,
qugan_n39_transpiled.qasm,large,Other,39,1055,severity,gate_reorder,0.1,0.841739,0.68223,0.839177,0.475689,0.127014,0.0,0.0,0.0866445,,,,
qugan_n39_transpiled.qasm,large,Other,39,1055,severity,gate_reorder,0.3,0.932473,0.640269,0.852896,0.499785,0.28436,0.0,0.0,0.1573133,,,,
qugan_n39_transpiled.qasm,large,Other,39,1055,severity,gate_reorder,0.6,0.898711,0.576859,0.911585,0.554517,0.461611,0.0,0.0,0.0853552,,,,
qugan_n39_transpiled.qasm,large,Other,39,1055,severity,trojan_NOT,0.1,0.952935,0.544097,0.870427,0.521194,0.695952,0.0,0.037306,0.0974954,,,,
qugan_n39_transpiled.qasm,large,Other,39,1055,severity,trojan_NOT,0.3,0.855012,0.390098,1.0,0.853148,0.776968,0.0,0.059065,0.1166988,,,,
qugan_n39_transpiled.qasm,large,Other,39,1055,severity,trojan_NOT,0.6,0.756462,0.323149,1.0,1.0,0.843869,0.0,0.080771,0.1384442,,,,
qugan_n39_transpiled.qasm,large,Other,39,1055,severity,trojan_H,0.1,0.946605,0.548153,0.882622,0.512062,0.682171,0.0,0.037978,0.0987359,,,,
qugan_n39_transpiled.qasm,large,Other,39,1055,severity,trojan_H,0.3,0.855012,0.381363,1.0,0.862625,0.803936,0.0,0.059306,0.117646,,,,
qugan_n39_transpiled.qasm,large,Other,39,1055,severity,trojan_H,0.6,0.754352,0.325493,1.0,1.0,0.836283,0.0,0.072508,0.1379504,,,,
qugan_n39_transpiled.qasm,large,Other,39,1055,severity,qubit_swap,0.1,0.936047,0.762159,0.416159,0.229958,0.091301,0.358108,0.050505,0.0998765,,,,
qugan_n39_transpiled.qasm,large,Other,39,1055,severity,qubit_swap,0.3,0.823344,0.43466,0.878049,0.511704,0.23105,1.0,0.08326,0.122071,,,,
qugan_n39_transpiled.qasm,large,Other,39,1055,severity,qubit_swap,0.6,0.678362,0.337322,1.0,0.664908,0.333123,1.0,0.133356,0.1424964,,,,
wstate_n36.qasm,large,State Prep,36,178,severity,gate_deletion_1q,0.1,0.962639,0.589905,1.0,0.466519,0.455056,0.0,0.058018,0.0123218,,,,
wstate_n36.qasm,large,State Prep,36,178,severity,gate_deletion_1q,0.3,0.887899,0.428078,1.0,0.797859,0.679775,0.0,0.067166,0.0111084,,,,
wstate_n36.qasm,large,State Prep,36,178,severity,gate_deletion_1q,0.6,0.76644,0.404013,1.0,0.748481,0.859551,0.0,0.121081,0.0089972,,,,
wstate_n36.qasm,large,State Prep,36,178,severity,gate_deletion_2q,0.1,0.808711,0.488645,1.0,0.712299,0.426966,0.1,0.066573,0.0126799,,,,
wstate_n36.qasm,large,State Prep,36,178,severity,gate_deletion_2q,0.3,0.650262,0.388275,1.0,0.833958,0.488764,0.3,0.120874,0.013102,,,,
wstate_n36.qasm,large,State Prep,36,178,severity,gate_deletion_2q,0.6,0.486762,0.302466,1.0,0.789404,0.691011,0.6,0.130405,0.0106089,,,,
wstate_n36.qasm,large,State Prep,36,178,severity,gate_insertion,0.1,0.950162,0.535725,1.0,0.595086,0.494898,0.0,0.070155,0.0141865,,,,
wstate_n36.qasm,large,State Prep,36,178,severity,gate_insertion,0.3,0.846631,0.393774,1.0,0.84436,0.75431,0.0,0.098374,0.0167612,,,,
wstate_n36.qasm,large,State Prep,36,178,severity,gate_insertion,0.6,0.772687,0.319673,1.0,1.0,0.838951,0.0,0.125366,0.018556,,,,
wstate_n36.qasm,large,State Prep,36,178,severity,gate_substitution,0.1,1.0,0.989482,0.0,0.004369,0.044944,0.0,0.0,0.0173057,,,,
wstate_n36.qasm,large,State Prep,36,178,severity,gate_substitution,0.3,1.0,0.971186,0.0,0.0117,0.123596,0.0,0.0,0.0129771,,,,
wstate_n36.qasm,large,State Prep,36,178,severity,gate_substitution,0.6,1.0,0.943676,0.0,0.022884,0.241573,0.0,0.0,0.0140299,,,,
wstate_n36.qasm,large,State Prep,36,178,severity,gate_reorder,0.1,0.806629,0.612336,0.95122,0.600427,0.174157,0.0,0.0,0.0129385,,,,
wstate_n36.qasm,large,State Prep,36,178,severity,gate_reorder,0.3,0.787186,0.506504,1.0,0.77275,0.365169,0.0,0.0,0.0128146,,,,
wstate_n36.qasm,large,State Prep,36,178,severity,gate_reorder,0.6,0.76586,0.466035,1.0,0.776015,0.561798,0.0,0.0,0.0135858,,,,
wstate_n36.qasm,large,State Prep,36,178,severity,trojan_NOT,0.1,0.950162,0.509831,1.0,0.669431,0.494898,0.0,0.068887,0.0143287,,,,
wstate_n36.qasm,large,State Prep,36,178,severity,trojan_NOT,0.3,0.866075,0.347053,1.0,0.931783,0.827586,0.0,0.113053,0.0164052,,,,
wstate_n36.qasm,large,State Prep,36,178,severity,trojan_NOT,0.6,0.76491,0.318845,1.0,1.0,0.853933,0.0,0.103689,0.0194894,,,,
wstate_n36.qasm,large,State Prep,36,178,severity,trojan_H,0.1,0.95405,0.595748,1.0,0.484816,0.387755,0.0,0.070155,0.0144221,,,,
wstate_n36.qasm,large,State Prep,36,178,severity,trojan_H,0.3,0.858297,0.348996,1.0,0.927803,0.823276,0.0,0.116178,0.0164551,,,,
wstate_n36.qasm,large,State Prep,36,178,severity,trojan_H,0.6,0.772687,0.323449,1.0,1.0,0.835206,0.0,0.095102,0.0183979,,,,
wstate_n36.qasm,large,State Prep,36,178,severity,qubit_swap,0.1,0.942433,0.816334,0.219512,0.213182,0.091837,0.257143,0.063294,0.0142366,,,,
wstate_n36.qasm,large,State Prep,36,178,severity,qubit_swap,0.3,0.827316,0.561965,0.49187,0.422707,0.232759,0.771429,0.1547,0.0167144,,,,
wstate_n36.qasm,large,State Prep,36,178,severity,qubit_swap,0.6,0.722312,0.369583,0.796748,0.655951,0.333333,1.0,0.146555,0.0205165,,,,
wstate_n36_transpiled.qasm,large,State Prep,36,318,severity,gate_deletion_1q,0.1,0.944878,0.563848,0.888601,0.48879,0.628931,0.0,0.059993,0.0210965,,,,
wstate_n36_transpiled.qasm,large,State Prep,36,318,severity,gate_deletion_1q,0.3,0.832621,0.476149,0.992228,0.658339,0.663522,0.0,0.118937,0.0175791,,,,
wstate_n36_transpiled.qasm,large,State Prep,36,318,severity,gate_deletion_1q,0.6,0.666527,0.39741,1.0,0.787022,0.811321,0.0,0.148677,0.0144174,,,,
wstate_n36_transpiled.qasm,large,State Prep,36,318,severity,gate_deletion_2q,0.1,0.825382,0.581026,0.857513,0.591292,0.292453,0.1,0.049038,0.0213617,,,,
wstate_n36_transpiled.qasm,large,State Prep,36,318,severity,gate_deletion_2q,0.3,0.679843,0.464576,0.854922,0.760402,0.371069,0.3,0.068316,0.0207042,,,,
wstate_n36_transpiled.qasm,large,State Prep,36,318,severity,gate_deletion_2q,0.6,0.527389,0.373323,0.854922,0.7398,0.556604,0.6,0.081885,0.0195278,,,,
wstate_n36_transpiled.qasm,large,State Prep,36,318,severity,gate_insertion,0.1,0.955526,0.569239,0.994819,0.448366,0.594286,0.0,0.057527,0.0246718,,,,
wstate_n36_transpiled.qasm,large,State Prep,36,318,severity,gate_insertion,0.3,0.868584,0.367557,1.0,0.905535,0.780193,0.0,0.094672,0.0315834,,,,
wstate_n36_transpiled.qasm,large,State Prep,36,318,severity,gate_insertion,0.6,0.770746,0.324034,1.0,1.0,0.81761,0.0,0.124442,0.0344714,,,,
wstate_n36_transpiled.qasm,large,State Prep,36,318,severity,gate_substitution,0.1,1.0,0.983535,0.0,0.00751,0.069182,0.0,0.0,0.0221829,,,,
wstate_n36_transpiled.qasm,large,State Prep,36,318,severity,gate_substitution,0.3,1.0,0.952119,0.0,0.021798,0.201258,0.0,0.0,0.0227635,,,,
wstate_n36_transpiled.qasm,large,State Prep,36,318,severity,gate_substitution,0.6,1.0,0.90529,0.0,0.042389,0.399371,0.0,0.0,0.0217151,,,,
wstate_n36_transpiled.qasm,large,State Prep,36,318,severity,gate_reorder,0.1,0.833379,0.637712,0.668394,0.664197,0.147799,0.0,0.0,0.0224656,,,,
wstate_n36_transpiled.qasm,large,State Prep,36,318,severity,gate_reorder,0.3,0.770734,0.652547,0.810881,0.469103,0.308176,0.0,0.0,0.0222267,,,,
wstate_n36_transpiled.qasm,large,State Prep,36,318,severity,gate_reorder,0.6,0.753055,0.617622,0.84715,0.445527,0.496855,0.0,0.0,0.0222608,,,,
wstate_n36_transpiled.qasm,large,State Prep,36,318,severity,trojan_NOT,0.1,0.953531,0.506023,0.948187,0.585279,0.708571,0.0,0.051874,0.0255785,,,,
wstate_n36_transpiled.qasm,large,State Prep,36,318,severity,trojan_NOT,0.3,0.862601,0.384756,1.0,0.866666,0.763285,0.0,0.09254,0.0296802,,,,
wstate_n36_transpiled.qasm,large,State Prep,36,318,severity,trojan_NOT,0.6,0.773009,0.324653,1.0,1.0,0.821803,0.0,0.109868,0.0344843,,,,
wstate_n36_transpiled.qasm,large,State Prep,36,318,severity,trojan_H,0.1,0.951537,0.518345,0.979275,0.575284,0.637143,0.0,0.059855,0.0251241,,,,
wstate_n36_transpiled.qasm,large,State Prep,36,318,severity,trojan_H,0.3,0.86659,0.398489,1.0,0.832095,0.748792,0.0,0.105194,0.0303281,,,,
wstate_n36_transpiled.qasm,large,State Prep,36,318,severity,trojan_H,0.6,0.773009,0.319773,1.0,1.0,0.840671,0.0,0.120933,0.0342813,,,,
wstate_n36_transpiled.qasm,large,State Prep,36,318,severity,qubit_swap,0.1,0.943555,0.795563,0.194301,0.16523,0.091429,0.457143,0.077475,0.0247253,,,,
wstate_n36_transpiled.qasm,large,State Prep,36,318,severity,qubit_swap,0.3,0.832674,0.516868,0.536269,0.416024,0.231884,1.0,0.107063,0.0316391,,,,
wstate_n36_transpiled.qasm,large,State Prep,36,318,severity,qubit_swap,0.6,0.733106,0.377826,0.867876,0.612216,0.333333,1.0,0.110508,0.0352298,,,,
